timestamp,username,location,tweet_text
2026-08-07 14:23:53,@user8606,Industrial District,Traffic is terrible around Industrial District today. Ugh.
2026-08-07 14:24:23,@user9817,Suburbs,Small electrical fire started at the bakery in Suburbs. Needs putting out.
2026-08-07 14:24:40,@user1113,Central Park,Small electrical fire started at the bakery in Central Park. Needs putting out.
2026-08-07 14:24:47,@user4622,Southside,Just got the best coffee in Southside. What a beautiful day!
2026-08-07 14:25:21,@user5455,Downtown,Terrible multi-car crash at Downtown. At least 3 people look badly injured. Send ambulances! #accident
2026-08-07 14:25:42,@user7498,Downtown,Traffic is terrible around Downtown today. Ugh.
2026-08-07 14:26:19,@user6846,Southside,Smell smoke coming from the apartment complex on Southside. Fire alarms are going off!
2026-08-07 14:26:27,@user3619,Main Street,"Explosion heard near Main Street, now there's a massive fire! People are running."
2026-08-07 14:27:13,@user3605,Downtown,Just got the best coffee in Downtown. What a beautiful day!
2026-08-07 14:27:16,@user8132,Industrial District,Roof collapsed at the construction site in Industrial District. Multiple workers trapped and injured.
2026-08-07 14:28:01,@user6608,Old Town,Is something burning in Old Town? Thick black smoke in the sky.
2026-08-07 14:28:46,@user1760,Main Street,Brush fire spreading fast near Main Street due to the high winds. @FireDept
2026-08-07 14:29:41,@user3008,Route 66,Anyone know why the power is out in Route 66?
2026-08-07 14:30:33,@user1608,Main Street,Major explosion at Main Street factory! Massive fire and many people injured. We need fire and medical now!
2026-08-07 14:31:32,@user6639,Central Park,Small electrical fire started at the bakery in Central Park. Needs putting out.
2026-08-07 14:31:33,@user7364,North Hills,Brush fire spreading fast near North Hills due to the high winds. @FireDept
2026-08-07 14:31:37,@user7036,Suburbs,Roof collapsed at the construction site in Suburbs. Multiple workers trapped and injured.
2026-08-07 14:32:15,@user6702,Route 66,Is something burning in Route 66? Thick black smoke in the sky.
2026-08-07 14:32:37,@user7179,Westside,Terrible multi-car crash at Westside. At least 3 people look badly injured. Send ambulances! #accident
2026-08-07 14:32:43,@user1826,Central Park,Just got the best coffee in Central Park. What a beautiful day!
2026-08-07 14:33:17,@user5097,North Hills,Is something burning in North Hills? Thick black smoke in the sky.
2026-08-07 14:33:23,@user3024,North Hills,"Lost dog found near North Hills, please share!"
2026-08-07 14:34:23,@user3596,Westside,Major explosion at Westside factory! Massive fire and many people injured. We need fire and medical now!
2026-08-07 14:35:03,@user1161,Downtown,Anyone know why the power is out in Downtown?
2026-08-07 14:35:42,@user8779,Route 66,"Heart attack suspected at the gym in Route 66. CPR in progress, where is the ambulance?!"
2026-08-07 14:35:52,@user2503,Industrial District,Building collapse in Industrial District due to the fire. Paramedics and Firefighters needed immediately.
2026-08-07 14:36:41,@user6471,Suburbs,Cyclist hit by a truck at the intersection of Suburbs. Looks really bad. @Medical
2026-08-07 14:37:32,@user9067,Industrial District,Smell smoke coming from the apartment complex on Industrial District. Fire alarms are going off!
2026-08-07 14:37:45,@user5271,Southside,"Explosion heard near Southside, now there's a massive fire! People are running."
2026-08-07 14:38:27,@user4944,Downtown,Huge flames seen at the Downtown warehouse! Looks like a 3-alarm fire. #fire #emergency
2026-08-07 14:38:30,@user5176,Main Street,Massive food poisoning outbreak at the festival in Main Street. Dozens of people need hospitalization.
2026-08-07 14:38:56,@user3898,Southside,Anyone know why the power is out in Southside?
2026-08-07 14:39:08,@user6183,Industrial District,Just got the best coffee in Industrial District. What a beautiful day!
2026-08-07 14:39:34,@user1765,North Hills,"Someone collapsed on the sidewalk in North Hills, they aren't breathing! Need a medic ASAP."
2026-08-07 14:39:53,@user3528,Suburbs,Anyone know why the power is out in Suburbs?
2026-08-07 14:40:32,@user8849,Central Park,Traffic is terrible around Central Park today. Ugh.
2026-08-07 14:41:12,@user3869,Westside,"Someone collapsed on the sidewalk in Westside, they aren't breathing! Need a medic ASAP."
2026-08-07 14:42:11,@user6598,Downtown,Huge flames seen at the Downtown warehouse! Looks like a 3-alarm fire. #fire #emergency
2026-08-07 14:42:20,@user5827,Downtown,"Car on fire on Downtown, traffic is completely stopped. Send firetrucks!"
2026-08-07 14:43:17,@user3636,Suburbs,"Heart attack suspected at the gym in Suburbs. CPR in progress, where is the ambulance?!"
2026-08-07 14:43:55,@user8047,Westside,Major explosion at Westside factory! Massive fire and many people injured. We need fire and medical now!
2026-08-07 14:44:11,@user1965,Old Town,Anyone know why the power is out in Old Town?
2026-08-07 14:44:27,@user6684,Industrial District,Brush fire spreading fast near Industrial District due to the high winds. @FireDept
2026-08-07 14:44:54,@user1464,Main Street,Just got the best coffee in Main Street. What a beautiful day!
2026-08-07 14:45:20,@user5717,Main Street,Just got the best coffee in Main Street. What a beautiful day!
2026-08-07 14:45:21,@user8354,Industrial District,Smell smoke coming from the apartment complex on Industrial District. Fire alarms are going off!
2026-08-07 14:46:04,@user7638,Westside,Small electrical fire started at the bakery in Westside. Needs putting out.
2026-08-07 14:46:17,@user8773,Central Park,Building collapse in Central Park due to the fire. Paramedics and Firefighters needed immediately.
2026-08-07 14:46:51,@user6552,Central Park,Massive food poisoning outbreak at the festival in Central Park. Dozens of people need hospitalization.
2026-08-07 14:47:11,@user5295,Downtown,"Car on fire on Downtown, traffic is completely stopped. Send firetrucks!"
2026-08-07 14:47:25,@user5159,Southside,Anyone know why the power is out in Southside?
2026-08-07 14:48:05,@user8048,Downtown,Pedestrian struck by a speeding car in Downtown. Needs immediate medical attention!
2026-08-07 14:48:51,@user8222,Downtown,Roof collapsed at the construction site in Downtown. Multiple workers trapped and injured.
2026-08-07 14:48:57,@user4090,Central Park,Building collapse in Central Park due to the fire. Paramedics and Firefighters needed immediately.
2026-08-07 14:49:06,@user2915,North Hills,Anyone know why the power is out in North Hills?
2026-08-07 14:49:26,@user3202,Westside,Traffic is terrible around Westside today. Ugh.
2026-08-07 14:49:37,@user9760,Westside,Smell smoke coming from the apartment complex on Westside. Fire alarms are going off!
2026-08-07 14:50:06,@user9281,Downtown,"Explosion heard near Downtown, now there's a massive fire! People are running."
2026-08-07 14:50:55,@user5305,North Hills,Just got the best coffee in North Hills. What a beautiful day!
2026-08-07 14:51:44,@user9291,Suburbs,"Car on fire on Suburbs, traffic is completely stopped. Send firetrucks!"
2026-08-07 14:52:17,@user7751,Route 66,"Explosion heard near Route 66, now there's a massive fire! People are running."
2026-08-07 14:52:34,@user4323,Central Park,Roof collapsed at the construction site in Central Park. Multiple workers trapped and injured.
2026-08-07 14:53:13,@user5985,Westside,Anyone know why the power is out in Westside?
2026-08-07 14:54:08,@user8158,Main Street,Building collapse in Main Street due to the fire. Paramedics and Firefighters needed immediately.
2026-08-07 14:54:19,@user6039,Southside,Just got the best coffee in Southside. What a beautiful day!
2026-08-07 14:55:03,@user6119,Main Street,Massive food poisoning outbreak at the festival in Main Street. Dozens of people need hospitalization.
2026-08-07 14:55:44,@user6065,Main Street,"Explosion heard near Main Street, now there's a massive fire! People are running."
2026-08-07 14:56:14,@user2097,Central Park,"Lost dog found near Central Park, please share!"
2026-08-07 14:57:05,@user1368,Old Town,Terrible multi-car crash at Old Town. At least 3 people look badly injured. Send ambulances! #accident
2026-08-07 14:57:19,@user2422,Main Street,"Explosion heard near Main Street, now there's a massive fire! People are running."
2026-08-07 14:57:37,@user5642,Old Town,"Lost dog found near Old Town, please share!"
2026-08-07 14:58:22,@user9817,Suburbs,Roof collapsed at the construction site in Suburbs. Multiple workers trapped and injured.
2026-08-07 14:59:04,@user3409,Main Street,Terrible multi-car crash at Main Street. At least 3 people look badly injured. Send ambulances! #accident
2026-08-07 14:59:24,@user2283,Industrial District,Massive food poisoning outbreak at the festival in Industrial District. Dozens of people need hospitalization.
2026-08-07 14:59:46,@user2621,Suburbs,Cyclist hit by a truck at the intersection of Suburbs. Looks really bad. @Medical
2026-08-07 15:00:43,@user3919,Route 66,Massive food poisoning outbreak at the festival in Route 66. Dozens of people need hospitalization.
2026-08-07 15:01:35,@user2632,Main Street,Small electrical fire started at the bakery in Main Street. Needs putting out.
2026-08-07 15:02:17,@user6435,Downtown,Brush fire spreading fast near Downtown due to the high winds. @FireDept
2026-08-07 15:03:14,@user7934,Westside,"Car on fire on Westside, traffic is completely stopped. Send firetrucks!"
2026-08-07 15:04:08,@user4701,Industrial District,Anyone know why the power is out in Industrial District?
2026-08-07 15:05:05,@user9113,Downtown,Roof collapsed at the construction site in Downtown. Multiple workers trapped and injured.
2026-08-07 15:05:47,@user4861,North Hills,Anyone know why the power is out in North Hills?
2026-08-07 15:06:15,@user4358,Central Park,Anyone know why the power is out in Central Park?
2026-08-07 15:06:35,@user8050,Suburbs,Small electrical fire started at the bakery in Suburbs. Needs putting out.
2026-08-07 15:06:59,@user7522,Route 66,"Car on fire on Route 66, traffic is completely stopped. Send firetrucks!"
2026-08-07 15:07:41,@user5818,Southside,"Heart attack suspected at the gym in Southside. CPR in progress, where is the ambulance?!"
2026-08-07 15:08:13,@user9847,Main Street,Cyclist hit by a truck at the intersection of Main Street. Looks really bad. @Medical
2026-08-07 15:08:31,@user5573,Old Town,Cyclist hit by a truck at the intersection of Old Town. Looks really bad. @Medical
2026-08-07 15:09:12,@user8148,Main Street,Building collapse in Main Street due to the fire. Paramedics and Firefighters needed immediately.
2026-08-07 15:09:17,@user1011,Downtown,Roof collapsed at the construction site in Downtown. Multiple workers trapped and injured.
2026-08-07 15:09:59,@user8147,Downtown,Traffic is terrible around Downtown today. Ugh.
2026-08-07 15:10:14,@user4125,Main Street,"Explosion heard near Main Street, now there's a massive fire! People are running."
2026-08-07 15:11:08,@user5801,Southside,"Car on fire on Southside, traffic is completely stopped. Send firetrucks!"
2026-08-07 15:11:20,@user5525,Route 66,Pedestrian struck by a speeding car in Route 66. Needs immediate medical attention!
2026-08-07 15:12:16,@user3281,Industrial District,Brush fire spreading fast near Industrial District due to the high winds. @FireDept
2026-08-07 15:12:23,@user8885,Suburbs,"Car on fire on Suburbs, traffic is completely stopped. Send firetrucks!"
2026-08-07 15:12:48,@user6076,Route 66,Just got the best coffee in Route 66. What a beautiful day!
2026-08-07 15:13:29,@user7527,Route 66,Brush fire spreading fast near Route 66 due to the high winds. @FireDept
2026-08-07 15:13:57,@user8261,Suburbs,Massive food poisoning outbreak at the festival in Suburbs. Dozens of people need hospitalization.
2026-08-07 15:13:58,@user7024,Southside,"Explosion heard near Southside, now there's a massive fire! People are running."
2026-08-07 15:14:04,@user3175,Old Town,"Someone collapsed on the sidewalk in Old Town, they aren't breathing! Need a medic ASAP."
2026-08-07 15:15:04,@user8972,Central Park,Massive food poisoning outbreak at the festival in Central Park. Dozens of people need hospitalization.
2026-08-07 15:15:45,@user1701,North Hills,Anyone know why the power is out in North Hills?
2026-08-07 15:16:22,@user2053,Southside,Smell smoke coming from the apartment complex on Southside. Fire alarms are going off!
2026-08-07 15:16:39,@user2650,Downtown,Anyone know why the power is out in Downtown?
2026-08-07 15:16:56,@user6539,Main Street,Huge flames seen at the Main Street warehouse! Looks like a 3-alarm fire. #fire #emergency
2026-08-07 15:17:53,@user9083,Route 66,Roof collapsed at the construction site in Route 66. Multiple workers trapped and injured.
2026-08-07 15:18:02,@user1998,Main Street,Traffic is terrible around Main Street today. Ugh.
2026-08-07 15:18:56,@user7439,North Hills,"Lost dog found near North Hills, please share!"
2026-08-07 15:19:38,@user2233,Southside,Small electrical fire started at the bakery in Southside. Needs putting out.
2026-08-07 15:20:18,@user5021,Industrial District,Is something burning in Industrial District? Thick black smoke in the sky.
2026-08-07 15:21:11,@user1606,Old Town,Is something burning in Old Town? Thick black smoke in the sky.
2026-08-07 15:21:12,@user8415,Southside,Major explosion at Southside factory! Massive fire and many people injured. We need fire and medical now!
2026-08-07 15:22:04,@user8835,Old Town,Anyone know why the power is out in Old Town?
2026-08-07 15:22:59,@user3277,Westside,Major explosion at Westside factory! Massive fire and many people injured. We need fire and medical now!
2026-08-07 15:23:37,@user8988,Westside,Terrible multi-car crash at Westside. At least 3 people look badly injured. Send ambulances! #accident
2026-08-07 15:24:19,@user4889,Suburbs,"Someone collapsed on the sidewalk in Suburbs, they aren't breathing! Need a medic ASAP."
2026-08-07 15:25:12,@user6066,Southside,Just got the best coffee in Southside. What a beautiful day!
2026-08-07 15:25:16,@user4275,Industrial District,Anyone know why the power is out in Industrial District?
2026-08-07 15:26:12,@user7785,Main Street,Pedestrian struck by a speeding car in Main Street. Needs immediate medical attention!
2026-08-07 15:26:54,@user2759,Old Town,"Car on fire on Old Town, traffic is completely stopped. Send firetrucks!"
2026-08-07 15:27:32,@user7656,Westside,Brush fire spreading fast near Westside due to the high winds. @FireDept
2026-08-07 15:27:35,@user3763,Industrial District,Terrible multi-car crash at Industrial District. At least 3 people look badly injured. Send ambulances! #accident
2026-08-07 15:28:27,@user1715,Downtown,Traffic is terrible around Downtown today. Ugh.
2026-08-07 15:29:19,@user3453,Southside,"Car on fire on Southside, traffic is completely stopped. Send firetrucks!"
2026-08-07 15:29:24,@user8735,Downtown,"Explosion heard near Downtown, now there's a massive fire! People are running."
2026-08-07 15:30:24,@user5871,Southside,"Heart attack suspected at the gym in Southside. CPR in progress, where is the ambulance?!"
2026-08-07 15:30:55,@user4796,Route 66,"Someone collapsed on the sidewalk in Route 66, they aren't breathing! Need a medic ASAP."
2026-08-07 15:31:19,@user4841,Route 66,Traffic is terrible around Route 66 today. Ugh.
2026-08-07 15:31:41,@user1885,Industrial District,Traffic is terrible around Industrial District today. Ugh.
2026-08-07 15:31:42,@user5706,Industrial District,Anyone know why the power is out in Industrial District?
2026-08-07 15:32:30,@user4998,Westside,Pedestrian struck by a speeding car in Westside. Needs immediate medical attention!
2026-08-07 15:33:09,@user3219,North Hills,"Explosion heard near North Hills, now there's a massive fire! People are running."
2026-08-07 15:33:39,@user4189,Central Park,Smell smoke coming from the apartment complex on Central Park. Fire alarms are going off!
2026-08-07 15:34:27,@user6346,Downtown,Massive food poisoning outbreak at the festival in Downtown. Dozens of people need hospitalization.
2026-08-07 15:34:38,@user1781,Main Street,Just got the best coffee in Main Street. What a beautiful day!
2026-08-07 15:34:44,@user6420,Main Street,Brush fire spreading fast near Main Street due to the high winds. @FireDept
2026-08-07 15:35:41,@user4425,Suburbs,Major explosion at Suburbs factory! Massive fire and many people injured. We need fire and medical now!
2026-08-07 15:36:21,@user7350,Route 66,Major explosion at Route 66 factory! Massive fire and many people injured. We need fire and medical now!
2026-08-07 15:37:08,@user3216,Main Street,Terrible multi-car crash at Main Street. At least 3 people look badly injured. Send ambulances! #accident
2026-08-07 15:37:19,@user2139,Old Town,"Car on fire on Old Town, traffic is completely stopped. Send firetrucks!"
2026-08-07 15:38:06,@user9553,Industrial District,Is something burning in Industrial District? Thick black smoke in the sky.
2026-08-07 15:39:04,@user9213,Suburbs,Huge flames seen at the Suburbs warehouse! Looks like a 3-alarm fire. #fire #emergency
2026-08-07 15:39:24,@user4104,Suburbs,Brush fire spreading fast near Suburbs due to the high winds. @FireDept
2026-08-07 15:39:34,@user8831,Suburbs,"Explosion heard near Suburbs, now there's a massive fire! People are running."
2026-08-07 15:40:30,@user7890,Suburbs,"Heart attack suspected at the gym in Suburbs. CPR in progress, where is the ambulance?!"
2026-08-07 15:40:34,@user4310,North Hills,"Someone collapsed on the sidewalk in North Hills, they aren't breathing! Need a medic ASAP."
2026-08-07 15:40:35,@user8057,Southside,Smell smoke coming from the apartment complex on Southside. Fire alarms are going off!
2026-08-07 15:40:41,@user2663,North Hills,Smell smoke coming from the apartment complex on North Hills. Fire alarms are going off!
2026-08-07 15:41:08,@user8482,Main Street,Just got the best coffee in Main Street. What a beautiful day!
2026-08-07 15:41:15,@user9716,Industrial District,Roof collapsed at the construction site in Industrial District. Multiple workers trapped and injured.
2026-08-07 15:42:14,@user4909,Main Street,Roof collapsed at the construction site in Main Street. Multiple workers trapped and injured.
2026-08-07 15:42:50,@user4004,Central Park,Huge flames seen at the Central Park warehouse! Looks like a 3-alarm fire. #fire #emergency
2026-08-07 15:43:00,@user5849,Southside,Just got the best coffee in Southside. What a beautiful day!
2026-08-07 15:43:39,@user7362,Central Park,Just got the best coffee in Central Park. What a beautiful day!
2026-08-07 15:43:56,@user3415,North Hills,Building collapse in North Hills due to the fire. Paramedics and Firefighters needed immediately.
2026-08-07 15:44:39,@user8857,Old Town,"Explosion heard near Old Town, now there's a massive fire! People are running."
2026-08-07 15:45:00,@user2721,Old Town,Is something burning in Old Town? Thick black smoke in the sky.
2026-08-07 15:45:06,@user4591,Main Street,Major explosion at Main Street factory! Massive fire and many people injured. We need fire and medical now!
2026-08-07 15:45:43,@user7744,Downtown,Building collapse in Downtown due to the fire. Paramedics and Firefighters needed immediately.
2026-08-07 15:45:55,@user3592,Industrial District,Roof collapsed at the construction site in Industrial District. Multiple workers trapped and injured.
2026-08-07 15:46:31,@user4060,Southside,Traffic is terrible around Southside today. Ugh.
2026-08-07 15:46:55,@user3132,Industrial District,Building collapse in Industrial District due to the fire. Paramedics and Firefighters needed immediately.
2026-08-07 15:47:06,@user8069,Old Town,Building collapse in Old Town due to the fire. Paramedics and Firefighters needed immediately.
2026-08-07 15:48:00,@user5149,Suburbs,Small electrical fire started at the bakery in Suburbs. Needs putting out.
2026-08-07 15:48:29,@user5871,North Hills,Small electrical fire started at the bakery in North Hills. Needs putting out.
2026-08-07 15:48:43,@user8296,Main Street,Smell smoke coming from the apartment complex on Main Street. Fire alarms are going off!
2026-08-07 15:49:01,@user1938,Westside,Pedestrian struck by a speeding car in Westside. Needs immediate medical attention!
2026-08-07 15:49:29,@user3663,Industrial District,Roof collapsed at the construction site in Industrial District. Multiple workers trapped and injured.
2026-08-07 15:49:56,@user7545,Central Park,Small electrical fire started at the bakery in Central Park. Needs putting out.
2026-08-07 15:50:15,@user2649,Route 66,Building collapse in Route 66 due to the fire. Paramedics and Firefighters needed immediately.
2026-08-07 15:50:21,@user2803,Downtown,"Heart attack suspected at the gym in Downtown. CPR in progress, where is the ambulance?!"
2026-08-07 15:50:33,@user7208,Southside,"Heart attack suspected at the gym in Southside. CPR in progress, where is the ambulance?!"
2026-08-07 15:50:58,@user2236,Southside,Terrible multi-car crash at Southside. At least 3 people look badly injured. Send ambulances! #accident
2026-08-07 15:51:45,@user4464,Old Town,Building collapse in Old Town due to the fire. Paramedics and Firefighters needed immediately.
2026-08-07 15:51:51,@user7229,Westside,Brush fire spreading fast near Westside due to the high winds. @FireDept
2026-08-07 15:52:51,@user5791,Downtown,Just got the best coffee in Downtown. What a beautiful day!
2026-08-07 15:53:40,@user5753,Westside,Anyone know why the power is out in Westside?
2026-08-07 15:54:03,@user6010,Suburbs,Just got the best coffee in Suburbs. What a beautiful day!
2026-08-07 15:54:57,@user4711,Main Street,Pedestrian struck by a speeding car in Main Street. Needs immediate medical attention!
2026-08-07 15:55:39,@user7066,North Hills,Massive food poisoning outbreak at the festival in North Hills. Dozens of people need hospitalization.
2026-08-07 15:56:10,@user5587,Southside,Cyclist hit by a truck at the intersection of Southside. Looks really bad. @Medical
2026-08-07 15:56:16,@user9213,Southside,Traffic is terrible around Southside today. Ugh.
2026-08-07 15:56:52,@user9936,Suburbs,Pedestrian struck by a speeding car in Suburbs. Needs immediate medical attention!
2026-08-07 15:57:34,@user3288,Main Street,"Explosion heard near Main Street, now there's a massive fire! People are running."
2026-08-07 15:58:32,@user7868,North Hills,"Heart attack suspected at the gym in North Hills. CPR in progress, where is the ambulance?!"
2026-08-07 15:59:04,@user1283,Industrial District,Just got the best coffee in Industrial District. What a beautiful day!
2026-08-07 15:59:43,@user2614,Suburbs,"Explosion heard near Suburbs, now there's a massive fire! People are running."
2026-08-07 16:00:26,@user5507,Route 66,Smell smoke coming from the apartment complex on Route 66. Fire alarms are going off!
2026-08-07 16:01:19,@user4016,Southside,Small electrical fire started at the bakery in Southside. Needs putting out.
2026-08-07 16:01:40,@user2117,Old Town,Small electrical fire started at the bakery in Old Town. Needs putting out.
2026-08-07 16:02:04,@user8225,Industrial District,Cyclist hit by a truck at the intersection of Industrial District. Looks really bad. @Medical
2026-08-07 16:02:21,@user4427,Route 66,Terrible multi-car crash at Route 66. At least 3 people look badly injured. Send ambulances! #accident
2026-08-07 16:03:07,@user7928,Central Park,"Lost dog found near Central Park, please share!"
2026-08-07 16:03:46,@user4144,Southside,Smell smoke coming from the apartment complex on Southside. Fire alarms are going off!
2026-08-07 16:04:17,@user1545,Old Town,Smell smoke coming from the apartment complex on Old Town. Fire alarms are going off!
2026-08-07 16:04:34,@user9608,Route 66,Smell smoke coming from the apartment complex on Route 66. Fire alarms are going off!
2026-08-07 16:05:07,@user9296,Route 66,Building collapse in Route 66 due to the fire. Paramedics and Firefighters needed immediately.
2026-08-07 16:05:44,@user6350,Downtown,"Explosion heard near Downtown, now there's a massive fire! People are running."
2026-08-07 16:06:04,@user3092,Route 66,Cyclist hit by a truck at the intersection of Route 66. Looks really bad. @Medical
2026-08-07 16:06:54,@user2060,Suburbs,Pedestrian struck by a speeding car in Suburbs. Needs immediate medical attention!
2026-08-07 16:07:29,@user1689,North Hills,"Heart attack suspected at the gym in North Hills. CPR in progress, where is the ambulance?!"
2026-08-07 16:08:03,@user1514,Southside,Smell smoke coming from the apartment complex on Southside. Fire alarms are going off!
2026-08-07 16:08:45,@user4282,Industrial District,"Lost dog found near Industrial District, please share!"
2026-08-07 16:09:14,@user2867,Old Town,Huge flames seen at the Old Town warehouse! Looks like a 3-alarm fire. #fire #emergency
2026-08-07 16:10:07,@user9007,Westside,Roof collapsed at the construction site in Westside. Multiple workers trapped and injured.
2026-08-07 16:10:56,@user8826,Old Town,Massive food poisoning outbreak at the festival in Old Town. Dozens of people need hospitalization.
2026-08-07 16:11:47,@user7080,Suburbs,"Car on fire on Suburbs, traffic is completely stopped. Send firetrucks!"
2026-08-07 16:12:14,@user6520,Southside,Anyone know why the power is out in Southside?
2026-08-07 16:12:17,@user6111,Main Street,Traffic is terrible around Main Street today. Ugh.
2026-08-07 16:12:21,@user9966,Industrial District,Traffic is terrible around Industrial District today. Ugh.
2026-08-07 16:13:06,@user7687,Suburbs,Is something burning in Suburbs? Thick black smoke in the sky.
2026-08-07 16:13:52,@user8815,Suburbs,Small electrical fire started at the bakery in Suburbs. Needs putting out.
2026-08-07 16:13:56,@user3256,Central Park,Smell smoke coming from the apartment complex on Central Park. Fire alarms are going off!
2026-08-07 16:14:16,@user4222,Downtown,"Car on fire on Downtown, traffic is completely stopped. Send firetrucks!"
2026-08-07 16:15:11,@user2280,North Hills,"Heart attack suspected at the gym in North Hills. CPR in progress, where is the ambulance?!"
2026-08-07 16:15:58,@user8143,Suburbs,Roof collapsed at the construction site in Suburbs. Multiple workers trapped and injured.
2026-08-07 16:16:33,@user5578,Industrial District,"Someone collapsed on the sidewalk in Industrial District, they aren't breathing! Need a medic ASAP."
2026-08-07 16:17:02,@user8442,North Hills,Is something burning in North Hills? Thick black smoke in the sky.
2026-08-07 16:17:15,@user1839,Main Street,Small electrical fire started at the bakery in Main Street. Needs putting out.
2026-08-07 16:17:42,@user8796,Central Park,Smell smoke coming from the apartment complex on Central Park. Fire alarms are going off!
2026-08-07 16:18:17,@user9354,Main Street,Building collapse in Main Street due to the fire. Paramedics and Firefighters needed immediately.
2026-08-07 16:19:01,@user7937,Westside,Roof collapsed at the construction site in Westside. Multiple workers trapped and injured.
2026-08-07 16:19:35,@user9348,Main Street,Small electrical fire started at the bakery in Main Street. Needs putting out.
2026-08-07 16:20:01,@user7365,Westside,Traffic is terrible around Westside today. Ugh.
2026-08-07 16:20:51,@user2466,Main Street,Massive food poisoning outbreak at the festival in Main Street. Dozens of people need hospitalization.
2026-08-07 16:21:07,@user5095,Industrial District,"Someone collapsed on the sidewalk in Industrial District, they aren't breathing! Need a medic ASAP."
2026-08-07 16:21:28,@user8130,North Hills,Roof collapsed at the construction site in North Hills. Multiple workers trapped and injured.
2026-08-07 16:22:07,@user1288,Old Town,Huge flames seen at the Old Town warehouse! Looks like a 3-alarm fire. #fire #emergency
2026-08-07 16:22:43,@user3255,North Hills,Huge flames seen at the North Hills warehouse! Looks like a 3-alarm fire. #fire #emergency
2026-08-07 16:22:58,@user1703,Downtown,Building collapse in Downtown due to the fire. Paramedics and Firefighters needed immediately.
2026-08-07 16:23:53,@user2516,Downtown,Massive food poisoning outbreak at the festival in Downtown. Dozens of people need hospitalization.
2026-08-07 16:24:34,@user6663,Westside,Smell smoke coming from the apartment complex on Westside. Fire alarms are going off!
2026-08-07 16:25:19,@user1250,Old Town,Anyone know why the power is out in Old Town?
2026-08-07 16:25:36,@user6673,Westside,"Car on fire on Westside, traffic is completely stopped. Send firetrucks!"
2026-08-07 16:25:55,@user6651,Southside,Brush fire spreading fast near Southside due to the high winds. @FireDept
2026-08-07 16:26:21,@user6569,Old Town,"Explosion heard near Old Town, now there's a massive fire! People are running."
2026-08-07 16:27:04,@user1640,Industrial District,Pedestrian struck by a speeding car in Industrial District. Needs immediate medical attention!
2026-08-07 16:27:21,@user2437,Downtown,Anyone know why the power is out in Downtown?
2026-08-07 16:27:49,@user7184,Suburbs,Is something burning in Suburbs? Thick black smoke in the sky.
2026-08-07 16:28:44,@user2750,North Hills,"Car on fire on North Hills, traffic is completely stopped. Send firetrucks!"
2026-08-07 16:29:06,@user1546,Central Park,Smell smoke coming from the apartment complex on Central Park. Fire alarms are going off!
2026-08-07 16:29:37,@user1948,Westside,Huge flames seen at the Westside warehouse! Looks like a 3-alarm fire. #fire #emergency
2026-08-07 16:30:06,@user5914,Central Park,Building collapse in Central Park due to the fire. Paramedics and Firefighters needed immediately.
2026-08-07 16:30:19,@user9207,Westside,Building collapse in Westside due to the fire. Paramedics and Firefighters needed immediately.
2026-08-07 16:31:03,@user6476,Westside,"Explosion heard near Westside, now there's a massive fire! People are running."
2026-08-07 16:31:27,@user7691,Industrial District,Smell smoke coming from the apartment complex on Industrial District. Fire alarms are going off!
2026-08-07 16:31:55,@user4805,Old Town,Small electrical fire started at the bakery in Old Town. Needs putting out.
2026-08-07 16:32:47,@user7937,North Hills,Anyone know why the power is out in North Hills?
2026-08-07 16:33:42,@user1800,Old Town,Building collapse in Old Town due to the fire. Paramedics and Firefighters needed immediately.
2026-08-07 16:33:55,@user7044,Westside,Pedestrian struck by a speeding car in Westside. Needs immediate medical attention!
2026-08-07 16:34:19,@user8660,Suburbs,Major explosion at Suburbs factory! Massive fire and many people injured. We need fire and medical now!
2026-08-07 16:35:05,@user6962,Route 66,Massive food poisoning outbreak at the festival in Route 66. Dozens of people need hospitalization.
2026-08-07 16:35:54,@user2583,Old Town,"Explosion heard near Old Town, now there's a massive fire! People are running."
2026-08-07 16:36:00,@user5100,Main Street,Roof collapsed at the construction site in Main Street. Multiple workers trapped and injured.
2026-08-07 16:36:04,@user7194,Main Street,Building collapse in Main Street due to the fire. Paramedics and Firefighters needed immediately.
2026-08-07 16:36:11,@user9159,North Hills,Roof collapsed at the construction site in North Hills. Multiple workers trapped and injured.
2026-08-07 16:36:53,@user7787,Downtown,"Explosion heard near Downtown, now there's a massive fire! People are running."
2026-08-07 16:37:44,@user2668,North Hills,Anyone know why the power is out in North Hills?
2026-08-07 16:38:38,@user2600,Industrial District,Roof collapsed at the construction site in Industrial District. Multiple workers trapped and injured.
2026-08-07 16:38:47,@user6418,Downtown,Building collapse in Downtown due to the fire. Paramedics and Firefighters needed immediately.
2026-08-07 16:38:55,@user3048,North Hills,Building collapse in North Hills due to the fire. Paramedics and Firefighters needed immediately.
2026-08-07 16:39:46,@user1423,Downtown,"Explosion heard near Downtown, now there's a massive fire! People are running."
2026-08-07 16:40:40,@user5169,Main Street,Smell smoke coming from the apartment complex on Main Street. Fire alarms are going off!
2026-08-07 16:41:08,@user2426,Suburbs,Traffic is terrible around Suburbs today. Ugh.
2026-08-07 16:41:24,@user9841,Central Park,Roof collapsed at the construction site in Central Park. Multiple workers trapped and injured.
2026-08-07 16:41:47,@user5207,Industrial District,"Heart attack suspected at the gym in Industrial District. CPR in progress, where is the ambulance?!"
2026-08-07 16:42:39,@user6854,North Hills,"Heart attack suspected at the gym in North Hills. CPR in progress, where is the ambulance?!"
2026-08-07 16:43:35,@user8607,Southside,Anyone know why the power is out in Southside?
2026-08-07 16:43:59,@user3696,Suburbs,"Car on fire on Suburbs, traffic is completely stopped. Send firetrucks!"
2026-08-07 16:44:39,@user3461,Southside,Roof collapsed at the construction site in Southside. Multiple workers trapped and injured.
2026-08-07 16:45:00,@user3358,Main Street,"Explosion heard near Main Street, now there's a massive fire! People are running."
2026-08-07 16:45:32,@user9763,Central Park,"Explosion heard near Central Park, now there's a massive fire! People are running."
2026-08-07 16:45:48,@user5920,Downtown,"Heart attack suspected at the gym in Downtown. CPR in progress, where is the ambulance?!"
2026-08-07 16:46:07,@user7884,Downtown,"Lost dog found near Downtown, please share!"
2026-08-07 16:46:41,@user9099,Suburbs,"Lost dog found near Suburbs, please share!"
2026-08-07 16:47:12,@user5866,Central Park,"Lost dog found near Central Park, please share!"
2026-08-07 16:48:09,@user5544,North Hills,Is something burning in North Hills? Thick black smoke in the sky.
2026-08-07 16:48:13,@user8228,Main Street,Building collapse in Main Street due to the fire. Paramedics and Firefighters needed immediately.
2026-08-07 16:48:19,@user2648,Main Street,Huge flames seen at the Main Street warehouse! Looks like a 3-alarm fire. #fire #emergency
2026-08-07 16:49:14,@user9175,Downtown,"Explosion heard near Downtown, now there's a massive fire! People are running."
2026-08-07 16:49:42,@user3219,Westside,Pedestrian struck by a speeding car in Westside. Needs immediate medical attention!
2026-08-07 16:50:35,@user5716,Downtown,Brush fire spreading fast near Downtown due to the high winds. @FireDept
2026-08-07 16:50:48,@user9540,Westside,Small electrical fire started at the bakery in Westside. Needs putting out.
2026-08-07 16:51:06,@user7843,Route 66,Terrible multi-car crash at Route 66. At least 3 people look badly injured. Send ambulances! #accident
2026-08-07 16:51:19,@user3120,Old Town,Smell smoke coming from the apartment complex on Old Town. Fire alarms are going off!
2026-08-07 16:52:02,@user3394,Westside,Huge flames seen at the Westside warehouse! Looks like a 3-alarm fire. #fire #emergency
2026-08-07 16:53:00,@user8890,Industrial District,"Explosion heard near Industrial District, now there's a massive fire! People are running."
2026-08-07 16:53:08,@user5035,Industrial District,Just got the best coffee in Industrial District. What a beautiful day!
2026-08-07 16:54:03,@user4550,Southside,"Car on fire on Southside, traffic is completely stopped. Send firetrucks!"
2026-08-07 16:54:30,@user6631,North Hills,"Lost dog found near North Hills, please share!"
2026-08-07 16:55:25,@user5737,Main Street,Building collapse in Main Street due to the fire. Paramedics and Firefighters needed immediately.
2026-08-07 16:56:20,@user4739,Old Town,Terrible multi-car crash at Old Town. At least 3 people look badly injured. Send ambulances! #accident
2026-08-07 16:57:06,@user8581,Westside,"Explosion heard near Westside, now there's a massive fire! People are running."
2026-08-07 16:57:34,@user1100,Downtown,Roof collapsed at the construction site in Downtown. Multiple workers trapped and injured.
2026-08-07 16:58:07,@user2368,Old Town,Just got the best coffee in Old Town. What a beautiful day!
2026-08-07 16:59:03,@user9892,Central Park,Smell smoke coming from the apartment complex on Central Park. Fire alarms are going off!
2026-08-07 16:59:29,@user9659,Westside,Is something burning in Westside? Thick black smoke in the sky.
2026-08-07 17:00:11,@user2361,Main Street,"Explosion heard near Main Street, now there's a massive fire! People are running."
2026-08-07 17:00:23,@user8576,Downtown,Cyclist hit by a truck at the intersection of Downtown. Looks really bad. @Medical
2026-08-07 17:00:42,@user8463,North Hills,Traffic is terrible around North Hills today. Ugh.
2026-08-07 17:01:20,@user3255,Suburbs,Anyone know why the power is out in Suburbs?
2026-08-07 17:01:43,@user4451,Downtown,"Heart attack suspected at the gym in Downtown. CPR in progress, where is the ambulance?!"
2026-08-07 17:01:50,@user2241,Main Street,"Lost dog found near Main Street, please share!"
2026-08-07 17:02:09,@user6004,Route 66,"Car on fire on Route 66, traffic is completely stopped. Send firetrucks!"
2026-08-07 17:02:41,@user1549,Central Park,Is something burning in Central Park? Thick black smoke in the sky.
2026-08-07 17:03:16,@user5629,Main Street,Massive food poisoning outbreak at the festival in Main Street. Dozens of people need hospitalization.
2026-08-07 17:03:27,@user4669,Route 66,Huge flames seen at the Route 66 warehouse! Looks like a 3-alarm fire. #fire #emergency
2026-08-07 17:03:39,@user6139,Downtown,Small electrical fire started at the bakery in Downtown. Needs putting out.
2026-08-07 17:03:41,@user9863,Central Park,Traffic is terrible around Central Park today. Ugh.
2026-08-07 17:03:44,@user9912,North Hills,Pedestrian struck by a speeding car in North Hills. Needs immediate medical attention!
2026-08-07 17:04:00,@user4581,Industrial District,Anyone know why the power is out in Industrial District?
2026-08-07 17:04:14,@user3283,Westside,"Car on fire on Westside, traffic is completely stopped. Send firetrucks!"
2026-08-07 17:04:41,@user7410,Route 66,"Lost dog found near Route 66, please share!"
2026-08-07 17:05:08,@user1044,Southside,"Explosion heard near Southside, now there's a massive fire! People are running."
2026-08-07 17:05:29,@user1973,Main Street,Smell smoke coming from the apartment complex on Main Street. Fire alarms are going off!
2026-08-07 17:06:28,@user9207,Old Town,"Lost dog found near Old Town, please share!"
2026-08-07 17:06:51,@user2272,Route 66,Is something burning in Route 66? Thick black smoke in the sky.
2026-08-07 17:07:25,@user4473,Westside,Traffic is terrible around Westside today. Ugh.
2026-08-07 17:07:36,@user3104,Southside,Smell smoke coming from the apartment complex on Southside. Fire alarms are going off!
2026-08-07 17:08:16,@user7771,Downtown,Massive food poisoning outbreak at the festival in Downtown. Dozens of people need hospitalization.
2026-08-07 17:09:09,@user6998,Industrial District,"Car on fire on Industrial District, traffic is completely stopped. Send firetrucks!"
2026-08-07 17:09:45,@user2851,North Hills,Smell smoke coming from the apartment complex on North Hills. Fire alarms are going off!
2026-08-07 17:10:33,@user3479,Main Street,"Heart attack suspected at the gym in Main Street. CPR in progress, where is the ambulance?!"
2026-08-07 17:11:21,@user4191,Westside,Pedestrian struck by a speeding car in Westside. Needs immediate medical attention!
2026-08-07 17:11:34,@user4606,North Hills,Roof collapsed at the construction site in North Hills. Multiple workers trapped and injured.
2026-08-07 17:11:45,@user1651,Westside,"Heart attack suspected at the gym in Westside. CPR in progress, where is the ambulance?!"
2026-08-07 17:12:28,@user9733,Industrial District,"Explosion heard near Industrial District, now there's a massive fire! People are running."
2026-08-07 17:13:08,@user8980,North Hills,Small electrical fire started at the bakery in North Hills. Needs putting out.
2026-08-07 17:13:49,@user9528,Main Street,Is something burning in Main Street? Thick black smoke in the sky.
2026-08-07 17:14:20,@user9162,Old Town,Roof collapsed at the construction site in Old Town. Multiple workers trapped and injured.
2026-08-07 17:14:46,@user7931,Central Park,Smell smoke coming from the apartment complex on Central Park. Fire alarms are going off!
2026-08-07 17:15:44,@user3090,Suburbs,Massive food poisoning outbreak at the festival in Suburbs. Dozens of people need hospitalization.
2026-08-07 17:15:52,@user5813,Industrial District,Traffic is terrible around Industrial District today. Ugh.
2026-08-07 17:15:53,@user4014,Westside,Huge flames seen at the Westside warehouse! Looks like a 3-alarm fire. #fire #emergency
2026-08-07 17:16:15,@user7765,North Hills,Small electrical fire started at the bakery in North Hills. Needs putting out.
2026-08-07 17:16:16,@user6175,Route 66,Building collapse in Route 66 due to the fire. Paramedics and Firefighters needed immediately.
2026-08-07 17:16:53,@user9532,Southside,Pedestrian struck by a speeding car in Southside. Needs immediate medical attention!
2026-08-07 17:17:22,@user4669,Central Park,Traffic is terrible around Central Park today. Ugh.
2026-08-07 17:18:07,@user5134,Main Street,Major explosion at Main Street factory! Massive fire and many people injured. We need fire and medical now!
2026-08-07 17:18:50,@user6576,Industrial District,Building collapse in Industrial District due to the fire. Paramedics and Firefighters needed immediately.
2026-08-07 17:19:49,@user8822,North Hills,"Car on fire on North Hills, traffic is completely stopped. Send firetrucks!"
2026-08-07 17:19:53,@user4305,North Hills,"Explosion heard near North Hills, now there's a massive fire! People are running."
2026-08-07 17:20:24,@user6403,Westside,Terrible multi-car crash at Westside. At least 3 people look badly injured. Send ambulances! #accident
2026-08-07 17:20:28,@user1303,Industrial District,Massive food poisoning outbreak at the festival in Industrial District. Dozens of people need hospitalization.
2026-08-07 17:20:42,@user8610,North Hills,Traffic is terrible around North Hills today. Ugh.
2026-08-07 17:21:13,@user1485,Central Park,Brush fire spreading fast near Central Park due to the high winds. @FireDept
2026-08-07 17:22:00,@user8005,North Hills,Terrible multi-car crash at North Hills. At least 3 people look badly injured. Send ambulances! #accident
2026-08-07 17:22:22,@user5609,North Hills,Terrible multi-car crash at North Hills. At least 3 people look badly injured. Send ambulances! #accident
2026-08-07 17:22:57,@user3001,Route 66,"Explosion heard near Route 66, now there's a massive fire! People are running."
2026-08-07 17:23:12,@user8380,Old Town,Anyone know why the power is out in Old Town?
2026-08-07 17:23:43,@user5052,Central Park,Building collapse in Central Park due to the fire. Paramedics and Firefighters needed immediately.
2026-08-07 17:23:59,@user8301,Industrial District,Roof collapsed at the construction site in Industrial District. Multiple workers trapped and injured.
2026-08-07 17:24:54,@user2072,Industrial District,Building collapse in Industrial District due to the fire. Paramedics and Firefighters needed immediately.
2026-08-07 17:25:48,@user6479,North Hills,Massive food poisoning outbreak at the festival in North Hills. Dozens of people need hospitalization.
2026-08-07 17:25:53,@user1427,North Hills,Major explosion at North Hills factory! Massive fire and many people injured. We need fire and medical now!
2026-08-07 17:26:03,@user9847,Westside,Traffic is terrible around Westside today. Ugh.
2026-08-07 17:26:18,@user2723,Old Town,Major explosion at Old Town factory! Massive fire and many people injured. We need fire and medical now!
2026-08-07 17:27:09,@user4465,Southside,Is something burning in Southside? Thick black smoke in the sky.
2026-08-07 17:28:07,@user5270,Industrial District,Huge flames seen at the Industrial District warehouse! Looks like a 3-alarm fire. #fire #emergency
2026-08-07 17:28:13,@user4770,Old Town,Major explosion at Old Town factory! Massive fire and many people injured. We need fire and medical now!
2026-08-07 17:28:58,@user2380,Route 66,Massive food poisoning outbreak at the festival in Route 66. Dozens of people need hospitalization.
2026-08-07 17:29:04,@user8167,Main Street,Anyone know why the power is out in Main Street?
2026-08-07 17:29:42,@user9272,Suburbs,Major explosion at Suburbs factory! Massive fire and many people injured. We need fire and medical now!
2026-08-07 17:29:57,@user4625,Route 66,Is something burning in Route 66? Thick black smoke in the sky.
2026-08-07 17:30:22,@user8399,Downtown,Huge flames seen at the Downtown warehouse! Looks like a 3-alarm fire. #fire #emergency
2026-08-07 17:30:44,@user1123,North Hills,Small electrical fire started at the bakery in North Hills. Needs putting out.
2026-08-07 17:31:29,@user7311,Central Park,"Car on fire on Central Park, traffic is completely stopped. Send firetrucks!"
2026-08-07 17:31:56,@user6821,Westside,Building collapse in Westside due to the fire. Paramedics and Firefighters needed immediately.
2026-08-07 17:32:16,@user6266,North Hills,Anyone know why the power is out in North Hills?
2026-08-07 17:32:32,@user8529,Suburbs,"Lost dog found near Suburbs, please share!"
2026-08-07 17:32:41,@user5046,Downtown,Major explosion at Downtown factory! Massive fire and many people injured. We need fire and medical now!
2026-08-07 17:33:39,@user3101,Westside,Major explosion at Westside factory! Massive fire and many people injured. We need fire and medical now!
2026-08-07 17:34:10,@user1124,Central Park,"Car on fire on Central Park, traffic is completely stopped. Send firetrucks!"
2026-08-07 17:34:13,@user2739,Westside,Huge flames seen at the Westside warehouse! Looks like a 3-alarm fire. #fire #emergency
2026-08-07 17:35:07,@user2402,Central Park,Building collapse in Central Park due to the fire. Paramedics and Firefighters needed immediately.
2026-08-07 17:35:36,@user5395,Central Park,"Explosion heard near Central Park, now there's a massive fire! People are running."
2026-08-07 17:36:06,@user8043,Southside,Roof collapsed at the construction site in Southside. Multiple workers trapped and injured.
2026-08-07 17:36:47,@user5414,Route 66,"Explosion heard near Route 66, now there's a massive fire! People are running."
2026-08-07 17:36:51,@user6009,Old Town,Pedestrian struck by a speeding car in Old Town. Needs immediate medical attention!
2026-08-07 17:37:42,@user7105,Westside,Cyclist hit by a truck at the intersection of Westside. Looks really bad. @Medical
2026-08-07 17:37:48,@user8778,Southside,Brush fire spreading fast near Southside due to the high winds. @FireDept
2026-08-07 17:37:59,@user6126,Main Street,Major explosion at Main Street factory! Massive fire and many people injured. We need fire and medical now!
2026-08-07 17:38:54,@user5032,Main Street,"Car on fire on Main Street, traffic is completely stopped. Send firetrucks!"
2026-08-07 17:38:55,@user6045,Old Town,Is something burning in Old Town? Thick black smoke in the sky.
2026-08-07 17:39:02,@user8562,Industrial District,Anyone know why the power is out in Industrial District?
2026-08-07 17:39:11,@user7401,Main Street,Anyone know why the power is out in Main Street?
2026-08-07 17:39:16,@user6943,Central Park,Cyclist hit by a truck at the intersection of Central Park. Looks really bad. @Medical
2026-08-07 17:40:13,@user8203,Industrial District,Small electrical fire started at the bakery in Industrial District. Needs putting out.
2026-08-07 17:40:25,@user5931,Old Town,Is something burning in Old Town? Thick black smoke in the sky.
2026-08-07 17:41:00,@user2947,Main Street,Just got the best coffee in Main Street. What a beautiful day!
2026-08-07 17:41:01,@user2398,Route 66,Cyclist hit by a truck at the intersection of Route 66. Looks really bad. @Medical
2026-08-07 17:41:58,@user5351,North Hills,Roof collapsed at the construction site in North Hills. Multiple workers trapped and injured.
2026-08-07 17:42:24,@user2912,Southside,Smell smoke coming from the apartment complex on Southside. Fire alarms are going off!
2026-08-07 17:43:13,@user7872,Southside,Just got the best coffee in Southside. What a beautiful day!
2026-08-07 17:43:48,@user3765,Southside,Cyclist hit by a truck at the intersection of Southside. Looks really bad. @Medical
2026-08-07 17:44:08,@user8011,Main Street,Roof collapsed at the construction site in Main Street. Multiple workers trapped and injured.
2026-08-07 17:44:45,@user1122,Suburbs,Major explosion at Suburbs factory! Massive fire and many people injured. We need fire and medical now!
2026-08-07 17:45:05,@user1442,Industrial District,Pedestrian struck by a speeding car in Industrial District. Needs immediate medical attention!
2026-08-07 17:45:06,@user2792,Route 66,Is something burning in Route 66? Thick black smoke in the sky.
2026-08-07 17:45:35,@user4185,Westside,Traffic is terrible around Westside today. Ugh.
2026-08-07 17:46:20,@user5780,Southside,Traffic is terrible around Southside today. Ugh.
2026-08-07 17:46:52,@user2481,Westside,Building collapse in Westside due to the fire. Paramedics and Firefighters needed immediately.
2026-08-07 17:47:14,@user2863,Southside,"Heart attack suspected at the gym in Southside. CPR in progress, where is the ambulance?!"
2026-08-07 17:47:39,@user3216,Southside,Small electrical fire started at the bakery in Southside. Needs putting out.
2026-08-07 17:48:12,@user6535,Main Street,"Lost dog found near Main Street, please share!"
2026-08-07 17:48:18,@user1774,Industrial District,Terrible multi-car crash at Industrial District. At least 3 people look badly injured. Send ambulances! #accident
2026-08-07 17:49:02,@user6816,Southside,Huge flames seen at the Southside warehouse! Looks like a 3-alarm fire. #fire #emergency
2026-08-07 17:49:40,@user8541,Industrial District,Pedestrian struck by a speeding car in Industrial District. Needs immediate medical attention!
2026-08-07 17:50:01,@user6107,Central Park,Cyclist hit by a truck at the intersection of Central Park. Looks really bad. @Medical
2026-08-07 17:50:18,@user6139,Suburbs,Traffic is terrible around Suburbs today. Ugh.
2026-08-07 17:50:53,@user5349,Southside,"Someone collapsed on the sidewalk in Southside, they aren't breathing! Need a medic ASAP."
2026-08-07 17:51:40,@user4806,Old Town,Pedestrian struck by a speeding car in Old Town. Needs immediate medical attention!
2026-08-07 17:51:58,@user5350,Main Street,"Heart attack suspected at the gym in Main Street. CPR in progress, where is the ambulance?!"
2026-08-07 17:52:04,@user6592,North Hills,Roof collapsed at the construction site in North Hills. Multiple workers trapped and injured.
2026-08-07 17:52:10,@user7449,Westside,Just got the best coffee in Westside. What a beautiful day!
2026-08-07 17:52:45,@user1972,Suburbs,Major explosion at Suburbs factory! Massive fire and many people injured. We need fire and medical now!
2026-08-07 17:53:02,@user3126,Westside,Huge flames seen at the Westside warehouse! Looks like a 3-alarm fire. #fire #emergency
2026-08-07 17:53:21,@user2420,Route 66,"Heart attack suspected at the gym in Route 66. CPR in progress, where is the ambulance?!"
2026-08-07 17:53:48,@user8855,Downtown,Pedestrian struck by a speeding car in Downtown. Needs immediate medical attention!
2026-08-07 17:54:10,@user5347,Industrial District,"Heart attack suspected at the gym in Industrial District. CPR in progress, where is the ambulance?!"
2026-08-07 17:54:55,@user1319,Old Town,Anyone know why the power is out in Old Town?
2026-08-07 17:55:44,@user6727,Route 66,Smell smoke coming from the apartment complex on Route 66. Fire alarms are going off!
2026-08-07 17:56:15,@user5343,Main Street,Roof collapsed at the construction site in Main Street. Multiple workers trapped and injured.
2026-08-07 17:56:20,@user9747,Central Park,Anyone know why the power is out in Central Park?
2026-08-07 17:57:20,@user6712,North Hills,Building collapse in North Hills due to the fire. Paramedics and Firefighters needed immediately.
2026-08-07 17:58:08,@user7254,Downtown,Anyone know why the power is out in Downtown?
2026-08-07 17:58:28,@user2013,Westside,"Lost dog found near Westside, please share!"
2026-08-07 17:58:31,@user8924,Route 66,Small electrical fire started at the bakery in Route 66. Needs putting out.
2026-08-07 17:59:30,@user4500,Route 66,Cyclist hit by a truck at the intersection of Route 66. Looks really bad. @Medical
2026-08-07 18:00:08,@user3278,Suburbs,Traffic is terrible around Suburbs today. Ugh.
2026-08-07 18:00:28,@user5394,Downtown,Traffic is terrible around Downtown today. Ugh.
2026-08-07 18:01:11,@user7217,Central Park,"Car on fire on Central Park, traffic is completely stopped. Send firetrucks!"
2026-08-07 18:01:34,@user2241,Industrial District,Cyclist hit by a truck at the intersection of Industrial District. Looks really bad. @Medical
2026-08-07 18:01:41,@user9231,Downtown,"Someone collapsed on the sidewalk in Downtown, they aren't breathing! Need a medic ASAP."
2026-08-07 18:02:24,@user7534,Suburbs,"Someone collapsed on the sidewalk in Suburbs, they aren't breathing! Need a medic ASAP."
2026-08-07 18:02:47,@user8800,Central Park,Is something burning in Central Park? Thick black smoke in the sky.
2026-08-07 18:03:17,@user8164,Southside,Massive food poisoning outbreak at the festival in Southside. Dozens of people need hospitalization.
2026-08-07 18:03:29,@user7743,Old Town,Is something burning in Old Town? Thick black smoke in the sky.
2026-08-07 18:03:54,@user2335,Westside,"Car on fire on Westside, traffic is completely stopped. Send firetrucks!"
2026-08-07 18:04:30,@user8016,Route 66,Small electrical fire started at the bakery in Route 66. Needs putting out.
2026-08-07 18:05:16,@user9985,Main Street,Small electrical fire started at the bakery in Main Street. Needs putting out.
2026-08-07 18:05:25,@user8639,Route 66,Is something burning in Route 66? Thick black smoke in the sky.
2026-08-07 18:06:14,@user3636,Downtown,Cyclist hit by a truck at the intersection of Downtown. Looks really bad. @Medical
2026-08-07 18:07:05,@user4741,Main Street,Brush fire spreading fast near Main Street due to the high winds. @FireDept
2026-08-07 18:07:12,@user5739,Southside,Smell smoke coming from the apartment complex on Southside. Fire alarms are going off!
2026-08-07 18:08:07,@user6180,Route 66,Is something burning in Route 66? Thick black smoke in the sky.
2026-08-07 18:08:55,@user3158,Southside,Roof collapsed at the construction site in Southside. Multiple workers trapped and injured.
2026-08-07 18:09:22,@user8954,Route 66,Massive food poisoning outbreak at the festival in Route 66. Dozens of people need hospitalization.
2026-08-07 18:09:52,@user2974,North Hills,"Someone collapsed on the sidewalk in North Hills, they aren't breathing! Need a medic ASAP."
2026-08-07 18:10:37,@user4702,Route 66,Pedestrian struck by a speeding car in Route 66. Needs immediate medical attention!
2026-08-07 18:11:12,@user7033,Westside,Cyclist hit by a truck at the intersection of Westside. Looks really bad. @Medical
2026-08-07 18:11:54,@user6740,Southside,Massive food poisoning outbreak at the festival in Southside. Dozens of people need hospitalization.
2026-08-07 18:12:30,@user8579,Route 66,"Car on fire on Route 66, traffic is completely stopped. Send firetrucks!"
2026-08-07 18:12:31,@user4725,North Hills,Is something burning in North Hills? Thick black smoke in the sky.
2026-08-07 18:13:03,@user9639,Downtown,Cyclist hit by a truck at the intersection of Downtown. Looks really bad. @Medical
2026-08-07 18:13:52,@user6059,Downtown,Just got the best coffee in Downtown. What a beautiful day!
2026-08-07 18:14:42,@user2285,Central Park,Small electrical fire started at the bakery in Central Park. Needs putting out.
2026-08-07 18:15:18,@user6279,Central Park,Anyone know why the power is out in Central Park?
2026-08-07 18:15:32,@user7949,Suburbs,"Heart attack suspected at the gym in Suburbs. CPR in progress, where is the ambulance?!"
2026-08-07 18:16:18,@user5981,Central Park,"Someone collapsed on the sidewalk in Central Park, they aren't breathing! Need a medic ASAP."
2026-08-07 18:16:48,@user5507,Downtown,Major explosion at Downtown factory! Massive fire and many people injured. We need fire and medical now!
2026-08-07 18:17:46,@user2867,Central Park,Smell smoke coming from the apartment complex on Central Park. Fire alarms are going off!
2026-08-07 18:18:12,@user1670,Westside,Major explosion at Westside factory! Massive fire and many people injured. We need fire and medical now!
2026-08-07 18:18:47,@user4936,Downtown,"Explosion heard near Downtown, now there's a massive fire! People are running."
2026-08-07 18:18:48,@user4849,Route 66,"Someone collapsed on the sidewalk in Route 66, they aren't breathing! Need a medic ASAP."
2026-08-07 18:19:11,@user4228,Westside,"Lost dog found near Westside, please share!"
2026-08-07 18:20:04,@user9547,North Hills,Just got the best coffee in North Hills. What a beautiful day!
2026-08-07 18:20:55,@user2068,North Hills,Terrible multi-car crash at North Hills. At least 3 people look badly injured. Send ambulances! #accident
2026-08-07 18:21:30,@user3529,Old Town,"Lost dog found near Old Town, please share!"
2026-08-07 18:22:15,@user4903,North Hills,Small electrical fire started at the bakery in North Hills. Needs putting out.
2026-08-07 18:22:54,@user9637,Suburbs,Cyclist hit by a truck at the intersection of Suburbs. Looks really bad. @Medical
2026-08-07 18:23:31,@user1180,Old Town,"Explosion heard near Old Town, now there's a massive fire! People are running."
2026-08-07 18:23:49,@user5358,Southside,"Car on fire on Southside, traffic is completely stopped. Send firetrucks!"
2026-08-07 18:24:21,@user9140,Downtown,Just got the best coffee in Downtown. What a beautiful day!
2026-08-07 18:24:57,@user2052,Industrial District,"Car on fire on Industrial District, traffic is completely stopped. Send firetrucks!"
2026-08-07 18:25:13,@user2582,Main Street,Cyclist hit by a truck at the intersection of Main Street. Looks really bad. @Medical
2026-08-07 18:25:52,@user1170,Downtown,Major explosion at Downtown factory! Massive fire and many people injured. We need fire and medical now!
2026-08-07 18:26:06,@user2328,Suburbs,Pedestrian struck by a speeding car in Suburbs. Needs immediate medical attention!
2026-08-07 18:26:59,@user8047,Westside,Small electrical fire started at the bakery in Westside. Needs putting out.
2026-08-07 18:27:25,@user8400,Main Street,Brush fire spreading fast near Main Street due to the high winds. @FireDept
2026-08-07 18:28:03,@user3516,Suburbs,Roof collapsed at the construction site in Suburbs. Multiple workers trapped and injured.
2026-08-07 18:28:21,@user2579,Industrial District,Just got the best coffee in Industrial District. What a beautiful day!
2026-08-07 18:29:20,@user1469,Central Park,Huge flames seen at the Central Park warehouse! Looks like a 3-alarm fire. #fire #emergency
2026-08-07 18:30:20,@user7663,Southside,Is something burning in Southside? Thick black smoke in the sky.
2026-08-07 18:31:19,@user1796,Old Town,"Lost dog found near Old Town, please share!"
2026-08-07 18:32:18,@user3730,Downtown,"Car on fire on Downtown, traffic is completely stopped. Send firetrucks!"
2026-08-07 18:32:46,@user3787,Industrial District,Traffic is terrible around Industrial District today. Ugh.
2026-08-07 18:33:02,@user3600,Westside,Massive food poisoning outbreak at the festival in Westside. Dozens of people need hospitalization.
2026-08-07 18:33:21,@user9998,Main Street,Huge flames seen at the Main Street warehouse! Looks like a 3-alarm fire. #fire #emergency
2026-08-07 18:34:04,@user4086,Old Town,Pedestrian struck by a speeding car in Old Town. Needs immediate medical attention!
2026-08-07 18:35:04,@user1130,Old Town,Major explosion at Old Town factory! Massive fire and many people injured. We need fire and medical now!
2026-08-07 18:35:43,@user7483,North Hills,Building collapse in North Hills due to the fire. Paramedics and Firefighters needed immediately.
2026-08-07 18:36:33,@user3096,Route 66,Huge flames seen at the Route 66 warehouse! Looks like a 3-alarm fire. #fire #emergency
2026-08-07 18:37:08,@user5534,Route 66,Brush fire spreading fast near Route 66 due to the high winds. @FireDept
2026-08-07 18:37:50,@user4983,Old Town,"Car on fire on Old Town, traffic is completely stopped. Send firetrucks!"
2026-08-07 18:37:58,@user8885,Old Town,Small electrical fire started at the bakery in Old Town. Needs putting out.
2026-08-07 18:38:32,@user5402,Downtown,"Explosion heard near Downtown, now there's a massive fire! People are running."
2026-08-07 18:38:43,@user2704,North Hills,Smell smoke coming from the apartment complex on North Hills. Fire alarms are going off!
2026-08-07 18:39:33,@user7369,Route 66,Major explosion at Route 66 factory! Massive fire and many people injured. We need fire and medical now!
2026-08-07 18:40:08,@user1517,Old Town,Roof collapsed at the construction site in Old Town. Multiple workers trapped and injured.
2026-08-07 18:40:11,@user1428,Old Town,Just got the best coffee in Old Town. What a beautiful day!
2026-08-07 18:40:26,@user5100,Main Street,Small electrical fire started at the bakery in Main Street. Needs putting out.
2026-08-07 18:40:39,@user3919,Route 66,"Heart attack suspected at the gym in Route 66. CPR in progress, where is the ambulance?!"
2026-08-07 18:40:48,@user3123,Suburbs,Pedestrian struck by a speeding car in Suburbs. Needs immediate medical attention!
2026-08-07 18:41:38,@user4597,Central Park,"Explosion heard near Central Park, now there's a massive fire! People are running."
2026-08-07 18:41:42,@user8157,Westside,Terrible multi-car crash at Westside. At least 3 people look badly injured. Send ambulances! #accident
2026-08-07 18:41:53,@user5079,Suburbs,Just got the best coffee in Suburbs. What a beautiful day!
2026-08-07 18:42:47,@user9320,Central Park,Building collapse in Central Park due to the fire. Paramedics and Firefighters needed immediately.
2026-08-07 18:43:23,@user7396,Industrial District,Small electrical fire started at the bakery in Industrial District. Needs putting out.
2026-08-07 18:43:47,@user1947,Westside,Massive food poisoning outbreak at the festival in Westside. Dozens of people need hospitalization.
2026-08-07 18:44:43,@user8576,Westside,Major explosion at Westside factory! Massive fire and many people injured. We need fire and medical now!
2026-08-07 18:45:06,@user9641,Old Town,Huge flames seen at the Old Town warehouse! Looks like a 3-alarm fire. #fire #emergency
2026-08-07 18:45:16,@user8095,Old Town,Pedestrian struck by a speeding car in Old Town. Needs immediate medical attention!
2026-08-07 18:45:22,@user8991,Main Street,Huge flames seen at the Main Street warehouse! Looks like a 3-alarm fire. #fire #emergency
2026-08-07 18:46:18,@user8611,Main Street,Anyone know why the power is out in Main Street?
2026-08-07 18:46:40,@user9516,Old Town,"Lost dog found near Old Town, please share!"
2026-08-07 18:46:48,@user3664,Southside,"Heart attack suspected at the gym in Southside. CPR in progress, where is the ambulance?!"
2026-08-07 18:47:28,@user8247,Industrial District,Cyclist hit by a truck at the intersection of Industrial District. Looks really bad. @Medical
2026-08-07 18:47:58,@user6269,Suburbs,Terrible multi-car crash at Suburbs. At least 3 people look badly injured. Send ambulances! #accident
2026-08-07 18:48:44,@user8371,Old Town,"Explosion heard near Old Town, now there's a massive fire! People are running."
2026-08-07 18:48:52,@user5133,Main Street,Terrible multi-car crash at Main Street. At least 3 people look badly injured. Send ambulances! #accident
2026-08-07 18:49:48,@user5630,Westside,"Explosion heard near Westside, now there's a massive fire! People are running."
2026-08-07 18:50:02,@user8928,Old Town,Is something burning in Old Town? Thick black smoke in the sky.
2026-08-07 18:50:14,@user6459,North Hills,Is something burning in North Hills? Thick black smoke in the sky.
2026-08-07 18:50:52,@user2668,Central Park,Just got the best coffee in Central Park. What a beautiful day!
2026-08-07 18:50:53,@user8897,Central Park,Just got the best coffee in Central Park. What a beautiful day!
2026-08-07 18:51:47,@user9831,Industrial District,Huge flames seen at the Industrial District warehouse! Looks like a 3-alarm fire. #fire #emergency
2026-08-07 18:52:07,@user6062,Route 66,"Car on fire on Route 66, traffic is completely stopped. Send firetrucks!"
2026-08-07 18:52:33,@user5112,Central Park,Anyone know why the power is out in Central Park?
2026-08-07 18:53:16,@user8425,Central Park,Building collapse in Central Park due to the fire. Paramedics and Firefighters needed immediately.
2026-08-07 18:53:31,@user3961,Westside,Roof collapsed at the construction site in Westside. Multiple workers trapped and injured.
2026-08-07 18:53:33,@user8076,Old Town,Smell smoke coming from the apartment complex on Old Town. Fire alarms are going off!
2026-08-07 18:54:33,@user6038,Old Town,Is something burning in Old Town? Thick black smoke in the sky.
2026-08-07 18:54:47,@user5800,Route 66,Terrible multi-car crash at Route 66. At least 3 people look badly injured. Send ambulances! #accident
2026-08-07 18:55:15,@user8058,Old Town,Small electrical fire started at the bakery in Old Town. Needs putting out.
2026-08-07 18:55:55,@user1131,Route 66,Just got the best coffee in Route 66. What a beautiful day!
2026-08-07 18:56:11,@user7415,Southside,Just got the best coffee in Southside. What a beautiful day!
2026-08-07 18:57:07,@user2028,Industrial District,"Lost dog found near Industrial District, please share!"
2026-08-07 18:57:37,@user5858,Old Town,Cyclist hit by a truck at the intersection of Old Town. Looks really bad. @Medical
2026-08-07 18:58:35,@user9496,Central Park,"Explosion heard near Central Park, now there's a massive fire! People are running."
2026-08-07 18:59:04,@user2145,Main Street,Massive food poisoning outbreak at the festival in Main Street. Dozens of people need hospitalization.
2026-08-07 18:59:42,@user1826,Southside,Brush fire spreading fast near Southside due to the high winds. @FireDept
2026-08-07 19:00:01,@user7810,Industrial District,"Car on fire on Industrial District, traffic is completely stopped. Send firetrucks!"
2026-08-07 19:00:52,@user1547,Industrial District,Anyone know why the power is out in Industrial District?
2026-08-07 19:01:08,@user7620,Route 66,Just got the best coffee in Route 66. What a beautiful day!
2026-08-07 19:01:19,@user2026,Central Park,Is something burning in Central Park? Thick black smoke in the sky.
2026-08-07 19:01:59,@user9614,Old Town,Just got the best coffee in Old Town. What a beautiful day!
2026-08-07 19:02:40,@user9444,Suburbs,"Heart attack suspected at the gym in Suburbs. CPR in progress, where is the ambulance?!"
2026-08-07 19:03:21,@user3921,North Hills,Pedestrian struck by a speeding car in North Hills. Needs immediate medical attention!
2026-08-07 19:03:36,@user6999,Route 66,"Heart attack suspected at the gym in Route 66. CPR in progress, where is the ambulance?!"
2026-08-07 19:04:08,@user9691,Old Town,Is something burning in Old Town? Thick black smoke in the sky.
2026-08-07 19:04:51,@user3923,Old Town,Pedestrian struck by a speeding car in Old Town. Needs immediate medical attention!
2026-08-07 19:05:46,@user1914,Industrial District,Major explosion at Industrial District factory! Massive fire and many people injured. We need fire and medical now!
2026-08-07 19:05:48,@user7835,Downtown,"Someone collapsed on the sidewalk in Downtown, they aren't breathing! Need a medic ASAP."
2026-08-07 19:06:44,@user3016,Suburbs,Pedestrian struck by a speeding car in Suburbs. Needs immediate medical attention!
2026-08-07 19:07:22,@user1017,Suburbs,Just got the best coffee in Suburbs. What a beautiful day!
2026-08-07 19:07:49,@user5017,Old Town,Major explosion at Old Town factory! Massive fire and many people injured. We need fire and medical now!
2026-08-07 19:07:55,@user2228,Central Park,"Heart attack suspected at the gym in Central Park. CPR in progress, where is the ambulance?!"
2026-08-07 19:08:30,@user6717,North Hills,Huge flames seen at the North Hills warehouse! Looks like a 3-alarm fire. #fire #emergency
2026-08-07 19:08:37,@user4217,Downtown,Brush fire spreading fast near Downtown due to the high winds. @FireDept
2026-08-07 19:09:27,@user3117,Old Town,Cyclist hit by a truck at the intersection of Old Town. Looks really bad. @Medical
2026-08-07 19:09:53,@user2678,Main Street,Massive food poisoning outbreak at the festival in Main Street. Dozens of people need hospitalization.
2026-08-07 19:10:00,@user5852,Main Street,Anyone know why the power is out in Main Street?
2026-08-07 19:10:16,@user9754,Main Street,Smell smoke coming from the apartment complex on Main Street. Fire alarms are going off!
2026-08-07 19:10:27,@user5117,Suburbs,"Explosion heard near Suburbs, now there's a massive fire! People are running."
2026-08-07 19:11:09,@user1435,Route 66,Pedestrian struck by a speeding car in Route 66. Needs immediate medical attention!
2026-08-07 19:12:09,@user9186,Old Town,Major explosion at Old Town factory! Massive fire and many people injured. We need fire and medical now!
2026-08-07 19:12:21,@user9618,Central Park,"Heart attack suspected at the gym in Central Park. CPR in progress, where is the ambulance?!"
2026-08-07 19:12:54,@user9043,Old Town,"Someone collapsed on the sidewalk in Old Town, they aren't breathing! Need a medic ASAP."
2026-08-07 19:13:43,@user5772,Suburbs,Roof collapsed at the construction site in Suburbs. Multiple workers trapped and injured.
2026-08-07 19:13:56,@user9739,Southside,Is something burning in Southside? Thick black smoke in the sky.
2026-08-07 19:14:45,@user1342,Main Street,"Someone collapsed on the sidewalk in Main Street, they aren't breathing! Need a medic ASAP."
2026-08-07 19:15:22,@user4561,Route 66,"Car on fire on Route 66, traffic is completely stopped. Send firetrucks!"
2026-08-07 19:16:06,@user1872,Westside,Terrible multi-car crash at Westside. At least 3 people look badly injured. Send ambulances! #accident
2026-08-07 19:16:22,@user6872,Main Street,Major explosion at Main Street factory! Massive fire and many people injured. We need fire and medical now!
2026-08-07 19:16:23,@user8880,Suburbs,Smell smoke coming from the apartment complex on Suburbs. Fire alarms are going off!
2026-08-07 19:17:01,@user5738,Westside,Small electrical fire started at the bakery in Westside. Needs putting out.
2026-08-07 19:17:13,@user5505,Old Town,Terrible multi-car crash at Old Town. At least 3 people look badly injured. Send ambulances! #accident
2026-08-07 19:18:07,@user1295,Main Street,Terrible multi-car crash at Main Street. At least 3 people look badly injured. Send ambulances! #accident
2026-08-07 19:18:12,@user7795,Southside,Cyclist hit by a truck at the intersection of Southside. Looks really bad. @Medical
2026-08-07 19:18:37,@user8412,Main Street,Just got the best coffee in Main Street. What a beautiful day!
2026-08-07 19:19:02,@user1764,Southside,"Explosion heard near Southside, now there's a massive fire! People are running."
2026-08-07 19:19:10,@user5327,Industrial District,"Lost dog found near Industrial District, please share!"
2026-08-07 19:19:46,@user8207,Industrial District,"Heart attack suspected at the gym in Industrial District. CPR in progress, where is the ambulance?!"
2026-08-07 19:20:35,@user9390,Westside,Building collapse in Westside due to the fire. Paramedics and Firefighters needed immediately.
2026-08-07 19:20:41,@user3270,Industrial District,Is something burning in Industrial District? Thick black smoke in the sky.
2026-08-07 19:21:33,@user7718,Southside,Pedestrian struck by a speeding car in Southside. Needs immediate medical attention!
2026-08-07 19:22:24,@user3465,Industrial District,Brush fire spreading fast near Industrial District due to the high winds. @FireDept
2026-08-07 19:22:39,@user3622,Old Town,Huge flames seen at the Old Town warehouse! Looks like a 3-alarm fire. #fire #emergency
2026-08-07 19:23:05,@user7969,Suburbs,Roof collapsed at the construction site in Suburbs. Multiple workers trapped and injured.
2026-08-07 19:23:24,@user9441,Downtown,Building collapse in Downtown due to the fire. Paramedics and Firefighters needed immediately.
2026-08-07 19:24:12,@user8907,Suburbs,Brush fire spreading fast near Suburbs due to the high winds. @FireDept
2026-08-07 19:24:34,@user6839,Suburbs,Anyone know why the power is out in Suburbs?
2026-08-07 19:24:59,@user5232,Suburbs,Huge flames seen at the Suburbs warehouse! Looks like a 3-alarm fire. #fire #emergency
2026-08-07 19:25:20,@user2135,Westside,Brush fire spreading fast near Westside due to the high winds. @FireDept
2026-08-07 19:25:28,@user9813,Southside,"Heart attack suspected at the gym in Southside. CPR in progress, where is the ambulance?!"
2026-08-07 19:26:16,@user3486,Westside,"Car on fire on Westside, traffic is completely stopped. Send firetrucks!"
2026-08-07 19:27:08,@user6259,Route 66,Traffic is terrible around Route 66 today. Ugh.
2026-08-07 19:27:17,@user5122,Route 66,Terrible multi-car crash at Route 66. At least 3 people look badly injured. Send ambulances! #accident
2026-08-07 19:27:39,@user4755,Route 66,Just got the best coffee in Route 66. What a beautiful day!
2026-08-07 19:28:01,@user7255,Old Town,Is something burning in Old Town? Thick black smoke in the sky.
2026-08-07 19:28:02,@user8072,Downtown,"Explosion heard near Downtown, now there's a massive fire! People are running."
2026-08-07 19:28:49,@user9902,Industrial District,Terrible multi-car crash at Industrial District. At least 3 people look badly injured. Send ambulances! #accident
2026-08-07 19:28:58,@user4402,Downtown,Pedestrian struck by a speeding car in Downtown. Needs immediate medical attention!
2026-08-07 19:29:05,@user9802,Industrial District,"Lost dog found near Industrial District, please share!"
2026-08-07 19:29:27,@user8342,Route 66,"Lost dog found near Route 66, please share!"
2026-08-07 19:30:09,@user5762,Central Park,Smell smoke coming from the apartment complex on Central Park. Fire alarms are going off!
2026-08-07 19:30:46,@user1571,Westside,"Explosion heard near Westside, now there's a massive fire! People are running."
2026-08-07 19:30:58,@user5886,Southside,Brush fire spreading fast near Southside due to the high winds. @FireDept
2026-08-07 19:31:33,@user4710,Southside,"Lost dog found near Southside, please share!"
2026-08-07 19:31:59,@user8325,Suburbs,"Someone collapsed on the sidewalk in Suburbs, they aren't breathing! Need a medic ASAP."
2026-08-07 19:32:00,@user9892,North Hills,Just got the best coffee in North Hills. What a beautiful day!
2026-08-07 19:32:32,@user8257,Old Town,"Explosion heard near Old Town, now there's a massive fire! People are running."
2026-08-07 19:33:12,@user3149,Main Street,"Car on fire on Main Street, traffic is completely stopped. Send firetrucks!"
2026-08-07 19:33:29,@user5712,Route 66,Roof collapsed at the construction site in Route 66. Multiple workers trapped and injured.
2026-08-07 19:33:46,@user5382,Old Town,Massive food poisoning outbreak at the festival in Old Town. Dozens of people need hospitalization.
2026-08-07 19:34:10,@user5511,Suburbs,Cyclist hit by a truck at the intersection of Suburbs. Looks really bad. @Medical
2026-08-07 19:34:47,@user6816,Main Street,"Heart attack suspected at the gym in Main Street. CPR in progress, where is the ambulance?!"
2026-08-07 19:35:10,@user6109,Route 66,Smell smoke coming from the apartment complex on Route 66. Fire alarms are going off!
2026-08-07 19:35:47,@user6681,Westside,Cyclist hit by a truck at the intersection of Westside. Looks really bad. @Medical
2026-08-07 19:36:30,@user6454,Industrial District,Traffic is terrible around Industrial District today. Ugh.
2026-08-07 19:37:01,@user3911,Route 66,Building collapse in Route 66 due to the fire. Paramedics and Firefighters needed immediately.
2026-08-07 19:37:41,@user2817,Route 66,Just got the best coffee in Route 66. What a beautiful day!
2026-08-07 19:37:56,@user4083,Main Street,Roof collapsed at the construction site in Main Street. Multiple workers trapped and injured.
2026-08-07 19:38:27,@user9673,Suburbs,Small electrical fire started at the bakery in Suburbs. Needs putting out.
2026-08-07 19:38:38,@user8442,Main Street,Traffic is terrible around Main Street today. Ugh.
2026-08-07 19:38:41,@user7592,Westside,Anyone know why the power is out in Westside?
2026-08-07 19:39:18,@user3297,Downtown,Terrible multi-car crash at Downtown. At least 3 people look badly injured. Send ambulances! #accident
2026-08-07 19:40:01,@user6404,Industrial District,Pedestrian struck by a speeding car in Industrial District. Needs immediate medical attention!
2026-08-07 19:40:59,@user1021,Main Street,Pedestrian struck by a speeding car in Main Street. Needs immediate medical attention!
2026-08-07 19:41:04,@user1907,Suburbs,Building collapse in Suburbs due to the fire. Paramedics and Firefighters needed immediately.
2026-08-07 19:41:36,@user3030,Downtown,Just got the best coffee in Downtown. What a beautiful day!
2026-08-07 19:42:05,@user7622,Route 66,Small electrical fire started at the bakery in Route 66. Needs putting out.
2026-08-07 19:42:43,@user3508,Main Street,Smell smoke coming from the apartment complex on Main Street. Fire alarms are going off!
2026-08-07 19:43:25,@user8685,Industrial District,Brush fire spreading fast near Industrial District due to the high winds. @FireDept
2026-08-07 19:44:22,@user9227,Route 66,"Someone collapsed on the sidewalk in Route 66, they aren't breathing! Need a medic ASAP."
2026-08-07 19:44:36,@user6925,Industrial District,Cyclist hit by a truck at the intersection of Industrial District. Looks really bad. @Medical
2026-08-07 19:45:10,@user4524,Route 66,Brush fire spreading fast near Route 66 due to the high winds. @FireDept
2026-08-07 19:46:02,@user9334,Suburbs,Just got the best coffee in Suburbs. What a beautiful day!
2026-08-07 19:46:08,@user8016,Central Park,"Lost dog found near Central Park, please share!"
2026-08-07 19:46:35,@user3450,Central Park,Roof collapsed at the construction site in Central Park. Multiple workers trapped and injured.
2026-08-07 19:47:09,@user7554,Old Town,Terrible multi-car crash at Old Town. At least 3 people look badly injured. Send ambulances! #accident
2026-08-07 19:47:42,@user6268,Industrial District,Massive food poisoning outbreak at the festival in Industrial District. Dozens of people need hospitalization.
2026-08-07 19:48:21,@user7387,Westside,Traffic is terrible around Westside today. Ugh.
2026-08-07 19:49:19,@user1842,Central Park,Brush fire spreading fast near Central Park due to the high winds. @FireDept
2026-08-07 19:50:06,@user2798,Southside,Just got the best coffee in Southside. What a beautiful day!
2026-08-07 19:50:13,@user8210,Suburbs,Pedestrian struck by a speeding car in Suburbs. Needs immediate medical attention!
2026-08-07 19:50:45,@user2497,Industrial District,Pedestrian struck by a speeding car in Industrial District. Needs immediate medical attention!
2026-08-07 19:51:19,@user3533,North Hills,"Lost dog found near North Hills, please share!"
2026-08-07 19:51:50,@user3431,Downtown,Anyone know why the power is out in Downtown?
2026-08-07 19:52:11,@user8780,Central Park,Brush fire spreading fast near Central Park due to the high winds. @FireDept
2026-08-07 19:52:21,@user4532,North Hills,Major explosion at North Hills factory! Massive fire and many people injured. We need fire and medical now!
2026-08-07 19:52:26,@user8351,Main Street,"Lost dog found near Main Street, please share!"
2026-08-07 19:52:44,@user6151,Route 66,Building collapse in Route 66 due to the fire. Paramedics and Firefighters needed immediately.
2026-08-07 19:53:39,@user4250,Westside,Smell smoke coming from the apartment complex on Westside. Fire alarms are going off!
2026-08-07 19:54:11,@user2784,Southside,Is something burning in Southside? Thick black smoke in the sky.
2026-08-07 19:54:59,@user3206,Westside,Smell smoke coming from the apartment complex on Westside. Fire alarms are going off!
2026-08-07 19:55:25,@user6136,Southside,Cyclist hit by a truck at the intersection of Southside. Looks really bad. @Medical
2026-08-07 19:56:20,@user1513,Westside,Brush fire spreading fast near Westside due to the high winds. @FireDept
2026-08-07 19:57:12,@user8912,Suburbs,"Someone collapsed on the sidewalk in Suburbs, they aren't breathing! Need a medic ASAP."
2026-08-07 19:57:41,@user5063,Southside,Huge flames seen at the Southside warehouse! Looks like a 3-alarm fire. #fire #emergency
2026-08-07 19:58:15,@user9538,Industrial District,"Lost dog found near Industrial District, please share!"
2026-08-07 19:58:29,@user7831,Main Street,Traffic is terrible around Main Street today. Ugh.
2026-08-07 19:58:53,@user7492,Southside,"Heart attack suspected at the gym in Southside. CPR in progress, where is the ambulance?!"
2026-08-07 19:58:59,@user7749,Suburbs,Building collapse in Suburbs due to the fire. Paramedics and Firefighters needed immediately.
2026-08-07 19:59:52,@user5048,North Hills,Terrible multi-car crash at North Hills. At least 3 people look badly injured. Send ambulances! #accident
2026-08-07 20:00:11,@user2863,Route 66,"Heart attack suspected at the gym in Route 66. CPR in progress, where is the ambulance?!"
2026-08-07 20:00:39,@user6872,Old Town,Brush fire spreading fast near Old Town due to the high winds. @FireDept
2026-08-07 20:01:18,@user3713,Downtown,Brush fire spreading fast near Downtown due to the high winds. @FireDept
2026-08-07 20:02:08,@user9483,Industrial District,Brush fire spreading fast near Industrial District due to the high winds. @FireDept
2026-08-07 20:03:00,@user3979,Industrial District,"Car on fire on Industrial District, traffic is completely stopped. Send firetrucks!"
2026-08-07 20:03:56,@user6790,Downtown,Massive food poisoning outbreak at the festival in Downtown. Dozens of people need hospitalization.
2026-08-07 20:04:48,@user4926,Central Park,Massive food poisoning outbreak at the festival in Central Park. Dozens of people need hospitalization.
2026-08-07 20:04:55,@user5528,Route 66,Just got the best coffee in Route 66. What a beautiful day!
2026-08-07 20:05:50,@user8118,North Hills,"Heart attack suspected at the gym in North Hills. CPR in progress, where is the ambulance?!"
2026-08-07 20:06:00,@user5691,Route 66,Roof collapsed at the construction site in Route 66. Multiple workers trapped and injured.
2026-08-07 20:06:36,@user1873,Downtown,Pedestrian struck by a speeding car in Downtown. Needs immediate medical attention!
2026-08-07 20:06:47,@user7004,North Hills,Terrible multi-car crash at North Hills. At least 3 people look badly injured. Send ambulances! #accident
2026-08-07 20:06:59,@user6094,Old Town,Major explosion at Old Town factory! Massive fire and many people injured. We need fire and medical now!
2026-08-07 20:07:20,@user6793,Industrial District,Major explosion at Industrial District factory! Massive fire and many people injured. We need fire and medical now!
2026-08-07 20:07:37,@user1671,Industrial District,Anyone know why the power is out in Industrial District?
2026-08-07 20:07:58,@user2705,North Hills,Traffic is terrible around North Hills today. Ugh.
2026-08-07 20:08:24,@user3715,Suburbs,Major explosion at Suburbs factory! Massive fire and many people injured. We need fire and medical now!
2026-08-07 20:08:53,@user4315,Central Park,Massive food poisoning outbreak at the festival in Central Park. Dozens of people need hospitalization.
2026-08-07 20:09:17,@user8619,Southside,Anyone know why the power is out in Southside?
2026-08-07 20:09:42,@user1432,Westside,"Someone collapsed on the sidewalk in Westside, they aren't breathing! Need a medic ASAP."
2026-08-07 20:10:12,@user5271,Old Town,Small electrical fire started at the bakery in Old Town. Needs putting out.
2026-08-07 20:10:29,@user5627,North Hills,"Explosion heard near North Hills, now there's a massive fire! People are running."
2026-08-07 20:11:22,@user7992,Old Town,Cyclist hit by a truck at the intersection of Old Town. Looks really bad. @Medical
2026-08-07 20:11:38,@user1939,Downtown,Roof collapsed at the construction site in Downtown. Multiple workers trapped and injured.
2026-08-07 20:12:28,@user9867,Central Park,Major explosion at Central Park factory! Massive fire and many people injured. We need fire and medical now!
2026-08-07 20:12:47,@user3214,Downtown,Anyone know why the power is out in Downtown?
2026-08-07 20:13:39,@user6274,Route 66,"Someone collapsed on the sidewalk in Route 66, they aren't breathing! Need a medic ASAP."
2026-08-07 20:13:45,@user6673,Route 66,Is something burning in Route 66? Thick black smoke in the sky.
2026-08-07 20:14:21,@user9218,Southside,Pedestrian struck by a speeding car in Southside. Needs immediate medical attention!
2026-08-07 20:15:09,@user9199,Industrial District,Building collapse in Industrial District due to the fire. Paramedics and Firefighters needed immediately.
2026-08-07 20:15:19,@user2616,Main Street,"Lost dog found near Main Street, please share!"
2026-08-07 20:15:30,@user8250,Route 66,Major explosion at Route 66 factory! Massive fire and many people injured. We need fire and medical now!
2026-08-07 20:15:39,@user8472,Downtown,Building collapse in Downtown due to the fire. Paramedics and Firefighters needed immediately.
2026-08-07 20:16:01,@user9491,Southside,Small electrical fire started at the bakery in Southside. Needs putting out.
2026-08-07 20:16:13,@user8675,Central Park,Just got the best coffee in Central Park. What a beautiful day!
2026-08-07 20:17:03,@user6897,Southside,Massive food poisoning outbreak at the festival in Southside. Dozens of people need hospitalization.
2026-08-07 20:17:59,@user4991,Old Town,"Lost dog found near Old Town, please share!"
2026-08-07 20:18:32,@user8372,North Hills,Smell smoke coming from the apartment complex on North Hills. Fire alarms are going off!
2026-08-07 20:19:31,@user9364,Southside,Smell smoke coming from the apartment complex on Southside. Fire alarms are going off!
2026-08-07 20:20:10,@user6988,Southside,"Someone collapsed on the sidewalk in Southside, they aren't breathing! Need a medic ASAP."
2026-08-07 20:21:04,@user5591,Main Street,Small electrical fire started at the bakery in Main Street. Needs putting out.
2026-08-07 20:21:59,@user5865,North Hills,Terrible multi-car crash at North Hills. At least 3 people look badly injured. Send ambulances! #accident
2026-08-07 20:22:39,@user7259,Downtown,Huge flames seen at the Downtown warehouse! Looks like a 3-alarm fire. #fire #emergency
2026-08-07 20:23:03,@user2164,Downtown,Smell smoke coming from the apartment complex on Downtown. Fire alarms are going off!
2026-08-07 20:23:24,@user3998,North Hills,Massive food poisoning outbreak at the festival in North Hills. Dozens of people need hospitalization.
2026-08-07 20:23:49,@user3716,Industrial District,Smell smoke coming from the apartment complex on Industrial District. Fire alarms are going off!
2026-08-07 20:24:13,@user5617,Southside,Anyone know why the power is out in Southside?
2026-08-07 20:24:29,@user3859,Old Town,Cyclist hit by a truck at the intersection of Old Town. Looks really bad. @Medical
2026-08-07 20:25:23,@user3367,Westside,Terrible multi-car crash at Westside. At least 3 people look badly injured. Send ambulances! #accident
2026-08-07 20:25:56,@user4711,Industrial District,"Car on fire on Industrial District, traffic is completely stopped. Send firetrucks!"
2026-08-07 20:26:15,@user1520,Main Street,Smell smoke coming from the apartment complex on Main Street. Fire alarms are going off!
2026-08-07 20:27:09,@user4105,Main Street,Traffic is terrible around Main Street today. Ugh.
2026-08-07 20:27:59,@user9773,Downtown,Terrible multi-car crash at Downtown. At least 3 people look badly injured. Send ambulances! #accident
2026-08-07 20:28:23,@user9555,Main Street,Huge flames seen at the Main Street warehouse! Looks like a 3-alarm fire. #fire #emergency
2026-08-07 20:28:56,@user8662,Downtown,Anyone know why the power is out in Downtown?
2026-08-07 20:29:12,@user4809,Suburbs,Major explosion at Suburbs factory! Massive fire and many people injured. We need fire and medical now!
2026-08-07 20:30:09,@user3377,Route 66,Anyone know why the power is out in Route 66?
2026-08-07 20:30:21,@user5853,North Hills,Major explosion at North Hills factory! Massive fire and many people injured. We need fire and medical now!
2026-08-07 20:30:59,@user5333,Industrial District,Small electrical fire started at the bakery in Industrial District. Needs putting out.
2026-08-07 20:31:41,@user9086,Industrial District,Is something burning in Industrial District? Thick black smoke in the sky.
2026-08-07 20:32:31,@user1136,North Hills,"Someone collapsed on the sidewalk in North Hills, they aren't breathing! Need a medic ASAP."
2026-08-07 20:32:49,@user7630,Main Street,Massive food poisoning outbreak at the festival in Main Street. Dozens of people need hospitalization.
2026-08-07 20:33:23,@user5593,Southside,Small electrical fire started at the bakery in Southside. Needs putting out.
2026-08-07 20:33:26,@user7486,Suburbs,Massive food poisoning outbreak at the festival in Suburbs. Dozens of people need hospitalization.
2026-08-07 20:34:21,@user8460,Westside,Anyone know why the power is out in Westside?
2026-08-07 20:34:49,@user4493,Downtown,Brush fire spreading fast near Downtown due to the high winds. @FireDept
2026-08-07 20:35:10,@user1600,Westside,Traffic is terrible around Westside today. Ugh.
2026-08-07 20:36:03,@user3248,Suburbs,Traffic is terrible around Suburbs today. Ugh.
2026-08-07 20:36:46,@user8872,Industrial District,Huge flames seen at the Industrial District warehouse! Looks like a 3-alarm fire. #fire #emergency
2026-08-07 20:37:21,@user1709,Main Street,Cyclist hit by a truck at the intersection of Main Street. Looks really bad. @Medical
2026-08-07 20:38:19,@user3131,North Hills,"Heart attack suspected at the gym in North Hills. CPR in progress, where is the ambulance?!"
2026-08-07 20:38:27,@user5617,Central Park,Brush fire spreading fast near Central Park due to the high winds. @FireDept
2026-08-07 20:39:23,@user2970,Suburbs,Anyone know why the power is out in Suburbs?
2026-08-07 20:39:54,@user9336,Old Town,Pedestrian struck by a speeding car in Old Town. Needs immediate medical attention!
2026-08-07 20:40:53,@user1378,Main Street,Is something burning in Main Street? Thick black smoke in the sky.
2026-08-07 20:41:18,@user2760,Downtown,Traffic is terrible around Downtown today. Ugh.
2026-08-07 20:42:07,@user9314,Downtown,Traffic is terrible around Downtown today. Ugh.
2026-08-07 20:42:11,@user8673,Main Street,"Explosion heard near Main Street, now there's a massive fire! People are running."
2026-08-07 20:43:07,@user2178,Industrial District,"Lost dog found near Industrial District, please share!"
2026-08-07 20:43:28,@user7871,Westside,Small electrical fire started at the bakery in Westside. Needs putting out.
2026-08-07 20:43:55,@user7440,Old Town,Building collapse in Old Town due to the fire. Paramedics and Firefighters needed immediately.
2026-08-07 20:44:07,@user6658,Suburbs,"Lost dog found near Suburbs, please share!"
2026-08-07 20:45:04,@user9629,Suburbs,Just got the best coffee in Suburbs. What a beautiful day!
2026-08-07 20:45:55,@user4084,Main Street,Roof collapsed at the construction site in Main Street. Multiple workers trapped and injured.
2026-08-07 20:46:50,@user1603,Route 66,Just got the best coffee in Route 66. What a beautiful day!
2026-08-07 20:47:09,@user4050,Route 66,"Lost dog found near Route 66, please share!"
2026-08-07 20:47:37,@user6538,Industrial District,"Explosion heard near Industrial District, now there's a massive fire! People are running."
2026-08-07 20:47:45,@user9988,Old Town,Traffic is terrible around Old Town today. Ugh.
2026-08-07 20:48:06,@user9605,Downtown,"Lost dog found near Downtown, please share!"
2026-08-07 20:49:01,@user9807,Industrial District,Cyclist hit by a truck at the intersection of Industrial District. Looks really bad. @Medical
2026-08-07 20:49:10,@user7736,Southside,Building collapse in Southside due to the fire. Paramedics and Firefighters needed immediately.
2026-08-07 20:49:58,@user7881,Southside,Smell smoke coming from the apartment complex on Southside. Fire alarms are going off!
2026-08-07 20:50:26,@user8841,Route 66,Huge flames seen at the Route 66 warehouse! Looks like a 3-alarm fire. #fire #emergency
2026-08-07 20:50:27,@user5386,Suburbs,"Heart attack suspected at the gym in Suburbs. CPR in progress, where is the ambulance?!"
2026-08-07 20:51:27,@user6866,Central Park,Roof collapsed at the construction site in Central Park. Multiple workers trapped and injured.
2026-08-07 20:52:19,@user5816,Industrial District,Pedestrian struck by a speeding car in Industrial District. Needs immediate medical attention!
2026-08-07 20:52:56,@user3108,Main Street,Just got the best coffee in Main Street. What a beautiful day!
2026-08-07 20:53:26,@user9989,Main Street,Building collapse in Main Street due to the fire. Paramedics and Firefighters needed immediately.
2026-08-07 20:53:48,@user6422,Old Town,Is something burning in Old Town? Thick black smoke in the sky.
2026-08-07 20:54:33,@user3238,Main Street,Roof collapsed at the construction site in Main Street. Multiple workers trapped and injured.
2026-08-07 20:55:03,@user2725,Industrial District,Pedestrian struck by a speeding car in Industrial District. Needs immediate medical attention!
2026-08-07 20:55:17,@user1271,Central Park,Brush fire spreading fast near Central Park due to the high winds. @FireDept
2026-08-07 20:55:50,@user4257,Downtown,"Heart attack suspected at the gym in Downtown. CPR in progress, where is the ambulance?!"
2026-08-07 20:56:11,@user9090,Downtown,Cyclist hit by a truck at the intersection of Downtown. Looks really bad. @Medical
2026-08-07 20:57:08,@user7692,Downtown,Roof collapsed at the construction site in Downtown. Multiple workers trapped and injured.
2026-08-07 20:57:29,@user8443,North Hills,Anyone know why the power is out in North Hills?
2026-08-07 20:58:18,@user1121,North Hills,Building collapse in North Hills due to the fire. Paramedics and Firefighters needed immediately.
2026-08-07 20:58:21,@user1209,Westside,"Heart attack suspected at the gym in Westside. CPR in progress, where is the ambulance?!"
2026-08-07 20:59:21,@user2537,Downtown,Smell smoke coming from the apartment complex on Downtown. Fire alarms are going off!
2026-08-07 21:00:04,@user6811,Main Street,Small electrical fire started at the bakery in Main Street. Needs putting out.
2026-08-07 21:00:21,@user8858,Southside,Cyclist hit by a truck at the intersection of Southside. Looks really bad. @Medical
2026-08-07 21:00:40,@user6947,Main Street,Brush fire spreading fast near Main Street due to the high winds. @FireDept
2026-08-07 21:01:14,@user4666,Central Park,Just got the best coffee in Central Park. What a beautiful day!
2026-08-07 21:02:12,@user2993,North Hills,Is something burning in North Hills? Thick black smoke in the sky.
2026-08-07 21:02:37,@user9118,Central Park,Massive food poisoning outbreak at the festival in Central Park. Dozens of people need hospitalization.
2026-08-07 21:03:06,@user9837,Southside,Anyone know why the power is out in Southside?
2026-08-07 21:03:55,@user9562,Route 66,"Heart attack suspected at the gym in Route 66. CPR in progress, where is the ambulance?!"
2026-08-07 21:04:55,@user2762,Old Town,Cyclist hit by a truck at the intersection of Old Town. Looks really bad. @Medical
2026-08-07 21:05:21,@user1082,Westside,"Lost dog found near Westside, please share!"
2026-08-07 21:05:43,@user7839,North Hills,Building collapse in North Hills due to the fire. Paramedics and Firefighters needed immediately.
2026-08-07 21:05:50,@user8806,Suburbs,Traffic is terrible around Suburbs today. Ugh.
2026-08-07 21:06:19,@user6527,Westside,"Heart attack suspected at the gym in Westside. CPR in progress, where is the ambulance?!"
2026-08-07 21:06:58,@user1845,Old Town,"Lost dog found near Old Town, please share!"
2026-08-07 21:07:01,@user2651,Old Town,Is something burning in Old Town? Thick black smoke in the sky.
2026-08-07 21:07:35,@user3100,Main Street,Major explosion at Main Street factory! Massive fire and many people injured. We need fire and medical now!
2026-08-07 21:07:43,@user7407,Central Park,Traffic is terrible around Central Park today. Ugh.
2026-08-07 21:08:39,@user7657,Main Street,Major explosion at Main Street factory! Massive fire and many people injured. We need fire and medical now!
2026-08-07 21:08:52,@user1104,Main Street,Huge flames seen at the Main Street warehouse! Looks like a 3-alarm fire. #fire #emergency
2026-08-07 21:09:48,@user1974,Downtown,Is something burning in Downtown? Thick black smoke in the sky.
2026-08-07 21:10:48,@user8900,Route 66,Terrible multi-car crash at Route 66. At least 3 people look badly injured. Send ambulances! #accident
2026-08-07 21:11:39,@user4349,Route 66,Major explosion at Route 66 factory! Massive fire and many people injured. We need fire and medical now!
2026-08-07 21:12:19,@user8521,Industrial District,Just got the best coffee in Industrial District. What a beautiful day!
2026-08-07 21:12:52,@user6828,North Hills,Cyclist hit by a truck at the intersection of North Hills. Looks really bad. @Medical
2026-08-07 21:12:58,@user9559,Southside,Pedestrian struck by a speeding car in Southside. Needs immediate medical attention!
2026-08-07 21:13:09,@user6617,Central Park,"Lost dog found near Central Park, please share!"
2026-08-07 21:13:53,@user6041,Southside,Is something burning in Southside? Thick black smoke in the sky.
2026-08-07 21:14:19,@user4470,Old Town,Small electrical fire started at the bakery in Old Town. Needs putting out.
2026-08-07 21:15:19,@user6394,Industrial District,Is something burning in Industrial District? Thick black smoke in the sky.
2026-08-07 21:15:48,@user6641,Industrial District,Cyclist hit by a truck at the intersection of Industrial District. Looks really bad. @Medical
2026-08-07 21:16:12,@user7959,Route 66,Terrible multi-car crash at Route 66. At least 3 people look badly injured. Send ambulances! #accident
2026-08-07 21:16:42,@user4963,Old Town,Major explosion at Old Town factory! Massive fire and many people injured. We need fire and medical now!
2026-08-07 21:17:05,@user1809,Westside,"Explosion heard near Westside, now there's a massive fire! People are running."
2026-08-07 21:17:49,@user7993,Route 66,Is something burning in Route 66? Thick black smoke in the sky.
2026-08-07 21:18:13,@user1784,Old Town,Building collapse in Old Town due to the fire. Paramedics and Firefighters needed immediately.
2026-08-07 21:19:01,@user3940,Old Town,Brush fire spreading fast near Old Town due to the high winds. @FireDept
2026-08-07 21:19:34,@user9628,Central Park,Anyone know why the power is out in Central Park?
2026-08-07 21:20:23,@user3652,Old Town,Roof collapsed at the construction site in Old Town. Multiple workers trapped and injured.
2026-08-07 21:21:20,@user3104,Old Town,"Explosion heard near Old Town, now there's a massive fire! People are running."
2026-08-07 21:22:18,@user2935,Main Street,Cyclist hit by a truck at the intersection of Main Street. Looks really bad. @Medical
2026-08-07 21:22:31,@user1986,Westside,Building collapse in Westside due to the fire. Paramedics and Firefighters needed immediately.
2026-08-07 21:23:26,@user6782,Downtown,Anyone know why the power is out in Downtown?
2026-08-07 21:23:28,@user4021,Route 66,Cyclist hit by a truck at the intersection of Route 66. Looks really bad. @Medical
2026-08-07 21:24:14,@user9904,Main Street,Building collapse in Main Street due to the fire. Paramedics and Firefighters needed immediately.
2026-08-07 21:25:08,@user7957,North Hills,Is something burning in North Hills? Thick black smoke in the sky.
2026-08-07 21:26:06,@user6650,Central Park,Smell smoke coming from the apartment complex on Central Park. Fire alarms are going off!
2026-08-07 21:26:10,@user9442,Downtown,Small electrical fire started at the bakery in Downtown. Needs putting out.
2026-08-07 21:27:01,@user5589,Route 66,Small electrical fire started at the bakery in Route 66. Needs putting out.
2026-08-07 21:27:25,@user1074,Old Town,Pedestrian struck by a speeding car in Old Town. Needs immediate medical attention!
2026-08-07 21:28:10,@user7926,Industrial District,"Someone collapsed on the sidewalk in Industrial District, they aren't breathing! Need a medic ASAP."
2026-08-07 21:28:21,@user2002,Route 66,Cyclist hit by a truck at the intersection of Route 66. Looks really bad. @Medical
2026-08-07 21:28:43,@user9117,Route 66,Is something burning in Route 66? Thick black smoke in the sky.
2026-08-07 21:29:22,@user6011,Downtown,"Lost dog found near Downtown, please share!"
2026-08-07 21:29:42,@user5139,Downtown,Building collapse in Downtown due to the fire. Paramedics and Firefighters needed immediately.
2026-08-07 21:30:12,@user4222,Downtown,"Heart attack suspected at the gym in Downtown. CPR in progress, where is the ambulance?!"
2026-08-07 21:31:06,@user4670,Downtown,Massive food poisoning outbreak at the festival in Downtown. Dozens of people need hospitalization.
2026-08-07 21:31:30,@user9804,Route 66,Smell smoke coming from the apartment complex on Route 66. Fire alarms are going off!
2026-08-07 21:31:55,@user3207,Main Street,Roof collapsed at the construction site in Main Street. Multiple workers trapped and injured.
2026-08-07 21:32:12,@user3095,Route 66,Pedestrian struck by a speeding car in Route 66. Needs immediate medical attention!
2026-08-07 21:33:04,@user9126,North Hills,Smell smoke coming from the apartment complex on North Hills. Fire alarms are going off!
2026-08-07 21:33:15,@user9141,Old Town,Anyone know why the power is out in Old Town?
2026-08-07 21:33:49,@user9729,Downtown,"Car on fire on Downtown, traffic is completely stopped. Send firetrucks!"
2026-08-07 21:34:23,@user7979,Southside,Roof collapsed at the construction site in Southside. Multiple workers trapped and injured.
2026-08-07 21:35:21,@user9453,Suburbs,Is something burning in Suburbs? Thick black smoke in the sky.
2026-08-07 21:35:38,@user8245,Industrial District,Small electrical fire started at the bakery in Industrial District. Needs putting out.
2026-08-07 21:36:00,@user9093,Southside,Pedestrian struck by a speeding car in Southside. Needs immediate medical attention!
2026-08-07 21:37:00,@user7343,Old Town,Huge flames seen at the Old Town warehouse! Looks like a 3-alarm fire. #fire #emergency
2026-08-07 21:37:28,@user8781,Downtown,Traffic is terrible around Downtown today. Ugh.
2026-08-07 21:37:48,@user9421,Southside,Building collapse in Southside due to the fire. Paramedics and Firefighters needed immediately.
2026-08-07 21:37:54,@user3424,Southside,Small electrical fire started at the bakery in Southside. Needs putting out.
2026-08-07 21:38:13,@user4062,Downtown,Pedestrian struck by a speeding car in Downtown. Needs immediate medical attention!
2026-08-07 21:38:40,@user4649,Central Park,Small electrical fire started at the bakery in Central Park. Needs putting out.
2026-08-07 21:39:15,@user9276,Old Town,Smell smoke coming from the apartment complex on Old Town. Fire alarms are going off!
2026-08-07 21:40:07,@user5717,Downtown,Building collapse in Downtown due to the fire. Paramedics and Firefighters needed immediately.
2026-08-07 21:40:48,@user6157,Southside,Pedestrian struck by a speeding car in Southside. Needs immediate medical attention!
2026-08-07 21:41:04,@user1220,North Hills,Major explosion at North Hills factory! Massive fire and many people injured. We need fire and medical now!
2026-08-07 21:41:33,@user7506,Southside,Roof collapsed at the construction site in Southside. Multiple workers trapped and injured.
2026-08-07 21:42:32,@user4960,Southside,Traffic is terrible around Southside today. Ugh.
2026-08-07 21:43:22,@user8725,Main Street,Roof collapsed at the construction site in Main Street. Multiple workers trapped and injured.
2026-08-07 21:43:43,@user6962,Westside,Terrible multi-car crash at Westside. At least 3 people look badly injured. Send ambulances! #accident
2026-08-07 21:43:56,@user8078,Route 66,Building collapse in Route 66 due to the fire. Paramedics and Firefighters needed immediately.
2026-08-07 21:44:44,@user7768,North Hills,Brush fire spreading fast near North Hills due to the high winds. @FireDept
2026-08-07 21:44:58,@user4785,Downtown,Major explosion at Downtown factory! Massive fire and many people injured. We need fire and medical now!
2026-08-07 21:45:43,@user7316,Old Town,Smell smoke coming from the apartment complex on Old Town. Fire alarms are going off!
2026-08-07 21:46:03,@user6338,Downtown,"Someone collapsed on the sidewalk in Downtown, they aren't breathing! Need a medic ASAP."
2026-08-07 21:46:12,@user8378,Route 66,Major explosion at Route 66 factory! Massive fire and many people injured. We need fire and medical now!
2026-08-07 21:46:18,@user4578,North Hills,"Lost dog found near North Hills, please share!"
2026-08-07 21:47:18,@user8401,Westside,Roof collapsed at the construction site in Westside. Multiple workers trapped and injured.
2026-08-07 21:47:57,@user1920,Suburbs,Small electrical fire started at the bakery in Suburbs. Needs putting out.
2026-08-07 21:47:58,@user8451,Main Street,"Lost dog found near Main Street, please share!"
2026-08-07 21:48:42,@user5567,Industrial District,Small electrical fire started at the bakery in Industrial District. Needs putting out.
2026-08-07 21:49:16,@user2539,Main Street,"Lost dog found near Main Street, please share!"
2026-08-07 21:49:45,@user5130,Westside,Huge flames seen at the Westside warehouse! Looks like a 3-alarm fire. #fire #emergency
2026-08-07 21:50:19,@user6993,Route 66,Building collapse in Route 66 due to the fire. Paramedics and Firefighters needed immediately.
2026-08-07 21:50:45,@user2479,Suburbs,Pedestrian struck by a speeding car in Suburbs. Needs immediate medical attention!
2026-08-07 21:51:41,@user5986,Suburbs,"Car on fire on Suburbs, traffic is completely stopped. Send firetrucks!"
2026-08-07 21:51:46,@user4107,Westside,Traffic is terrible around Westside today. Ugh.
2026-08-07 21:51:47,@user1325,Old Town,Building collapse in Old Town due to the fire. Paramedics and Firefighters needed immediately.
2026-08-07 21:52:22,@user4591,Main Street,Major explosion at Main Street factory! Massive fire and many people injured. We need fire and medical now!
2026-08-07 21:53:11,@user7254,Old Town,Huge flames seen at the Old Town warehouse! Looks like a 3-alarm fire. #fire #emergency
2026-08-07 21:53:39,@user5528,Westside,Building collapse in Westside due to the fire. Paramedics and Firefighters needed immediately.
2026-08-07 21:54:02,@user9059,Industrial District,"Car on fire on Industrial District, traffic is completely stopped. Send firetrucks!"
2026-08-07 21:54:55,@user8384,Westside,Roof collapsed at the construction site in Westside. Multiple workers trapped and injured.
2026-08-07 21:55:05,@user1203,Downtown,Anyone know why the power is out in Downtown?
2026-08-07 21:55:20,@user1898,Main Street,Building collapse in Main Street due to the fire. Paramedics and Firefighters needed immediately.
2026-08-07 21:56:13,@user6299,Suburbs,Small electrical fire started at the bakery in Suburbs. Needs putting out.
2026-08-07 21:57:04,@user6297,Industrial District,Traffic is terrible around Industrial District today. Ugh.
2026-08-07 21:57:25,@user3283,Old Town,Huge flames seen at the Old Town warehouse! Looks like a 3-alarm fire. #fire #emergency
2026-08-07 21:57:31,@user4819,Downtown,Small electrical fire started at the bakery in Downtown. Needs putting out.
2026-08-07 21:58:24,@user8700,Suburbs,Just got the best coffee in Suburbs. What a beautiful day!
2026-08-07 21:59:12,@user2908,Southside,Building collapse in Southside due to the fire. Paramedics and Firefighters needed immediately.
2026-08-07 21:59:58,@user3613,Southside,Roof collapsed at the construction site in Southside. Multiple workers trapped and injured.
2026-08-07 22:00:24,@user8162,Downtown,Major explosion at Downtown factory! Massive fire and many people injured. We need fire and medical now!
2026-08-07 22:00:51,@user6430,North Hills,Major explosion at North Hills factory! Massive fire and many people injured. We need fire and medical now!
2026-08-07 22:00:59,@user1969,Downtown,Small electrical fire started at the bakery in Downtown. Needs putting out.
2026-08-07 22:01:27,@user9769,Old Town,"Heart attack suspected at the gym in Old Town. CPR in progress, where is the ambulance?!"
2026-08-07 22:01:41,@user7956,Route 66,Cyclist hit by a truck at the intersection of Route 66. Looks really bad. @Medical
2026-08-07 22:01:43,@user2554,Main Street,"Heart attack suspected at the gym in Main Street. CPR in progress, where is the ambulance?!"
2026-08-07 22:01:53,@user3570,Westside,Massive food poisoning outbreak at the festival in Westside. Dozens of people need hospitalization.
2026-08-07 22:02:28,@user9102,Industrial District,Small electrical fire started at the bakery in Industrial District. Needs putting out.
2026-08-07 22:02:29,@user4297,Westside,Just got the best coffee in Westside. What a beautiful day!
2026-08-07 22:03:10,@user7683,Suburbs,Small electrical fire started at the bakery in Suburbs. Needs putting out.
2026-08-07 22:03:53,@user9652,Downtown,Just got the best coffee in Downtown. What a beautiful day!
2026-08-07 22:04:02,@user3162,Route 66,Cyclist hit by a truck at the intersection of Route 66. Looks really bad. @Medical
2026-08-07 22:04:28,@user2891,Main Street,Major explosion at Main Street factory! Massive fire and many people injured. We need fire and medical now!
2026-08-07 22:05:06,@user7019,Westside,Roof collapsed at the construction site in Westside. Multiple workers trapped and injured.
2026-08-07 22:05:37,@user2634,Westside,Massive food poisoning outbreak at the festival in Westside. Dozens of people need hospitalization.
2026-08-07 22:05:49,@user2877,Central Park,"Heart attack suspected at the gym in Central Park. CPR in progress, where is the ambulance?!"
2026-08-07 22:06:46,@user1879,Suburbs,"Car on fire on Suburbs, traffic is completely stopped. Send firetrucks!"
2026-08-07 22:06:50,@user5678,Central Park,Is something burning in Central Park? Thick black smoke in the sky.
2026-08-07 22:06:59,@user9522,Old Town,Roof collapsed at the construction site in Old Town. Multiple workers trapped and injured.
2026-08-07 22:07:07,@user4313,Central Park,"Explosion heard near Central Park, now there's a massive fire! People are running."
2026-08-07 22:07:14,@user2369,Westside,Is something burning in Westside? Thick black smoke in the sky.
2026-08-07 22:07:48,@user1711,Main Street,Massive food poisoning outbreak at the festival in Main Street. Dozens of people need hospitalization.
2026-08-07 22:08:17,@user4851,Old Town,Smell smoke coming from the apartment complex on Old Town. Fire alarms are going off!
2026-08-07 22:09:14,@user7666,Central Park,Is something burning in Central Park? Thick black smoke in the sky.
2026-08-07 22:10:06,@user3673,Main Street,Terrible multi-car crash at Main Street. At least 3 people look badly injured. Send ambulances! #accident
2026-08-07 22:10:45,@user8219,Old Town,Building collapse in Old Town due to the fire. Paramedics and Firefighters needed immediately.
2026-08-07 22:11:37,@user8412,Central Park,Is something burning in Central Park? Thick black smoke in the sky.
2026-08-07 22:11:45,@user3144,Westside,Huge flames seen at the Westside warehouse! Looks like a 3-alarm fire. #fire #emergency
2026-08-07 22:12:39,@user8719,Suburbs,"Someone collapsed on the sidewalk in Suburbs, they aren't breathing! Need a medic ASAP."
2026-08-07 22:12:41,@user8608,Downtown,"Explosion heard near Downtown, now there's a massive fire! People are running."
2026-08-07 22:13:16,@user3026,Central Park,Smell smoke coming from the apartment complex on Central Park. Fire alarms are going off!
2026-08-07 22:13:52,@user4550,Westside,"Lost dog found near Westside, please share!"
2026-08-07 22:14:17,@user8989,Westside,Anyone know why the power is out in Westside?
2026-08-07 22:15:06,@user2048,Central Park,Pedestrian struck by a speeding car in Central Park. Needs immediate medical attention!
2026-08-07 22:15:24,@user4635,Route 66,Anyone know why the power is out in Route 66?
2026-08-07 22:15:40,@user5188,Route 66,Small electrical fire started at the bakery in Route 66. Needs putting out.
2026-08-07 22:15:44,@user9494,North Hills,Anyone know why the power is out in North Hills?
2026-08-07 22:15:58,@user8627,Suburbs,"Car on fire on Suburbs, traffic is completely stopped. Send firetrucks!"
2026-08-07 22:16:40,@user4612,Route 66,Terrible multi-car crash at Route 66. At least 3 people look badly injured. Send ambulances! #accident
2026-08-07 22:17:21,@user3397,Suburbs,Cyclist hit by a truck at the intersection of Suburbs. Looks really bad. @Medical
2026-08-07 22:17:47,@user1008,Central Park,Just got the best coffee in Central Park. What a beautiful day!
2026-08-07 22:18:18,@user8871,Downtown,Is something burning in Downtown? Thick black smoke in the sky.
2026-08-07 22:18:20,@user3135,Southside,"Explosion heard near Southside, now there's a massive fire! People are running."
2026-08-07 22:18:26,@user7595,Central Park,"Heart attack suspected at the gym in Central Park. CPR in progress, where is the ambulance?!"
2026-08-07 22:19:22,@user9696,Route 66,Just got the best coffee in Route 66. What a beautiful day!
2026-08-07 22:19:39,@user2939,Old Town,Is something burning in Old Town? Thick black smoke in the sky.
2026-08-07 22:20:24,@user6841,Central Park,Huge flames seen at the Central Park warehouse! Looks like a 3-alarm fire. #fire #emergency
2026-08-07 22:20:53,@user6116,Route 66,Building collapse in Route 66 due to the fire. Paramedics and Firefighters needed immediately.
2026-08-07 22:21:45,@user5872,Downtown,Just got the best coffee in Downtown. What a beautiful day!
2026-08-07 22:22:12,@user7825,Old Town,"Someone collapsed on the sidewalk in Old Town, they aren't breathing! Need a medic ASAP."
2026-08-07 22:22:23,@user6441,Industrial District,"Explosion heard near Industrial District, now there's a massive fire! People are running."
2026-08-07 22:23:06,@user3338,Westside,"Someone collapsed on the sidewalk in Westside, they aren't breathing! Need a medic ASAP."
2026-08-07 22:23:13,@user9184,Southside,Major explosion at Southside factory! Massive fire and many people injured. We need fire and medical now!
2026-08-07 22:24:06,@user8840,Industrial District,Major explosion at Industrial District factory! Massive fire and many people injured. We need fire and medical now!
2026-08-07 22:24:07,@user9016,Route 66,"Someone collapsed on the sidewalk in Route 66, they aren't breathing! Need a medic ASAP."
2026-08-07 22:24:17,@user4606,Industrial District,Just got the best coffee in Industrial District. What a beautiful day!
2026-08-07 22:24:33,@user3213,North Hills,"Heart attack suspected at the gym in North Hills. CPR in progress, where is the ambulance?!"
2026-08-07 22:24:58,@user8976,Southside,Cyclist hit by a truck at the intersection of Southside. Looks really bad. @Medical
2026-08-07 22:25:41,@user4814,Downtown,Pedestrian struck by a speeding car in Downtown. Needs immediate medical attention!
2026-08-07 22:26:16,@user2480,Central Park,Huge flames seen at the Central Park warehouse! Looks like a 3-alarm fire. #fire #emergency
2026-08-07 22:26:18,@user7531,North Hills,"Heart attack suspected at the gym in North Hills. CPR in progress, where is the ambulance?!"
2026-08-07 22:26:46,@user3033,Main Street,Roof collapsed at the construction site in Main Street. Multiple workers trapped and injured.
2026-08-07 22:27:29,@user4911,Suburbs,Just got the best coffee in Suburbs. What a beautiful day!
2026-08-07 22:28:14,@user4366,Southside,"Explosion heard near Southside, now there's a massive fire! People are running."
2026-08-07 22:28:50,@user7401,Industrial District,Small electrical fire started at the bakery in Industrial District. Needs putting out.
2026-08-07 22:29:44,@user8850,Central Park,"Heart attack suspected at the gym in Central Park. CPR in progress, where is the ambulance?!"
2026-08-07 22:30:22,@user3549,Downtown,Just got the best coffee in Downtown. What a beautiful day!
2026-08-07 22:30:37,@user2832,Old Town,Smell smoke coming from the apartment complex on Old Town. Fire alarms are going off!
2026-08-07 22:31:03,@user2902,Industrial District,Major explosion at Industrial District factory! Massive fire and many people injured. We need fire and medical now!
2026-08-07 22:31:16,@user7095,Main Street,"Explosion heard near Main Street, now there's a massive fire! People are running."
2026-08-07 22:31:31,@user1636,Southside,Smell smoke coming from the apartment complex on Southside. Fire alarms are going off!
2026-08-07 22:32:29,@user7082,Main Street,"Someone collapsed on the sidewalk in Main Street, they aren't breathing! Need a medic ASAP."
2026-08-07 22:32:50,@user8124,Suburbs,Anyone know why the power is out in Suburbs?
2026-08-07 22:33:27,@user5366,Southside,Brush fire spreading fast near Southside due to the high winds. @FireDept
2026-08-07 22:33:51,@user5376,Southside,Small electrical fire started at the bakery in Southside. Needs putting out.
2026-08-07 22:34:36,@user7586,Old Town,Huge flames seen at the Old Town warehouse! Looks like a 3-alarm fire. #fire #emergency
2026-08-07 22:35:34,@user4394,Central Park,"Car on fire on Central Park, traffic is completely stopped. Send firetrucks!"
2026-08-07 22:35:50,@user4108,North Hills,Just got the best coffee in North Hills. What a beautiful day!
2026-08-07 22:36:03,@user5991,North Hills,Massive food poisoning outbreak at the festival in North Hills. Dozens of people need hospitalization.
2026-08-07 22:36:05,@user1930,North Hills,"Someone collapsed on the sidewalk in North Hills, they aren't breathing! Need a medic ASAP."
2026-08-07 22:36:37,@user8314,Industrial District,"Heart attack suspected at the gym in Industrial District. CPR in progress, where is the ambulance?!"
2026-08-07 22:37:16,@user6081,Industrial District,Pedestrian struck by a speeding car in Industrial District. Needs immediate medical attention!
2026-08-07 22:37:58,@user7320,Southside,Small electrical fire started at the bakery in Southside. Needs putting out.
2026-08-07 22:38:16,@user4573,Westside,Building collapse in Westside due to the fire. Paramedics and Firefighters needed immediately.
2026-08-07 22:38:53,@user6408,Central Park,Building collapse in Central Park due to the fire. Paramedics and Firefighters needed immediately.
2026-08-07 22:39:52,@user4343,Downtown,Huge flames seen at the Downtown warehouse! Looks like a 3-alarm fire. #fire #emergency
2026-08-07 22:40:32,@user8944,Central Park,"Heart attack suspected at the gym in Central Park. CPR in progress, where is the ambulance?!"
2026-08-07 22:40:56,@user4086,Southside,"Lost dog found near Southside, please share!"
2026-08-07 22:41:25,@user1064,Westside,Cyclist hit by a truck at the intersection of Westside. Looks really bad. @Medical
2026-08-07 22:42:03,@user7369,Downtown,Huge flames seen at the Downtown warehouse! Looks like a 3-alarm fire. #fire #emergency
2026-08-07 22:42:33,@user6496,Route 66,Cyclist hit by a truck at the intersection of Route 66. Looks really bad. @Medical
2026-08-07 22:42:50,@user7162,Southside,Cyclist hit by a truck at the intersection of Southside. Looks really bad. @Medical
2026-08-07 22:43:02,@user1543,Route 66,Huge flames seen at the Route 66 warehouse! Looks like a 3-alarm fire. #fire #emergency
2026-08-07 22:43:25,@user8479,Old Town,Is something burning in Old Town? Thick black smoke in the sky.
2026-08-07 22:44:01,@user6186,Central Park,Anyone know why the power is out in Central Park?
2026-08-07 22:44:34,@user4203,Downtown,Roof collapsed at the construction site in Downtown. Multiple workers trapped and injured.
2026-08-07 22:45:08,@user8673,Downtown,Pedestrian struck by a speeding car in Downtown. Needs immediate medical attention!
2026-08-07 22:45:35,@user7169,Old Town,Smell smoke coming from the apartment complex on Old Town. Fire alarms are going off!
2026-08-07 22:45:57,@user9156,Main Street,"Car on fire on Main Street, traffic is completely stopped. Send firetrucks!"
2026-08-07 22:46:25,@user7241,Central Park,Small electrical fire started at the bakery in Central Park. Needs putting out.
2026-08-07 22:46:33,@user5454,Industrial District,"Lost dog found near Industrial District, please share!"
2026-08-07 22:46:47,@user8187,Industrial District,Brush fire spreading fast near Industrial District due to the high winds. @FireDept
2026-08-07 22:47:10,@user2589,Old Town,Massive food poisoning outbreak at the festival in Old Town. Dozens of people need hospitalization.
2026-08-07 22:47:49,@user1141,Main Street,Huge flames seen at the Main Street warehouse! Looks like a 3-alarm fire. #fire #emergency
2026-08-07 22:48:05,@user6614,Westside,Anyone know why the power is out in Westside?
2026-08-07 22:48:35,@user5329,North Hills,Smell smoke coming from the apartment complex on North Hills. Fire alarms are going off!
2026-08-07 22:48:59,@user3313,Westside,Building collapse in Westside due to the fire. Paramedics and Firefighters needed immediately.
2026-08-07 22:49:27,@user5525,Central Park,Brush fire spreading fast near Central Park due to the high winds. @FireDept
2026-08-07 22:49:53,@user4296,Old Town,"Car on fire on Old Town, traffic is completely stopped. Send firetrucks!"
2026-08-07 22:49:59,@user7184,Route 66,"Explosion heard near Route 66, now there's a massive fire! People are running."
2026-08-07 22:50:00,@user4872,North Hills,Major explosion at North Hills factory! Massive fire and many people injured. We need fire and medical now!
2026-08-07 22:50:07,@user1542,Southside,"Someone collapsed on the sidewalk in Southside, they aren't breathing! Need a medic ASAP."
2026-08-07 22:50:17,@user3054,Southside,"Heart attack suspected at the gym in Southside. CPR in progress, where is the ambulance?!"
2026-08-07 22:50:44,@user1383,Industrial District,Huge flames seen at the Industrial District warehouse! Looks like a 3-alarm fire. #fire #emergency
2026-08-07 22:50:49,@user3105,Southside,Smell smoke coming from the apartment complex on Southside. Fire alarms are going off!
2026-08-07 22:51:11,@user3452,Route 66,"Explosion heard near Route 66, now there's a massive fire! People are running."
2026-08-07 22:51:41,@user5860,North Hills,Just got the best coffee in North Hills. What a beautiful day!
2026-08-07 22:52:18,@user8345,Old Town,Brush fire spreading fast near Old Town due to the high winds. @FireDept
2026-08-07 22:53:14,@user4985,Old Town,Terrible multi-car crash at Old Town. At least 3 people look badly injured. Send ambulances! #accident
2026-08-07 22:53:35,@user2236,Southside,"Someone collapsed on the sidewalk in Southside, they aren't breathing! Need a medic ASAP."
2026-08-07 22:54:14,@user6737,North Hills,Small electrical fire started at the bakery in North Hills. Needs putting out.
2026-08-07 22:55:00,@user1166,Route 66,"Lost dog found near Route 66, please share!"
2026-08-07 22:55:07,@user5951,Industrial District,"Heart attack suspected at the gym in Industrial District. CPR in progress, where is the ambulance?!"
2026-08-07 22:55:56,@user1087,Old Town,Is something burning in Old Town? Thick black smoke in the sky.
2026-08-07 22:56:40,@user6389,Old Town,Building collapse in Old Town due to the fire. Paramedics and Firefighters needed immediately.
2026-08-07 22:57:19,@user2985,Main Street,Major explosion at Main Street factory! Massive fire and many people injured. We need fire and medical now!
2026-08-07 22:58:06,@user9538,Downtown,"Heart attack suspected at the gym in Downtown. CPR in progress, where is the ambulance?!"
2026-08-07 22:59:02,@user2234,Route 66,"Someone collapsed on the sidewalk in Route 66, they aren't breathing! Need a medic ASAP."
2026-08-07 22:59:36,@user4401,Route 66,Major explosion at Route 66 factory! Massive fire and many people injured. We need fire and medical now!
2026-08-07 22:59:48,@user7500,North Hills,Roof collapsed at the construction site in North Hills. Multiple workers trapped and injured.
2026-08-07 22:59:50,@user5222,Downtown,Small electrical fire started at the bakery in Downtown. Needs putting out.
2026-08-07 23:00:15,@user2277,Main Street,Pedestrian struck by a speeding car in Main Street. Needs immediate medical attention!
2026-08-07 23:01:08,@user5177,Westside,Cyclist hit by a truck at the intersection of Westside. Looks really bad. @Medical
2026-08-07 23:01:15,@user9614,Suburbs,Small electrical fire started at the bakery in Suburbs. Needs putting out.
2026-08-07 23:01:55,@user6053,North Hills,Smell smoke coming from the apartment complex on North Hills. Fire alarms are going off!
2026-08-07 23:02:13,@user9518,Route 66,"Lost dog found near Route 66, please share!"
2026-08-07 23:03:01,@user8983,Westside,Building collapse in Westside due to the fire. Paramedics and Firefighters needed immediately.
2026-08-07 23:03:16,@user6922,Southside,"Heart attack suspected at the gym in Southside. CPR in progress, where is the ambulance?!"
2026-08-07 23:04:11,@user9005,Downtown,Massive food poisoning outbreak at the festival in Downtown. Dozens of people need hospitalization.
2026-08-07 23:04:38,@user7182,Suburbs,"Explosion heard near Suburbs, now there's a massive fire! People are running."
2026-08-07 23:05:19,@user8166,Southside,"Explosion heard near Southside, now there's a massive fire! People are running."
2026-08-07 23:05:55,@user3514,Southside,"Someone collapsed on the sidewalk in Southside, they aren't breathing! Need a medic ASAP."
2026-08-07 23:06:52,@user3243,Route 66,Building collapse in Route 66 due to the fire. Paramedics and Firefighters needed immediately.
2026-08-07 23:07:25,@user5299,Old Town,"Explosion heard near Old Town, now there's a massive fire! People are running."
2026-08-07 23:07:44,@user1326,Route 66,Huge flames seen at the Route 66 warehouse! Looks like a 3-alarm fire. #fire #emergency
2026-08-07 23:07:55,@user8922,Central Park,Smell smoke coming from the apartment complex on Central Park. Fire alarms are going off!
2026-08-07 23:07:57,@user7576,Old Town,Roof collapsed at the construction site in Old Town. Multiple workers trapped and injured.
2026-08-07 23:08:52,@user1914,North Hills,Major explosion at North Hills factory! Massive fire and many people injured. We need fire and medical now!
2026-08-07 23:09:29,@user3024,Westside,Huge flames seen at the Westside warehouse! Looks like a 3-alarm fire. #fire #emergency
2026-08-07 23:10:14,@user9162,Downtown,Major explosion at Downtown factory! Massive fire and many people injured. We need fire and medical now!
2026-08-07 23:10:58,@user3541,Route 66,Is something burning in Route 66? Thick black smoke in the sky.
2026-08-07 23:11:30,@user2088,Central Park,Small electrical fire started at the bakery in Central Park. Needs putting out.
2026-08-07 23:11:41,@user2104,Industrial District,Massive food poisoning outbreak at the festival in Industrial District. Dozens of people need hospitalization.
2026-08-07 23:12:03,@user9850,Main Street,Cyclist hit by a truck at the intersection of Main Street. Looks really bad. @Medical
2026-08-07 23:12:50,@user6702,Route 66,Cyclist hit by a truck at the intersection of Route 66. Looks really bad. @Medical
2026-08-07 23:13:02,@user3817,Central Park,Huge flames seen at the Central Park warehouse! Looks like a 3-alarm fire. #fire #emergency
2026-08-07 23:13:15,@user2126,Southside,Is something burning in Southside? Thick black smoke in the sky.
2026-08-07 23:13:28,@user1187,Old Town,Is something burning in Old Town? Thick black smoke in the sky.
2026-08-07 23:14:14,@user3643,Central Park,Major explosion at Central Park factory! Massive fire and many people injured. We need fire and medical now!
2026-08-07 23:14:17,@user8136,Route 66,Is something burning in Route 66? Thick black smoke in the sky.
2026-08-07 23:14:33,@user9957,Route 66,Terrible multi-car crash at Route 66. At least 3 people look badly injured. Send ambulances! #accident
2026-08-07 23:15:22,@user1358,Industrial District,Is something burning in Industrial District? Thick black smoke in the sky.
2026-08-07 23:16:01,@user9323,Central Park,Roof collapsed at the construction site in Central Park. Multiple workers trapped and injured.
2026-08-07 23:16:35,@user8839,Southside,"Someone collapsed on the sidewalk in Southside, they aren't breathing! Need a medic ASAP."
2026-08-07 23:16:40,@user8752,Industrial District,Major explosion at Industrial District factory! Massive fire and many people injured. We need fire and medical now!
2026-08-07 23:17:08,@user3391,Westside,Traffic is terrible around Westside today. Ugh.
2026-08-07 23:17:26,@user9306,Westside,Brush fire spreading fast near Westside due to the high winds. @FireDept
2026-08-07 23:17:41,@user3468,Downtown,Brush fire spreading fast near Downtown due to the high winds. @FireDept
2026-08-07 23:17:54,@user7237,Main Street,Terrible multi-car crash at Main Street. At least 3 people look badly injured. Send ambulances! #accident
2026-08-07 23:18:29,@user8663,Old Town,Massive food poisoning outbreak at the festival in Old Town. Dozens of people need hospitalization.
2026-08-07 23:18:48,@user5198,Old Town,Massive food poisoning outbreak at the festival in Old Town. Dozens of people need hospitalization.
2026-08-07 23:19:24,@user7414,North Hills,"Heart attack suspected at the gym in North Hills. CPR in progress, where is the ambulance?!"
2026-08-07 23:20:23,@user3031,Route 66,Is something burning in Route 66? Thick black smoke in the sky.
2026-08-07 23:20:51,@user5209,Central Park,Huge flames seen at the Central Park warehouse! Looks like a 3-alarm fire. #fire #emergency
2026-08-07 23:21:39,@user8601,Route 66,Building collapse in Route 66 due to the fire. Paramedics and Firefighters needed immediately.
2026-08-07 23:22:36,@user8405,Route 66,Major explosion at Route 66 factory! Massive fire and many people injured. We need fire and medical now!
2026-08-07 23:22:59,@user3524,Industrial District,Just got the best coffee in Industrial District. What a beautiful day!
2026-08-07 23:23:56,@user9172,Westside,Building collapse in Westside due to the fire. Paramedics and Firefighters needed immediately.
2026-08-07 23:24:27,@user3175,North Hills,Building collapse in North Hills due to the fire. Paramedics and Firefighters needed immediately.
2026-08-07 23:25:24,@user8956,Main Street,"Explosion heard near Main Street, now there's a massive fire! People are running."
2026-08-07 23:25:48,@user6835,Old Town,"Explosion heard near Old Town, now there's a massive fire! People are running."
2026-08-07 23:26:43,@user1311,Suburbs,Massive food poisoning outbreak at the festival in Suburbs. Dozens of people need hospitalization.
2026-08-07 23:27:41,@user7711,Main Street,"Lost dog found near Main Street, please share!"
2026-08-07 23:27:51,@user9399,Route 66,Anyone know why the power is out in Route 66?
2026-08-07 23:28:24,@user1619,Suburbs,Cyclist hit by a truck at the intersection of Suburbs. Looks really bad. @Medical
2026-08-07 23:28:50,@user3676,Old Town,Pedestrian struck by a speeding car in Old Town. Needs immediate medical attention!
2026-08-07 23:29:47,@user6382,Southside,Cyclist hit by a truck at the intersection of Southside. Looks really bad. @Medical
2026-08-07 23:30:04,@user5121,Westside,Terrible multi-car crash at Westside. At least 3 people look badly injured. Send ambulances! #accident
2026-08-07 23:30:54,@user5621,Main Street,Smell smoke coming from the apartment complex on Main Street. Fire alarms are going off!
2026-08-07 23:31:03,@user1448,Suburbs,Anyone know why the power is out in Suburbs?
2026-08-07 23:31:33,@user9034,Old Town,Brush fire spreading fast near Old Town due to the high winds. @FireDept
2026-08-07 23:32:00,@user5406,Suburbs,Anyone know why the power is out in Suburbs?
2026-08-07 23:32:33,@user1690,Industrial District,Traffic is terrible around Industrial District today. Ugh.
2026-08-07 23:33:10,@user6487,Downtown,Building collapse in Downtown due to the fire. Paramedics and Firefighters needed immediately.
2026-08-07 23:33:45,@user5486,Route 66,"Car on fire on Route 66, traffic is completely stopped. Send firetrucks!"
2026-08-07 23:33:50,@user8628,Old Town,Smell smoke coming from the apartment complex on Old Town. Fire alarms are going off!
2026-08-07 23:33:58,@user4866,Industrial District,"Someone collapsed on the sidewalk in Industrial District, they aren't breathing! Need a medic ASAP."
2026-08-07 23:34:49,@user1961,Suburbs,"Heart attack suspected at the gym in Suburbs. CPR in progress, where is the ambulance?!"
2026-08-07 23:35:25,@user1238,Downtown,"Someone collapsed on the sidewalk in Downtown, they aren't breathing! Need a medic ASAP."
2026-08-07 23:35:53,@user3827,Industrial District,Cyclist hit by a truck at the intersection of Industrial District. Looks really bad. @Medical
2026-08-07 23:36:48,@user8266,Old Town,Brush fire spreading fast near Old Town due to the high winds. @FireDept
2026-08-07 23:37:10,@user1815,Central Park,"Car on fire on Central Park, traffic is completely stopped. Send firetrucks!"
2026-08-07 23:37:57,@user8597,Old Town,Cyclist hit by a truck at the intersection of Old Town. Looks really bad. @Medical
2026-08-07 23:38:13,@user6734,Main Street,Just got the best coffee in Main Street. What a beautiful day!
2026-08-07 23:38:27,@user3046,Old Town,"Someone collapsed on the sidewalk in Old Town, they aren't breathing! Need a medic ASAP."
2026-08-07 23:39:18,@user9495,North Hills,Huge flames seen at the North Hills warehouse! Looks like a 3-alarm fire. #fire #emergency
2026-08-07 23:40:03,@user7879,Main Street,Massive food poisoning outbreak at the festival in Main Street. Dozens of people need hospitalization.
2026-08-07 23:40:39,@user4112,Suburbs,Anyone know why the power is out in Suburbs?
2026-08-07 23:41:05,@user4895,Downtown,Terrible multi-car crash at Downtown. At least 3 people look badly injured. Send ambulances! #accident
2026-08-07 23:41:28,@user6549,North Hills,Cyclist hit by a truck at the intersection of North Hills. Looks really bad. @Medical
2026-08-07 23:42:28,@user4037,Central Park,Cyclist hit by a truck at the intersection of Central Park. Looks really bad. @Medical
2026-08-07 23:42:58,@user9853,Industrial District,"Lost dog found near Industrial District, please share!"
2026-08-07 23:43:39,@user4549,Route 66,Anyone know why the power is out in Route 66?
2026-08-07 23:44:04,@user4325,Westside,Small electrical fire started at the bakery in Westside. Needs putting out.
2026-08-07 23:44:42,@user9039,Southside,Anyone know why the power is out in Southside?
2026-08-07 23:44:44,@user2989,Southside,Small electrical fire started at the bakery in Southside. Needs putting out.
2026-08-07 23:44:57,@user7830,Southside,"Someone collapsed on the sidewalk in Southside, they aren't breathing! Need a medic ASAP."
2026-08-07 23:45:53,@user1087,Route 66,Small electrical fire started at the bakery in Route 66. Needs putting out.
2026-08-07 23:46:51,@user6475,Old Town,Major explosion at Old Town factory! Massive fire and many people injured. We need fire and medical now!
2026-08-07 23:46:55,@user8561,Westside,"Car on fire on Westside, traffic is completely stopped. Send firetrucks!"
2026-08-07 23:47:24,@user3639,Route 66,"Lost dog found near Route 66, please share!"
2026-08-07 23:48:03,@user7601,Central Park,"Lost dog found near Central Park, please share!"
2026-08-07 23:48:58,@user9430,Suburbs,"Heart attack suspected at the gym in Suburbs. CPR in progress, where is the ambulance?!"
2026-08-07 23:49:42,@user4236,Central Park,Just got the best coffee in Central Park. What a beautiful day!
2026-08-07 23:50:01,@user1441,Industrial District,"Explosion heard near Industrial District, now there's a massive fire! People are running."
2026-08-07 23:50:25,@user4677,Main Street,Terrible multi-car crash at Main Street. At least 3 people look badly injured. Send ambulances! #accident
2026-08-07 23:50:31,@user6905,Old Town,Traffic is terrible around Old Town today. Ugh.
2026-08-07 23:51:08,@user6282,Industrial District,Just got the best coffee in Industrial District. What a beautiful day!
2026-08-07 23:51:57,@user6591,Main Street,"Lost dog found near Main Street, please share!"
2026-08-07 23:52:35,@user3255,North Hills,Huge flames seen at the North Hills warehouse! Looks like a 3-alarm fire. #fire #emergency
2026-08-07 23:53:03,@user1369,Westside,Smell smoke coming from the apartment complex on Westside. Fire alarms are going off!
2026-08-07 23:53:48,@user3343,Old Town,Roof collapsed at the construction site in Old Town. Multiple workers trapped and injured.
2026-08-07 23:53:52,@user9514,Industrial District,"Heart attack suspected at the gym in Industrial District. CPR in progress, where is the ambulance?!"
2026-08-07 23:54:37,@user7945,Suburbs,Terrible multi-car crash at Suburbs. At least 3 people look badly injured. Send ambulances! #accident
2026-08-07 23:55:09,@user7401,Suburbs,Major explosion at Suburbs factory! Massive fire and many people injured. We need fire and medical now!
2026-08-07 23:55:55,@user3446,Southside,"Car on fire on Southside, traffic is completely stopped. Send firetrucks!"
2026-08-07 23:55:58,@user1900,Suburbs,"Heart attack suspected at the gym in Suburbs. CPR in progress, where is the ambulance?!"
2026-08-07 23:56:36,@user7503,Old Town,Major explosion at Old Town factory! Massive fire and many people injured. We need fire and medical now!
2026-08-07 23:56:59,@user1211,Old Town,Brush fire spreading fast near Old Town due to the high winds. @FireDept
2026-08-07 23:57:49,@user6771,Industrial District,"Heart attack suspected at the gym in Industrial District. CPR in progress, where is the ambulance?!"
2026-08-07 23:58:03,@user5984,Route 66,Traffic is terrible around Route 66 today. Ugh.
2026-08-07 23:58:23,@user1360,North Hills,Small electrical fire started at the bakery in North Hills. Needs putting out.
2026-08-07 23:58:43,@user6882,Suburbs,Brush fire spreading fast near Suburbs due to the high winds. @FireDept
2026-08-07 23:59:02,@user4924,Suburbs,Traffic is terrible around Suburbs today. Ugh.
2026-08-07 23:59:41,@user1009,Main Street,Anyone know why the power is out in Main Street?
2026-08-07 23:59:44,@user2780,North Hills,Terrible multi-car crash at North Hills. At least 3 people look badly injured. Send ambulances! #accident
2026-08-08 00:00:02,@user7720,Main Street,"Lost dog found near Main Street, please share!"
2026-08-08 00:00:56,@user7762,Suburbs,Brush fire spreading fast near Suburbs due to the high winds. @FireDept
2026-08-08 00:01:31,@user9783,Route 66,"Car on fire on Route 66, traffic is completely stopped. Send firetrucks!"
2026-08-08 00:02:12,@user8263,Southside,Building collapse in Southside due to the fire. Paramedics and Firefighters needed immediately.
2026-08-08 00:02:45,@user6645,Industrial District,Major explosion at Industrial District factory! Massive fire and many people injured. We need fire and medical now!
2026-08-08 00:03:02,@user5499,Old Town,Anyone know why the power is out in Old Town?
2026-08-08 00:03:09,@user6946,Westside,"Lost dog found near Westside, please share!"
2026-08-08 00:03:51,@user8199,Central Park,Huge flames seen at the Central Park warehouse! Looks like a 3-alarm fire. #fire #emergency
2026-08-08 00:04:20,@user8238,North Hills,"Lost dog found near North Hills, please share!"
2026-08-08 00:04:36,@user2738,Westside,"Lost dog found near Westside, please share!"
2026-08-08 00:04:44,@user5365,North Hills,Just got the best coffee in North Hills. What a beautiful day!
2026-08-08 00:05:06,@user2041,Downtown,"Explosion heard near Downtown, now there's a massive fire! People are running."
2026-08-08 00:05:35,@user7680,Suburbs,Terrible multi-car crash at Suburbs. At least 3 people look badly injured. Send ambulances! #accident
2026-08-08 00:06:27,@user4349,North Hills,"Heart attack suspected at the gym in North Hills. CPR in progress, where is the ambulance?!"
2026-08-08 00:06:56,@user3555,Route 66,"Explosion heard near Route 66, now there's a massive fire! People are running."
2026-08-08 00:07:20,@user6867,Downtown,Massive food poisoning outbreak at the festival in Downtown. Dozens of people need hospitalization.
2026-08-08 00:08:08,@user8959,Suburbs,Cyclist hit by a truck at the intersection of Suburbs. Looks really bad. @Medical
2026-08-08 00:08:11,@user9762,North Hills,Traffic is terrible around North Hills today. Ugh.
2026-08-08 00:08:57,@user2792,Westside,Huge flames seen at the Westside warehouse! Looks like a 3-alarm fire. #fire #emergency
2026-08-08 00:09:17,@user4117,Route 66,Traffic is terrible around Route 66 today. Ugh.
2026-08-08 00:09:54,@user8003,North Hills,"Lost dog found near North Hills, please share!"
2026-08-08 00:10:40,@user4660,Route 66,Building collapse in Route 66 due to the fire. Paramedics and Firefighters needed immediately.
2026-08-08 00:11:35,@user8817,Central Park,Roof collapsed at the construction site in Central Park. Multiple workers trapped and injured.
2026-08-08 00:11:45,@user4105,Westside,Just got the best coffee in Westside. What a beautiful day!
2026-08-08 00:12:01,@user9956,Old Town,"Heart attack suspected at the gym in Old Town. CPR in progress, where is the ambulance?!"
2026-08-08 00:12:42,@user6598,Westside,"Heart attack suspected at the gym in Westside. CPR in progress, where is the ambulance?!"
2026-08-08 00:13:20,@user5730,Route 66,"Heart attack suspected at the gym in Route 66. CPR in progress, where is the ambulance?!"
2026-08-08 00:13:55,@user3437,Industrial District,Anyone know why the power is out in Industrial District?
2026-08-08 00:14:53,@user9392,Southside,"Explosion heard near Southside, now there's a massive fire! People are running."
2026-08-08 00:15:36,@user3690,Industrial District,Just got the best coffee in Industrial District. What a beautiful day!
2026-08-08 00:15:38,@user8976,Westside,Terrible multi-car crash at Westside. At least 3 people look badly injured. Send ambulances! #accident
2026-08-08 00:15:59,@user5222,Main Street,Anyone know why the power is out in Main Street?
2026-08-08 00:16:58,@user7368,Westside,Smell smoke coming from the apartment complex on Westside. Fire alarms are going off!
2026-08-08 00:17:17,@user8245,Southside,Brush fire spreading fast near Southside due to the high winds. @FireDept
2026-08-08 00:17:20,@user8839,Industrial District,Terrible multi-car crash at Industrial District. At least 3 people look badly injured. Send ambulances! #accident
2026-08-08 00:18:03,@user6981,Suburbs,Anyone know why the power is out in Suburbs?
2026-08-08 00:18:45,@user7436,Westside,Brush fire spreading fast near Westside due to the high winds. @FireDept
2026-08-08 00:18:50,@user4784,Suburbs,"Someone collapsed on the sidewalk in Suburbs, they aren't breathing! Need a medic ASAP."
2026-08-08 00:19:36,@user1434,Old Town,"Explosion heard near Old Town, now there's a massive fire! People are running."
2026-08-08 00:20:25,@user7358,Suburbs,Brush fire spreading fast near Suburbs due to the high winds. @FireDept
2026-08-08 00:21:12,@user5473,Westside,Anyone know why the power is out in Westside?
2026-08-08 00:21:28,@user3144,Main Street,Small electrical fire started at the bakery in Main Street. Needs putting out.
2026-08-08 00:22:27,@user6307,Old Town,"Heart attack suspected at the gym in Old Town. CPR in progress, where is the ambulance?!"
2026-08-08 00:23:10,@user3953,Route 66,Terrible multi-car crash at Route 66. At least 3 people look badly injured. Send ambulances! #accident
2026-08-08 00:23:33,@user5208,Old Town,Roof collapsed at the construction site in Old Town. Multiple workers trapped and injured.
2026-08-08 00:23:52,@user4586,Southside,Cyclist hit by a truck at the intersection of Southside. Looks really bad. @Medical
2026-08-08 00:24:11,@user2770,North Hills,Is something burning in North Hills? Thick black smoke in the sky.
2026-08-08 00:24:51,@user4098,Old Town,"Someone collapsed on the sidewalk in Old Town, they aren't breathing! Need a medic ASAP."
2026-08-08 00:25:21,@user4921,North Hills,Cyclist hit by a truck at the intersection of North Hills. Looks really bad. @Medical
2026-08-08 00:25:43,@user7657,Route 66,Just got the best coffee in Route 66. What a beautiful day!
2026-08-08 00:26:28,@user4817,Westside,Smell smoke coming from the apartment complex on Westside. Fire alarms are going off!
2026-08-08 00:26:59,@user4914,Westside,"Heart attack suspected at the gym in Westside. CPR in progress, where is the ambulance?!"
2026-08-08 00:27:13,@user2258,Downtown,Traffic is terrible around Downtown today. Ugh.
2026-08-08 00:27:48,@user8406,Downtown,Anyone know why the power is out in Downtown?
2026-08-08 00:28:32,@user3104,Main Street,Traffic is terrible around Main Street today. Ugh.
2026-08-08 00:29:04,@user3813,Downtown,"Heart attack suspected at the gym in Downtown. CPR in progress, where is the ambulance?!"
2026-08-08 00:29:46,@user5873,Westside,Roof collapsed at the construction site in Westside. Multiple workers trapped and injured.
2026-08-08 00:30:13,@user3798,Industrial District,Brush fire spreading fast near Industrial District due to the high winds. @FireDept
2026-08-08 00:30:28,@user5895,Route 66,Just got the best coffee in Route 66. What a beautiful day!
2026-08-08 00:31:22,@user8233,Suburbs,Traffic is terrible around Suburbs today. Ugh.
2026-08-08 00:31:56,@user9340,Old Town,Building collapse in Old Town due to the fire. Paramedics and Firefighters needed immediately.
2026-08-08 00:32:00,@user1033,Southside,Major explosion at Southside factory! Massive fire and many people injured. We need fire and medical now!
2026-08-08 00:32:36,@user6780,North Hills,Terrible multi-car crash at North Hills. At least 3 people look badly injured. Send ambulances! #accident
2026-08-08 00:33:12,@user7595,Route 66,Is something burning in Route 66? Thick black smoke in the sky.
2026-08-08 00:33:16,@user1297,Central Park,Traffic is terrible around Central Park today. Ugh.
2026-08-08 00:33:29,@user5418,Central Park,Is something burning in Central Park? Thick black smoke in the sky.
2026-08-08 00:34:13,@user7594,Old Town,Terrible multi-car crash at Old Town. At least 3 people look badly injured. Send ambulances! #accident
2026-08-08 00:34:56,@user5713,Industrial District,Smell smoke coming from the apartment complex on Industrial District. Fire alarms are going off!
2026-08-08 00:35:14,@user2748,Central Park,Brush fire spreading fast near Central Park due to the high winds. @FireDept
2026-08-08 00:35:41,@user8869,Main Street,"Explosion heard near Main Street, now there's a massive fire! People are running."
2026-08-08 00:35:42,@user8325,North Hills,Major explosion at North Hills factory! Massive fire and many people injured. We need fire and medical now!
2026-08-08 00:35:55,@user8596,Westside,Terrible multi-car crash at Westside. At least 3 people look badly injured. Send ambulances! #accident
2026-08-08 00:36:53,@user8919,Route 66,"Lost dog found near Route 66, please share!"
2026-08-08 00:37:52,@user4988,Old Town,Building collapse in Old Town due to the fire. Paramedics and Firefighters needed immediately.
2026-08-08 00:38:40,@user3199,Industrial District,Cyclist hit by a truck at the intersection of Industrial District. Looks really bad. @Medical
2026-08-08 00:38:52,@user7093,Route 66,Huge flames seen at the Route 66 warehouse! Looks like a 3-alarm fire. #fire #emergency
2026-08-08 00:39:22,@user9795,Main Street,"Heart attack suspected at the gym in Main Street. CPR in progress, where is the ambulance?!"
2026-08-08 00:39:53,@user2766,Main Street,Is something burning in Main Street? Thick black smoke in the sky.
2026-08-08 00:40:42,@user9809,Southside,Building collapse in Southside due to the fire. Paramedics and Firefighters needed immediately.
2026-08-08 00:41:29,@user6786,Industrial District,Smell smoke coming from the apartment complex on Industrial District. Fire alarms are going off!
2026-08-08 00:41:42,@user4599,Route 66,Building collapse in Route 66 due to the fire. Paramedics and Firefighters needed immediately.
2026-08-08 00:41:56,@user8824,Industrial District,Anyone know why the power is out in Industrial District?
2026-08-08 00:41:57,@user3506,Old Town,Building collapse in Old Town due to the fire. Paramedics and Firefighters needed immediately.
2026-08-08 00:42:24,@user9855,North Hills,"Heart attack suspected at the gym in North Hills. CPR in progress, where is the ambulance?!"
2026-08-08 00:42:37,@user1810,Downtown,Roof collapsed at the construction site in Downtown. Multiple workers trapped and injured.
2026-08-08 00:42:46,@user3866,Main Street,Pedestrian struck by a speeding car in Main Street. Needs immediate medical attention!
2026-08-08 00:43:30,@user5866,Westside,"Heart attack suspected at the gym in Westside. CPR in progress, where is the ambulance?!"
2026-08-08 00:43:34,@user2825,Main Street,"Lost dog found near Main Street, please share!"
2026-08-08 00:43:36,@user6860,Westside,Just got the best coffee in Westside. What a beautiful day!
2026-08-08 00:44:35,@user5169,Downtown,"Explosion heard near Downtown, now there's a massive fire! People are running."
2026-08-08 00:44:46,@user3618,Main Street,"Someone collapsed on the sidewalk in Main Street, they aren't breathing! Need a medic ASAP."
2026-08-08 00:45:02,@user4185,Central Park,Brush fire spreading fast near Central Park due to the high winds. @FireDept
2026-08-08 00:45:22,@user4457,Industrial District,Traffic is terrible around Industrial District today. Ugh.
2026-08-08 00:46:14,@user8892,Central Park,Is something burning in Central Park? Thick black smoke in the sky.
2026-08-08 00:47:11,@user5537,Central Park,"Heart attack suspected at the gym in Central Park. CPR in progress, where is the ambulance?!"
2026-08-08 00:48:08,@user2719,Suburbs,"Car on fire on Suburbs, traffic is completely stopped. Send firetrucks!"
2026-08-08 00:48:27,@user1762,Downtown,Cyclist hit by a truck at the intersection of Downtown. Looks really bad. @Medical
2026-08-08 00:49:24,@user1063,Old Town,"Heart attack suspected at the gym in Old Town. CPR in progress, where is the ambulance?!"
2026-08-08 00:50:11,@user2338,Central Park,"Heart attack suspected at the gym in Central Park. CPR in progress, where is the ambulance?!"
2026-08-08 00:50:47,@user4587,Route 66,"Heart attack suspected at the gym in Route 66. CPR in progress, where is the ambulance?!"
2026-08-08 00:51:34,@user1252,North Hills,Massive food poisoning outbreak at the festival in North Hills. Dozens of people need hospitalization.
2026-08-08 00:52:09,@user7313,Southside,"Heart attack suspected at the gym in Southside. CPR in progress, where is the ambulance?!"
2026-08-08 00:52:28,@user9319,Main Street,"Explosion heard near Main Street, now there's a massive fire! People are running."
2026-08-08 00:52:39,@user9016,Southside,Huge flames seen at the Southside warehouse! Looks like a 3-alarm fire. #fire #emergency
2026-08-08 00:52:55,@user1099,Downtown,Smell smoke coming from the apartment complex on Downtown. Fire alarms are going off!
2026-08-08 00:53:49,@user1595,Industrial District,Brush fire spreading fast near Industrial District due to the high winds. @FireDept
2026-08-08 00:54:08,@user7328,Westside,Is something burning in Westside? Thick black smoke in the sky.
2026-08-08 00:54:28,@user7245,Industrial District,Anyone know why the power is out in Industrial District?
2026-08-08 00:55:06,@user7896,Route 66,Massive food poisoning outbreak at the festival in Route 66. Dozens of people need hospitalization.
2026-08-08 00:55:57,@user6658,North Hills,Major explosion at North Hills factory! Massive fire and many people injured. We need fire and medical now!
2026-08-08 00:56:09,@user8107,Westside,Massive food poisoning outbreak at the festival in Westside. Dozens of people need hospitalization.
2026-08-08 00:57:01,@user6373,Downtown,"Lost dog found near Downtown, please share!"
2026-08-08 00:57:03,@user5015,Main Street,Traffic is terrible around Main Street today. Ugh.
2026-08-08 00:57:16,@user9289,Old Town,Terrible multi-car crash at Old Town. At least 3 people look badly injured. Send ambulances! #accident
2026-08-08 00:57:32,@user5239,Industrial District,Massive food poisoning outbreak at the festival in Industrial District. Dozens of people need hospitalization.
2026-08-08 00:57:33,@user4330,Industrial District,Terrible multi-car crash at Industrial District. At least 3 people look badly injured. Send ambulances! #accident
2026-08-08 00:57:53,@user5804,Southside,"Heart attack suspected at the gym in Southside. CPR in progress, where is the ambulance?!"
2026-08-08 00:58:30,@user4148,Industrial District,Small electrical fire started at the bakery in Industrial District. Needs putting out.
2026-08-08 00:58:32,@user1436,Suburbs,Huge flames seen at the Suburbs warehouse! Looks like a 3-alarm fire. #fire #emergency
2026-08-08 00:59:03,@user1919,North Hills,Small electrical fire started at the bakery in North Hills. Needs putting out.
2026-08-08 00:59:48,@user3871,Industrial District,Major explosion at Industrial District factory! Massive fire and many people injured. We need fire and medical now!
2026-08-08 00:59:53,@user9046,Central Park,Huge flames seen at the Central Park warehouse! Looks like a 3-alarm fire. #fire #emergency
2026-08-08 01:00:27,@user2086,Central Park,Massive food poisoning outbreak at the festival in Central Park. Dozens of people need hospitalization.
2026-08-08 01:01:04,@user2337,Downtown,Just got the best coffee in Downtown. What a beautiful day!
2026-08-08 01:02:00,@user4230,Industrial District,Huge flames seen at the Industrial District warehouse! Looks like a 3-alarm fire. #fire #emergency
2026-08-08 01:02:10,@user8886,Central Park,Major explosion at Central Park factory! Massive fire and many people injured. We need fire and medical now!
2026-08-08 01:03:07,@user3670,Suburbs,Just got the best coffee in Suburbs. What a beautiful day!
2026-08-08 01:03:58,@user2507,Central Park,"Someone collapsed on the sidewalk in Central Park, they aren't breathing! Need a medic ASAP."
2026-08-08 01:04:11,@user4036,Suburbs,"Car on fire on Suburbs, traffic is completely stopped. Send firetrucks!"
2026-08-08 01:04:17,@user3343,Westside,Pedestrian struck by a speeding car in Westside. Needs immediate medical attention!
2026-08-08 01:04:39,@user2684,Main Street,Roof collapsed at the construction site in Main Street. Multiple workers trapped and injured.
2026-08-08 01:04:53,@user3215,Southside,Small electrical fire started at the bakery in Southside. Needs putting out.
2026-08-08 01:04:56,@user7916,Central Park,Just got the best coffee in Central Park. What a beautiful day!
2026-08-08 01:05:54,@user3569,North Hills,Pedestrian struck by a speeding car in North Hills. Needs immediate medical attention!
2026-08-08 01:06:21,@user7354,Westside,Pedestrian struck by a speeding car in Westside. Needs immediate medical attention!
2026-08-08 01:06:31,@user7661,Westside,Is something burning in Westside? Thick black smoke in the sky.
2026-08-08 01:07:27,@user7808,Industrial District,"Heart attack suspected at the gym in Industrial District. CPR in progress, where is the ambulance?!"
2026-08-08 01:08:20,@user4490,Old Town,"Car on fire on Old Town, traffic is completely stopped. Send firetrucks!"
2026-08-08 01:08:43,@user5069,Central Park,Huge flames seen at the Central Park warehouse! Looks like a 3-alarm fire. #fire #emergency
2026-08-08 01:09:37,@user8580,Main Street,Building collapse in Main Street due to the fire. Paramedics and Firefighters needed immediately.
2026-08-08 01:10:30,@user7648,Route 66,Major explosion at Route 66 factory! Massive fire and many people injured. We need fire and medical now!
2026-08-08 01:11:22,@user7105,Southside,Small electrical fire started at the bakery in Southside. Needs putting out.
2026-08-08 01:11:48,@user2286,Industrial District,Major explosion at Industrial District factory! Massive fire and many people injured. We need fire and medical now!
2026-08-08 01:12:10,@user6304,Central Park,Cyclist hit by a truck at the intersection of Central Park. Looks really bad. @Medical
2026-08-08 01:12:47,@user3453,Central Park,"Lost dog found near Central Park, please share!"
2026-08-08 01:13:01,@user9993,Central Park,Terrible multi-car crash at Central Park. At least 3 people look badly injured. Send ambulances! #accident
2026-08-08 01:13:17,@user4381,North Hills,Anyone know why the power is out in North Hills?
2026-08-08 01:14:04,@user6829,Central Park,Building collapse in Central Park due to the fire. Paramedics and Firefighters needed immediately.
2026-08-08 01:14:31,@user7318,North Hills,"Someone collapsed on the sidewalk in North Hills, they aren't breathing! Need a medic ASAP."
2026-08-08 01:14:38,@user8986,Old Town,Building collapse in Old Town due to the fire. Paramedics and Firefighters needed immediately.
2026-08-08 01:15:06,@user9741,Southside,Cyclist hit by a truck at the intersection of Southside. Looks really bad. @Medical
2026-08-08 01:15:35,@user7047,Old Town,Anyone know why the power is out in Old Town?
2026-08-08 01:15:54,@user7380,Main Street,Terrible multi-car crash at Main Street. At least 3 people look badly injured. Send ambulances! #accident
2026-08-08 01:16:21,@user3528,Main Street,Pedestrian struck by a speeding car in Main Street. Needs immediate medical attention!
2026-08-08 01:16:46,@user9054,Industrial District,Brush fire spreading fast near Industrial District due to the high winds. @FireDept
2026-08-08 01:17:38,@user5008,Suburbs,Terrible multi-car crash at Suburbs. At least 3 people look badly injured. Send ambulances! #accident
2026-08-08 01:18:37,@user8239,Route 66,"Explosion heard near Route 66, now there's a massive fire! People are running."
2026-08-08 01:18:48,@user9949,Main Street,"Lost dog found near Main Street, please share!"
2026-08-08 01:19:25,@user6246,Old Town,Anyone know why the power is out in Old Town?
2026-08-08 01:19:56,@user8744,Route 66,Smell smoke coming from the apartment complex on Route 66. Fire alarms are going off!
2026-08-08 01:20:31,@user1712,Southside,Huge flames seen at the Southside warehouse! Looks like a 3-alarm fire. #fire #emergency
2026-08-08 01:21:04,@user8574,Downtown,Traffic is terrible around Downtown today. Ugh.
2026-08-08 01:21:35,@user1825,Central Park,Terrible multi-car crash at Central Park. At least 3 people look badly injured. Send ambulances! #accident
2026-08-08 01:22:07,@user9374,Industrial District,Traffic is terrible around Industrial District today. Ugh.
2026-08-08 01:22:16,@user4339,Route 66,"Car on fire on Route 66, traffic is completely stopped. Send firetrucks!"
2026-08-08 01:22:49,@user7312,Central Park,"Someone collapsed on the sidewalk in Central Park, they aren't breathing! Need a medic ASAP."
2026-08-08 01:23:41,@user2321,North Hills,Small electrical fire started at the bakery in North Hills. Needs putting out.
2026-08-08 01:23:44,@user9929,North Hills,Cyclist hit by a truck at the intersection of North Hills. Looks really bad. @Medical
2026-08-08 01:24:20,@user5832,Old Town,Brush fire spreading fast near Old Town due to the high winds. @FireDept
2026-08-08 01:24:59,@user7498,Central Park,"Car on fire on Central Park, traffic is completely stopped. Send firetrucks!"
2026-08-08 01:25:00,@user3013,Route 66,Just got the best coffee in Route 66. What a beautiful day!
2026-08-08 01:25:26,@user4310,Route 66,"Lost dog found near Route 66, please share!"
2026-08-08 01:25:52,@user7080,Route 66,Is something burning in Route 66? Thick black smoke in the sky.
2026-08-08 01:26:14,@user3730,Old Town,Traffic is terrible around Old Town today. Ugh.
2026-08-08 01:26:59,@user4555,Suburbs,"Lost dog found near Suburbs, please share!"
2026-08-08 01:27:05,@user2033,Route 66,Anyone know why the power is out in Route 66?
2026-08-08 01:27:23,@user6502,Westside,Pedestrian struck by a speeding car in Westside. Needs immediate medical attention!
2026-08-08 01:27:32,@user8763,Suburbs,"Someone collapsed on the sidewalk in Suburbs, they aren't breathing! Need a medic ASAP."
2026-08-08 01:27:41,@user2760,Southside,"Explosion heard near Southside, now there's a massive fire! People are running."
2026-08-08 01:28:05,@user1978,Westside,Major explosion at Westside factory! Massive fire and many people injured. We need fire and medical now!
2026-08-08 01:28:26,@user7732,Southside,Just got the best coffee in Southside. What a beautiful day!
2026-08-08 01:28:48,@user5952,North Hills,"Explosion heard near North Hills, now there's a massive fire! People are running."
2026-08-08 01:28:53,@user2476,Suburbs,Cyclist hit by a truck at the intersection of Suburbs. Looks really bad. @Medical
2026-08-08 01:29:09,@user5159,Main Street,"Lost dog found near Main Street, please share!"
2026-08-08 01:29:34,@user8577,Main Street,Building collapse in Main Street due to the fire. Paramedics and Firefighters needed immediately.
2026-08-08 01:29:47,@user2769,Suburbs,Is something burning in Suburbs? Thick black smoke in the sky.
2026-08-08 01:30:09,@user7055,North Hills,"Heart attack suspected at the gym in North Hills. CPR in progress, where is the ambulance?!"
2026-08-08 01:30:11,@user8015,North Hills,Smell smoke coming from the apartment complex on North Hills. Fire alarms are going off!
2026-08-08 01:31:11,@user5448,Route 66,"Heart attack suspected at the gym in Route 66. CPR in progress, where is the ambulance?!"
2026-08-08 01:31:22,@user7546,Downtown,Huge flames seen at the Downtown warehouse! Looks like a 3-alarm fire. #fire #emergency
2026-08-08 01:31:28,@user9051,North Hills,Massive food poisoning outbreak at the festival in North Hills. Dozens of people need hospitalization.
2026-08-08 01:31:56,@user9214,North Hills,Massive food poisoning outbreak at the festival in North Hills. Dozens of people need hospitalization.
2026-08-08 01:32:04,@user9590,Southside,Just got the best coffee in Southside. What a beautiful day!
2026-08-08 01:32:26,@user9007,Downtown,Cyclist hit by a truck at the intersection of Downtown. Looks really bad. @Medical
2026-08-08 01:33:26,@user3596,Southside,Pedestrian struck by a speeding car in Southside. Needs immediate medical attention!
2026-08-08 01:33:59,@user7356,Central Park,Building collapse in Central Park due to the fire. Paramedics and Firefighters needed immediately.
2026-08-08 01:34:28,@user6129,Central Park,"Someone collapsed on the sidewalk in Central Park, they aren't breathing! Need a medic ASAP."
2026-08-08 01:34:40,@user8423,Industrial District,Small electrical fire started at the bakery in Industrial District. Needs putting out.
2026-08-08 01:35:21,@user6572,North Hills,Cyclist hit by a truck at the intersection of North Hills. Looks really bad. @Medical
2026-08-08 01:36:06,@user7078,Southside,"Heart attack suspected at the gym in Southside. CPR in progress, where is the ambulance?!"
2026-08-08 01:37:06,@user6823,Route 66,Terrible multi-car crash at Route 66. At least 3 people look badly injured. Send ambulances! #accident
2026-08-08 01:38:01,@user5910,Downtown,Pedestrian struck by a speeding car in Downtown. Needs immediate medical attention!
2026-08-08 01:38:40,@user8810,Old Town,Anyone know why the power is out in Old Town?
2026-08-08 01:38:54,@user6991,Westside,Small electrical fire started at the bakery in Westside. Needs putting out.
2026-08-08 01:39:44,@user9946,Downtown,Huge flames seen at the Downtown warehouse! Looks like a 3-alarm fire. #fire #emergency
2026-08-08 01:40:30,@user1458,Industrial District,Smell smoke coming from the apartment complex on Industrial District. Fire alarms are going off!
2026-08-08 01:40:46,@user4682,Downtown,"Car on fire on Downtown, traffic is completely stopped. Send firetrucks!"
2026-08-08 01:41:08,@user8814,Downtown,Building collapse in Downtown due to the fire. Paramedics and Firefighters needed immediately.
2026-08-08 01:41:48,@user6366,Southside,Traffic is terrible around Southside today. Ugh.
2026-08-08 01:42:11,@user3161,North Hills,"Explosion heard near North Hills, now there's a massive fire! People are running."
2026-08-08 01:42:26,@user6274,Westside,Massive food poisoning outbreak at the festival in Westside. Dozens of people need hospitalization.
2026-08-08 01:43:23,@user6427,Industrial District,Brush fire spreading fast near Industrial District due to the high winds. @FireDept
2026-08-08 01:43:31,@user5152,Central Park,"Someone collapsed on the sidewalk in Central Park, they aren't breathing! Need a medic ASAP."
2026-08-08 01:44:18,@user7126,North Hills,"Car on fire on North Hills, traffic is completely stopped. Send firetrucks!"
2026-08-08 01:45:13,@user8880,North Hills,"Car on fire on North Hills, traffic is completely stopped. Send firetrucks!"
2026-08-08 01:46:11,@user8713,Downtown,"Lost dog found near Downtown, please share!"
2026-08-08 01:46:23,@user3624,Southside,Massive food poisoning outbreak at the festival in Southside. Dozens of people need hospitalization.
2026-08-08 01:47:02,@user4690,Route 66,Cyclist hit by a truck at the intersection of Route 66. Looks really bad. @Medical
2026-08-08 01:47:52,@user2673,Route 66,Cyclist hit by a truck at the intersection of Route 66. Looks really bad. @Medical
2026-08-08 01:48:37,@user9448,Industrial District,Cyclist hit by a truck at the intersection of Industrial District. Looks really bad. @Medical
2026-08-08 01:48:46,@user3342,Old Town,"Someone collapsed on the sidewalk in Old Town, they aren't breathing! Need a medic ASAP."
2026-08-08 01:49:37,@user1843,North Hills,Is something burning in North Hills? Thick black smoke in the sky.
2026-08-08 01:50:33,@user1796,Old Town,Traffic is terrible around Old Town today. Ugh.
2026-08-08 01:51:22,@user8054,Main Street,Huge flames seen at the Main Street warehouse! Looks like a 3-alarm fire. #fire #emergency
2026-08-08 01:52:06,@user8115,Central Park,Terrible multi-car crash at Central Park. At least 3 people look badly injured. Send ambulances! #accident
2026-08-08 01:52:25,@user3616,Old Town,Smell smoke coming from the apartment complex on Old Town. Fire alarms are going off!
2026-08-08 01:52:33,@user4766,Industrial District,Just got the best coffee in Industrial District. What a beautiful day!
2026-08-08 01:53:20,@user4692,Industrial District,Traffic is terrible around Industrial District today. Ugh.
2026-08-08 01:53:32,@user8261,Main Street,Pedestrian struck by a speeding car in Main Street. Needs immediate medical attention!
2026-08-08 01:54:23,@user1968,North Hills,Huge flames seen at the North Hills warehouse! Looks like a 3-alarm fire. #fire #emergency
2026-08-08 01:55:14,@user7247,Old Town,Just got the best coffee in Old Town. What a beautiful day!
2026-08-08 01:55:34,@user7589,Main Street,Just got the best coffee in Main Street. What a beautiful day!
2026-08-08 01:56:05,@user7475,Southside,Cyclist hit by a truck at the intersection of Southside. Looks really bad. @Medical
2026-08-08 01:56:50,@user3711,Suburbs,Smell smoke coming from the apartment complex on Suburbs. Fire alarms are going off!
2026-08-08 01:56:52,@user6685,North Hills,Traffic is terrible around North Hills today. Ugh.
2026-08-08 01:57:14,@user7171,Central Park,Traffic is terrible around Central Park today. Ugh.
2026-08-08 01:58:07,@user2539,Suburbs,Anyone know why the power is out in Suburbs?
2026-08-08 01:58:56,@user3559,Industrial District,"Heart attack suspected at the gym in Industrial District. CPR in progress, where is the ambulance?!"
2026-08-08 01:58:58,@user1453,Central Park,Just got the best coffee in Central Park. What a beautiful day!
2026-08-08 01:59:45,@user9133,Route 66,Massive food poisoning outbreak at the festival in Route 66. Dozens of people need hospitalization.
2026-08-08 02:00:20,@user1413,Downtown,"Someone collapsed on the sidewalk in Downtown, they aren't breathing! Need a medic ASAP."
2026-08-08 02:01:18,@user1006,North Hills,Massive food poisoning outbreak at the festival in North Hills. Dozens of people need hospitalization.
2026-08-08 02:02:03,@user9368,Central Park,Just got the best coffee in Central Park. What a beautiful day!
2026-08-08 02:02:44,@user6212,North Hills,Terrible multi-car crash at North Hills. At least 3 people look badly injured. Send ambulances! #accident
2026-08-08 02:03:29,@user1896,Southside,Major explosion at Southside factory! Massive fire and many people injured. We need fire and medical now!
2026-08-08 02:04:00,@user2699,Main Street,Major explosion at Main Street factory! Massive fire and many people injured. We need fire and medical now!
2026-08-08 02:04:55,@user5996,Industrial District,Brush fire spreading fast near Industrial District due to the high winds. @FireDept
2026-08-08 02:05:49,@user4025,Old Town,Is something burning in Old Town? Thick black smoke in the sky.
2026-08-08 02:06:17,@user4956,Downtown,Just got the best coffee in Downtown. What a beautiful day!
2026-08-08 02:06:18,@user8046,Central Park,Is something burning in Central Park? Thick black smoke in the sky.
2026-08-08 02:06:33,@user2820,Route 66,Roof collapsed at the construction site in Route 66. Multiple workers trapped and injured.
2026-08-08 02:07:23,@user4547,Downtown,Huge flames seen at the Downtown warehouse! Looks like a 3-alarm fire. #fire #emergency
2026-08-08 02:08:11,@user7234,North Hills,"Explosion heard near North Hills, now there's a massive fire! People are running."
2026-08-08 02:08:40,@user5246,Suburbs,"Lost dog found near Suburbs, please share!"
2026-08-08 02:09:16,@user1223,Downtown,Roof collapsed at the construction site in Downtown. Multiple workers trapped and injured.
2026-08-08 02:10:05,@user3609,Route 66,Smell smoke coming from the apartment complex on Route 66. Fire alarms are going off!
2026-08-08 02:10:19,@user1224,Route 66,Major explosion at Route 66 factory! Massive fire and many people injured. We need fire and medical now!
2026-08-08 02:10:23,@user1695,Central Park,Anyone know why the power is out in Central Park?
2026-08-08 02:11:18,@user1290,Old Town,Terrible multi-car crash at Old Town. At least 3 people look badly injured. Send ambulances! #accident
2026-08-08 02:11:41,@user5525,Industrial District,Roof collapsed at the construction site in Industrial District. Multiple workers trapped and injured.
2026-08-08 02:11:55,@user8857,Downtown,Is something burning in Downtown? Thick black smoke in the sky.
2026-08-08 02:12:47,@user9997,Route 66,Anyone know why the power is out in Route 66?
2026-08-08 02:13:17,@user8057,Southside,Huge flames seen at the Southside warehouse! Looks like a 3-alarm fire. #fire #emergency
2026-08-08 02:13:20,@user3541,Westside,Just got the best coffee in Westside. What a beautiful day!
2026-08-08 02:13:56,@user4641,Central Park,Building collapse in Central Park due to the fire. Paramedics and Firefighters needed immediately.
2026-08-08 02:14:16,@user4674,Old Town,"Lost dog found near Old Town, please share!"
2026-08-08 02:14:59,@user8376,Industrial District,"Lost dog found near Industrial District, please share!"
2026-08-08 02:15:00,@user2132,Central Park,Massive food poisoning outbreak at the festival in Central Park. Dozens of people need hospitalization.
2026-08-08 02:15:08,@user5486,Industrial District,Brush fire spreading fast near Industrial District due to the high winds. @FireDept
2026-08-08 02:15:10,@user8092,Route 66,Building collapse in Route 66 due to the fire. Paramedics and Firefighters needed immediately.
2026-08-08 02:15:41,@user1496,Main Street,Cyclist hit by a truck at the intersection of Main Street. Looks really bad. @Medical
2026-08-08 02:15:44,@user5029,Central Park,"Lost dog found near Central Park, please share!"
2026-08-08 02:16:32,@user4039,Downtown,Smell smoke coming from the apartment complex on Downtown. Fire alarms are going off!
2026-08-08 02:17:23,@user6389,Downtown,Terrible multi-car crash at Downtown. At least 3 people look badly injured. Send ambulances! #accident
2026-08-08 02:18:19,@user6035,Suburbs,"Car on fire on Suburbs, traffic is completely stopped. Send firetrucks!"
2026-08-08 02:19:15,@user4139,Old Town,Smell smoke coming from the apartment complex on Old Town. Fire alarms are going off!
2026-08-08 02:20:03,@user4781,Main Street,"Explosion heard near Main Street, now there's a massive fire! People are running."
2026-08-08 02:20:13,@user3759,Industrial District,Anyone know why the power is out in Industrial District?
2026-08-08 02:20:40,@user4590,Central Park,Pedestrian struck by a speeding car in Central Park. Needs immediate medical attention!
2026-08-08 02:21:36,@user9834,Route 66,Roof collapsed at the construction site in Route 66. Multiple workers trapped and injured.
2026-08-08 02:21:50,@user4345,Westside,"Car on fire on Westside, traffic is completely stopped. Send firetrucks!"
2026-08-08 02:22:23,@user1325,Industrial District,"Explosion heard near Industrial District, now there's a massive fire! People are running."
2026-08-08 02:23:11,@user4373,Industrial District,"Someone collapsed on the sidewalk in Industrial District, they aren't breathing! Need a medic ASAP."
2026-08-08 02:23:45,@user6895,Suburbs,Major explosion at Suburbs factory! Massive fire and many people injured. We need fire and medical now!
2026-08-08 02:24:18,@user3526,North Hills,Cyclist hit by a truck at the intersection of North Hills. Looks really bad. @Medical
2026-08-08 02:24:52,@user7879,North Hills,Major explosion at North Hills factory! Massive fire and many people injured. We need fire and medical now!
2026-08-08 02:25:27,@user8220,North Hills,Huge flames seen at the North Hills warehouse! Looks like a 3-alarm fire. #fire #emergency
2026-08-08 02:25:30,@user9235,Downtown,"Someone collapsed on the sidewalk in Downtown, they aren't breathing! Need a medic ASAP."
2026-08-08 02:25:33,@user6195,Westside,"Explosion heard near Westside, now there's a massive fire! People are running."
2026-08-08 02:26:04,@user7277,Industrial District,"Explosion heard near Industrial District, now there's a massive fire! People are running."
2026-08-08 02:26:59,@user4506,Westside,Huge flames seen at the Westside warehouse! Looks like a 3-alarm fire. #fire #emergency
2026-08-08 02:27:12,@user9916,Downtown,"Car on fire on Downtown, traffic is completely stopped. Send firetrucks!"
2026-08-08 02:27:13,@user6058,Route 66,Massive food poisoning outbreak at the festival in Route 66. Dozens of people need hospitalization.
2026-08-08 02:27:40,@user4404,Route 66,Small electrical fire started at the bakery in Route 66. Needs putting out.
2026-08-08 02:27:51,@user4560,North Hills,Just got the best coffee in North Hills. What a beautiful day!
2026-08-08 02:28:46,@user9171,Downtown,"Heart attack suspected at the gym in Downtown. CPR in progress, where is the ambulance?!"
2026-08-08 02:29:11,@user1784,Central Park,Major explosion at Central Park factory! Massive fire and many people injured. We need fire and medical now!
2026-08-08 02:29:26,@user5751,Southside,Roof collapsed at the construction site in Southside. Multiple workers trapped and injured.
2026-08-08 02:30:11,@user9656,Main Street,Cyclist hit by a truck at the intersection of Main Street. Looks really bad. @Medical
2026-08-08 02:30:17,@user3805,Downtown,Traffic is terrible around Downtown today. Ugh.
2026-08-08 02:30:40,@user8146,Westside,"Lost dog found near Westside, please share!"
2026-08-08 02:30:54,@user7766,North Hills,Just got the best coffee in North Hills. What a beautiful day!
2026-08-08 02:31:21,@user5077,Route 66,Pedestrian struck by a speeding car in Route 66. Needs immediate medical attention!
2026-08-08 02:32:10,@user1711,Main Street,Building collapse in Main Street due to the fire. Paramedics and Firefighters needed immediately.
2026-08-08 02:32:42,@user5578,Industrial District,Massive food poisoning outbreak at the festival in Industrial District. Dozens of people need hospitalization.
2026-08-08 02:33:25,@user5146,Central Park,Major explosion at Central Park factory! Massive fire and many people injured. We need fire and medical now!
2026-08-08 02:33:31,@user8390,Route 66,"Heart attack suspected at the gym in Route 66. CPR in progress, where is the ambulance?!"
2026-08-08 02:34:31,@user4034,North Hills,Small electrical fire started at the bakery in North Hills. Needs putting out.
2026-08-08 02:35:25,@user7480,Main Street,Small electrical fire started at the bakery in Main Street. Needs putting out.
2026-08-08 02:36:06,@user5614,Central Park,Anyone know why the power is out in Central Park?
2026-08-08 02:36:16,@user6374,Westside,Is something burning in Westside? Thick black smoke in the sky.
2026-08-08 02:36:28,@user7310,Industrial District,Huge flames seen at the Industrial District warehouse! Looks like a 3-alarm fire. #fire #emergency
2026-08-08 02:36:43,@user1583,Old Town,Brush fire spreading fast near Old Town due to the high winds. @FireDept
2026-08-08 02:37:22,@user2039,North Hills,Small electrical fire started at the bakery in North Hills. Needs putting out.
2026-08-08 02:37:35,@user3179,Route 66,Is something burning in Route 66? Thick black smoke in the sky.
2026-08-08 02:37:53,@user6599,Old Town,Small electrical fire started at the bakery in Old Town. Needs putting out.
2026-08-08 02:38:49,@user5903,Old Town,Is something burning in Old Town? Thick black smoke in the sky.
2026-08-08 02:39:30,@user7878,Main Street,"Lost dog found near Main Street, please share!"
2026-08-08 02:39:47,@user1300,North Hills,Just got the best coffee in North Hills. What a beautiful day!
2026-08-08 02:40:12,@user7981,Old Town,"Lost dog found near Old Town, please share!"
2026-08-08 02:40:24,@user1770,Industrial District,Building collapse in Industrial District due to the fire. Paramedics and Firefighters needed immediately.
2026-08-08 02:40:45,@user2849,Route 66,Terrible multi-car crash at Route 66. At least 3 people look badly injured. Send ambulances! #accident
2026-08-08 02:40:58,@user7600,Old Town,Traffic is terrible around Old Town today. Ugh.
2026-08-08 02:41:27,@user7032,Central Park,Traffic is terrible around Central Park today. Ugh.
2026-08-08 02:42:27,@user5729,Downtown,Is something burning in Downtown? Thick black smoke in the sky.
2026-08-08 02:42:32,@user4332,Industrial District,Building collapse in Industrial District due to the fire. Paramedics and Firefighters needed immediately.
2026-08-08 02:43:25,@user9273,Central Park,"Heart attack suspected at the gym in Central Park. CPR in progress, where is the ambulance?!"
2026-08-08 02:43:38,@user5369,Central Park,Small electrical fire started at the bakery in Central Park. Needs putting out.
2026-08-08 02:44:15,@user2938,Southside,"Car on fire on Southside, traffic is completely stopped. Send firetrucks!"
2026-08-08 02:45:15,@user4079,Southside,"Car on fire on Southside, traffic is completely stopped. Send firetrucks!"
2026-08-08 02:45:36,@user1183,Westside,Pedestrian struck by a speeding car in Westside. Needs immediate medical attention!
2026-08-08 02:46:35,@user3839,Downtown,Is something burning in Downtown? Thick black smoke in the sky.
2026-08-08 02:46:59,@user1954,Route 66,Roof collapsed at the construction site in Route 66. Multiple workers trapped and injured.
2026-08-08 02:47:52,@user7336,Downtown,Roof collapsed at the construction site in Downtown. Multiple workers trapped and injured.
2026-08-08 02:48:28,@user3537,Industrial District,"Lost dog found near Industrial District, please share!"
2026-08-08 02:49:01,@user7697,Downtown,"Lost dog found near Downtown, please share!"
2026-08-08 02:49:15,@user4086,Route 66,Terrible multi-car crash at Route 66. At least 3 people look badly injured. Send ambulances! #accident
2026-08-08 02:49:41,@user8306,Main Street,"Someone collapsed on the sidewalk in Main Street, they aren't breathing! Need a medic ASAP."
2026-08-08 02:50:25,@user4356,Westside,"Car on fire on Westside, traffic is completely stopped. Send firetrucks!"
2026-08-08 02:50:41,@user4191,Main Street,Roof collapsed at the construction site in Main Street. Multiple workers trapped and injured.
2026-08-08 02:51:36,@user3371,Downtown,Massive food poisoning outbreak at the festival in Downtown. Dozens of people need hospitalization.
2026-08-08 02:52:24,@user6229,Main Street,Just got the best coffee in Main Street. What a beautiful day!
2026-08-08 02:53:00,@user2253,Westside,Traffic is terrible around Westside today. Ugh.
2026-08-08 02:53:51,@user9230,Old Town,"Someone collapsed on the sidewalk in Old Town, they aren't breathing! Need a medic ASAP."
2026-08-08 02:54:01,@user3400,Industrial District,Building collapse in Industrial District due to the fire. Paramedics and Firefighters needed immediately.
2026-08-08 02:54:42,@user7979,Downtown,"Heart attack suspected at the gym in Downtown. CPR in progress, where is the ambulance?!"
2026-08-08 02:55:09,@user7806,Central Park,Traffic is terrible around Central Park today. Ugh.
2026-08-08 02:55:23,@user6416,Westside,Terrible multi-car crash at Westside. At least 3 people look badly injured. Send ambulances! #accident
2026-08-08 02:55:32,@user3347,Old Town,Pedestrian struck by a speeding car in Old Town. Needs immediate medical attention!
2026-08-08 02:56:14,@user5449,Suburbs,Just got the best coffee in Suburbs. What a beautiful day!
2026-08-08 02:57:02,@user7783,North Hills,Pedestrian struck by a speeding car in North Hills. Needs immediate medical attention!
2026-08-08 02:57:16,@user6549,Westside,Cyclist hit by a truck at the intersection of Westside. Looks really bad. @Medical
2026-08-08 02:58:11,@user1050,Main Street,"Lost dog found near Main Street, please share!"
2026-08-08 02:58:44,@user7903,Suburbs,"Explosion heard near Suburbs, now there's a massive fire! People are running."
2026-08-08 02:59:32,@user4292,Suburbs,Small electrical fire started at the bakery in Suburbs. Needs putting out.
2026-08-08 03:00:12,@user7910,North Hills,"Someone collapsed on the sidewalk in North Hills, they aren't breathing! Need a medic ASAP."
2026-08-08 03:00:22,@user3235,Suburbs,Smell smoke coming from the apartment complex on Suburbs. Fire alarms are going off!
2026-08-08 03:00:58,@user7152,Central Park,Pedestrian struck by a speeding car in Central Park. Needs immediate medical attention!
2026-08-08 03:01:17,@user2561,North Hills,"Lost dog found near North Hills, please share!"
2026-08-08 03:02:01,@user7229,Central Park,"Explosion heard near Central Park, now there's a massive fire! People are running."
2026-08-08 03:02:16,@user2949,Main Street,Is something burning in Main Street? Thick black smoke in the sky.
2026-08-08 03:03:15,@user8996,Suburbs,Traffic is terrible around Suburbs today. Ugh.
2026-08-08 03:03:27,@user5113,Main Street,"Heart attack suspected at the gym in Main Street. CPR in progress, where is the ambulance?!"
2026-08-08 03:04:27,@user2342,Industrial District,"Car on fire on Industrial District, traffic is completely stopped. Send firetrucks!"
2026-08-08 03:04:45,@user3705,Route 66,Anyone know why the power is out in Route 66?
2026-08-08 03:05:32,@user2029,Industrial District,Massive food poisoning outbreak at the festival in Industrial District. Dozens of people need hospitalization.
2026-08-08 03:05:37,@user7660,Suburbs,Roof collapsed at the construction site in Suburbs. Multiple workers trapped and injured.
2026-08-08 03:06:11,@user5669,Industrial District,"Explosion heard near Industrial District, now there's a massive fire! People are running."
2026-08-08 03:07:09,@user2503,Southside,Major explosion at Southside factory! Massive fire and many people injured. We need fire and medical now!
2026-08-08 03:07:46,@user4670,Central Park,Building collapse in Central Park due to the fire. Paramedics and Firefighters needed immediately.
2026-08-08 03:08:08,@user1323,Southside,Smell smoke coming from the apartment complex on Southside. Fire alarms are going off!
2026-08-08 03:08:12,@user4238,Route 66,Cyclist hit by a truck at the intersection of Route 66. Looks really bad. @Medical
2026-08-08 03:08:25,@user5015,Industrial District,"Car on fire on Industrial District, traffic is completely stopped. Send firetrucks!"
2026-08-08 03:08:47,@user1288,Old Town,Smell smoke coming from the apartment complex on Old Town. Fire alarms are going off!
2026-08-08 03:09:39,@user6890,Route 66,Building collapse in Route 66 due to the fire. Paramedics and Firefighters needed immediately.
2026-08-08 03:10:27,@user4171,Southside,Is something burning in Southside? Thick black smoke in the sky.
2026-08-08 03:10:39,@user1700,Route 66,Huge flames seen at the Route 66 warehouse! Looks like a 3-alarm fire. #fire #emergency
2026-08-08 03:11:01,@user4430,Industrial District,Brush fire spreading fast near Industrial District due to the high winds. @FireDept
2026-08-08 03:11:55,@user9885,Suburbs,Just got the best coffee in Suburbs. What a beautiful day!
2026-08-08 03:12:07,@user2773,Downtown,Building collapse in Downtown due to the fire. Paramedics and Firefighters needed immediately.
2026-08-08 03:12:16,@user6674,Old Town,Roof collapsed at the construction site in Old Town. Multiple workers trapped and injured.
2026-08-08 03:12:45,@user2583,Southside,Brush fire spreading fast near Southside due to the high winds. @FireDept
2026-08-08 03:13:03,@user1513,Westside,Terrible multi-car crash at Westside. At least 3 people look badly injured. Send ambulances! #accident
2026-08-08 03:13:55,@user5095,Southside,Just got the best coffee in Southside. What a beautiful day!
2026-08-08 03:14:26,@user5547,Route 66,Building collapse in Route 66 due to the fire. Paramedics and Firefighters needed immediately.
2026-08-08 03:15:24,@user4478,Westside,Brush fire spreading fast near Westside due to the high winds. @FireDept
2026-08-08 03:16:21,@user8374,Downtown,"Someone collapsed on the sidewalk in Downtown, they aren't breathing! Need a medic ASAP."
2026-08-08 03:16:27,@user3750,Old Town,Small electrical fire started at the bakery in Old Town. Needs putting out.
2026-08-08 03:16:29,@user8301,Westside,"Someone collapsed on the sidewalk in Westside, they aren't breathing! Need a medic ASAP."
2026-08-08 03:17:23,@user2421,Westside,"Heart attack suspected at the gym in Westside. CPR in progress, where is the ambulance?!"
2026-08-08 03:17:45,@user5800,Suburbs,Is something burning in Suburbs? Thick black smoke in the sky.
2026-08-08 03:18:22,@user8156,Old Town,"Car on fire on Old Town, traffic is completely stopped. Send firetrucks!"
2026-08-08 03:19:03,@user4915,Old Town,Is something burning in Old Town? Thick black smoke in the sky.
2026-08-08 03:19:35,@user5746,Westside,"Heart attack suspected at the gym in Westside. CPR in progress, where is the ambulance?!"
2026-08-08 03:20:00,@user6828,Suburbs,Traffic is terrible around Suburbs today. Ugh.
2026-08-08 03:20:24,@user1634,Suburbs,Huge flames seen at the Suburbs warehouse! Looks like a 3-alarm fire. #fire #emergency
2026-08-08 03:21:22,@user3437,Main Street,Terrible multi-car crash at Main Street. At least 3 people look badly injured. Send ambulances! #accident
2026-08-08 03:22:18,@user4571,Central Park,Small electrical fire started at the bakery in Central Park. Needs putting out.
2026-08-08 03:23:14,@user1490,Westside,Pedestrian struck by a speeding car in Westside. Needs immediate medical attention!
2026-08-08 03:23:19,@user6909,Central Park,Small electrical fire started at the bakery in Central Park. Needs putting out.
2026-08-08 03:23:27,@user1477,Industrial District,Terrible multi-car crash at Industrial District. At least 3 people look badly injured. Send ambulances! #accident
2026-08-08 03:23:35,@user1151,Industrial District,Traffic is terrible around Industrial District today. Ugh.
2026-08-08 03:23:51,@user2198,Old Town,Roof collapsed at the construction site in Old Town. Multiple workers trapped and injured.
2026-08-08 03:24:07,@user3985,Central Park,"Explosion heard near Central Park, now there's a massive fire! People are running."
2026-08-08 03:24:37,@user8226,Industrial District,Building collapse in Industrial District due to the fire. Paramedics and Firefighters needed immediately.
2026-08-08 03:25:26,@user4215,Old Town,Smell smoke coming from the apartment complex on Old Town. Fire alarms are going off!
2026-08-08 03:25:37,@user7005,North Hills,Is something burning in North Hills? Thick black smoke in the sky.
2026-08-08 03:26:10,@user2021,North Hills,"Car on fire on North Hills, traffic is completely stopped. Send firetrucks!"
2026-08-08 03:26:51,@user9056,Westside,Terrible multi-car crash at Westside. At least 3 people look badly injured. Send ambulances! #accident
2026-08-08 03:27:13,@user7917,Westside,Smell smoke coming from the apartment complex on Westside. Fire alarms are going off!
2026-08-08 03:27:34,@user1136,Old Town,Terrible multi-car crash at Old Town. At least 3 people look badly injured. Send ambulances! #accident
2026-08-08 03:28:05,@user4528,Westside,Anyone know why the power is out in Westside?
2026-08-08 03:28:39,@user6933,Old Town,"Someone collapsed on the sidewalk in Old Town, they aren't breathing! Need a medic ASAP."
2026-08-08 03:29:00,@user4461,Southside,Massive food poisoning outbreak at the festival in Southside. Dozens of people need hospitalization.
2026-08-08 03:29:59,@user9455,Suburbs,Smell smoke coming from the apartment complex on Suburbs. Fire alarms are going off!
2026-08-08 03:30:05,@user3711,Southside,Smell smoke coming from the apartment complex on Southside. Fire alarms are going off!
2026-08-08 03:30:53,@user7903,Industrial District,Brush fire spreading fast near Industrial District due to the high winds. @FireDept
2026-08-08 03:31:01,@user6539,North Hills,Pedestrian struck by a speeding car in North Hills. Needs immediate medical attention!
2026-08-08 03:31:25,@user9644,Central Park,Anyone know why the power is out in Central Park?
2026-08-08 03:31:33,@user9211,Central Park,Building collapse in Central Park due to the fire. Paramedics and Firefighters needed immediately.
2026-08-08 03:32:06,@user5175,Old Town,"Car on fire on Old Town, traffic is completely stopped. Send firetrucks!"
2026-08-08 03:32:39,@user5381,Route 66,Building collapse in Route 66 due to the fire. Paramedics and Firefighters needed immediately.
2026-08-08 03:32:43,@user2004,Southside,"Explosion heard near Southside, now there's a massive fire! People are running."
2026-08-08 03:33:03,@user5501,Central Park,"Explosion heard near Central Park, now there's a massive fire! People are running."
2026-08-08 03:33:51,@user8472,Suburbs,Cyclist hit by a truck at the intersection of Suburbs. Looks really bad. @Medical
2026-08-08 03:34:17,@user2705,Downtown,Pedestrian struck by a speeding car in Downtown. Needs immediate medical attention!
2026-08-08 03:34:35,@user8195,Industrial District,Traffic is terrible around Industrial District today. Ugh.
2026-08-08 03:35:21,@user9843,Westside,"Explosion heard near Westside, now there's a massive fire! People are running."
2026-08-08 03:36:00,@user7322,Downtown,Roof collapsed at the construction site in Downtown. Multiple workers trapped and injured.
2026-08-08 03:36:37,@user6839,North Hills,Massive food poisoning outbreak at the festival in North Hills. Dozens of people need hospitalization.
2026-08-08 03:37:13,@user7038,Route 66,Roof collapsed at the construction site in Route 66. Multiple workers trapped and injured.
2026-08-08 03:37:22,@user3122,Westside,Cyclist hit by a truck at the intersection of Westside. Looks really bad. @Medical
2026-08-08 03:38:00,@user2745,Old Town,"Car on fire on Old Town, traffic is completely stopped. Send firetrucks!"
2026-08-08 03:38:18,@user4950,Main Street,Terrible multi-car crash at Main Street. At least 3 people look badly injured. Send ambulances! #accident
2026-08-08 03:38:43,@user3494,Southside,Roof collapsed at the construction site in Southside. Multiple workers trapped and injured.
2026-08-08 03:39:02,@user6591,Suburbs,Smell smoke coming from the apartment complex on Suburbs. Fire alarms are going off!
2026-08-08 03:39:22,@user5115,Industrial District,Anyone know why the power is out in Industrial District?
2026-08-08 03:40:11,@user6208,Industrial District,"Heart attack suspected at the gym in Industrial District. CPR in progress, where is the ambulance?!"
2026-08-08 03:40:47,@user8082,Industrial District,Just got the best coffee in Industrial District. What a beautiful day!
2026-08-08 03:41:42,@user8671,Westside,"Lost dog found near Westside, please share!"
2026-08-08 03:42:01,@user7293,Westside,"Car on fire on Westside, traffic is completely stopped. Send firetrucks!"
2026-08-08 03:42:14,@user6070,Main Street,Pedestrian struck by a speeding car in Main Street. Needs immediate medical attention!
2026-08-08 03:42:48,@user7414,Industrial District,Huge flames seen at the Industrial District warehouse! Looks like a 3-alarm fire. #fire #emergency
2026-08-08 03:43:42,@user6651,Southside,Cyclist hit by a truck at the intersection of Southside. Looks really bad. @Medical
2026-08-08 03:43:58,@user1199,Industrial District,Smell smoke coming from the apartment complex on Industrial District. Fire alarms are going off!
2026-08-08 03:44:14,@user9509,Westside,Smell smoke coming from the apartment complex on Westside. Fire alarms are going off!
2026-08-08 03:44:18,@user2571,Central Park,Anyone know why the power is out in Central Park?
2026-08-08 03:44:29,@user5897,Westside,Anyone know why the power is out in Westside?
2026-08-08 03:45:29,@user5028,Route 66,"Lost dog found near Route 66, please share!"
2026-08-08 03:46:26,@user3588,North Hills,Pedestrian struck by a speeding car in North Hills. Needs immediate medical attention!
2026-08-08 03:47:08,@user5144,Old Town,Brush fire spreading fast near Old Town due to the high winds. @FireDept
2026-08-08 03:47:41,@user8797,Route 66,"Explosion heard near Route 66, now there's a massive fire! People are running."
2026-08-08 03:48:04,@user8060,Westside,"Lost dog found near Westside, please share!"
2026-08-08 03:48:34,@user4715,Old Town,Roof collapsed at the construction site in Old Town. Multiple workers trapped and injured.
2026-08-08 03:49:09,@user9916,Main Street,Anyone know why the power is out in Main Street?
2026-08-08 03:49:42,@user6589,Westside,Terrible multi-car crash at Westside. At least 3 people look badly injured. Send ambulances! #accident
2026-08-08 03:50:08,@user1733,Downtown,Massive food poisoning outbreak at the festival in Downtown. Dozens of people need hospitalization.
2026-08-08 03:50:40,@user6319,Main Street,"Explosion heard near Main Street, now there's a massive fire! People are running."
2026-08-08 03:51:27,@user3860,Suburbs,Massive food poisoning outbreak at the festival in Suburbs. Dozens of people need hospitalization.
2026-08-08 03:52:03,@user4042,Old Town,Building collapse in Old Town due to the fire. Paramedics and Firefighters needed immediately.
2026-08-08 03:52:25,@user9799,Old Town,Massive food poisoning outbreak at the festival in Old Town. Dozens of people need hospitalization.
2026-08-08 03:52:46,@user9782,Old Town,Is something burning in Old Town? Thick black smoke in the sky.
2026-08-08 03:53:22,@user2350,Industrial District,Traffic is terrible around Industrial District today. Ugh.
2026-08-08 03:53:24,@user1979,Central Park,"Explosion heard near Central Park, now there's a massive fire! People are running."
2026-08-08 03:54:17,@user2744,Old Town,Major explosion at Old Town factory! Massive fire and many people injured. We need fire and medical now!
2026-08-08 03:54:32,@user7887,North Hills,Smell smoke coming from the apartment complex on North Hills. Fire alarms are going off!
2026-08-08 03:55:03,@user1996,North Hills,Smell smoke coming from the apartment complex on North Hills. Fire alarms are going off!
2026-08-08 03:55:33,@user5580,Old Town,Smell smoke coming from the apartment complex on Old Town. Fire alarms are going off!
2026-08-08 03:56:05,@user8592,Westside,"Someone collapsed on the sidewalk in Westside, they aren't breathing! Need a medic ASAP."
2026-08-08 03:56:13,@user5240,Suburbs,Huge flames seen at the Suburbs warehouse! Looks like a 3-alarm fire. #fire #emergency
2026-08-08 03:56:32,@user5392,Downtown,"Heart attack suspected at the gym in Downtown. CPR in progress, where is the ambulance?!"
2026-08-08 03:57:30,@user2434,Industrial District,"Explosion heard near Industrial District, now there's a massive fire! People are running."
2026-08-08 03:58:10,@user5267,Central Park,"Lost dog found near Central Park, please share!"
2026-08-08 03:58:43,@user2669,North Hills,Building collapse in North Hills due to the fire. Paramedics and Firefighters needed immediately.
2026-08-08 03:58:46,@user5388,Old Town,Small electrical fire started at the bakery in Old Town. Needs putting out.
2026-08-08 03:59:09,@user9078,Route 66,Traffic is terrible around Route 66 today. Ugh.
2026-08-08 03:59:10,@user7744,Downtown,"Lost dog found near Downtown, please share!"
2026-08-08 03:59:44,@user1412,Southside,Small electrical fire started at the bakery in Southside. Needs putting out.
2026-08-08 04:00:42,@user5405,Downtown,Terrible multi-car crash at Downtown. At least 3 people look badly injured. Send ambulances! #accident
2026-08-08 04:00:50,@user9107,Route 66,Cyclist hit by a truck at the intersection of Route 66. Looks really bad. @Medical
2026-08-08 04:00:55,@user6681,North Hills,Cyclist hit by a truck at the intersection of North Hills. Looks really bad. @Medical
2026-08-08 04:01:17,@user2783,Westside,Traffic is terrible around Westside today. Ugh.
2026-08-08 04:02:09,@user1047,Central Park,"Car on fire on Central Park, traffic is completely stopped. Send firetrucks!"
2026-08-08 04:02:29,@user7452,Old Town,"Car on fire on Old Town, traffic is completely stopped. Send firetrucks!"
2026-08-08 04:03:23,@user1628,Route 66,"Car on fire on Route 66, traffic is completely stopped. Send firetrucks!"
2026-08-08 04:04:09,@user4281,Central Park,Small electrical fire started at the bakery in Central Park. Needs putting out.
2026-08-08 04:04:21,@user4875,Old Town,"Car on fire on Old Town, traffic is completely stopped. Send firetrucks!"
2026-08-08 04:05:14,@user2257,Route 66,"Lost dog found near Route 66, please share!"
2026-08-08 04:05:15,@user3815,Downtown,Pedestrian struck by a speeding car in Downtown. Needs immediate medical attention!
2026-08-08 04:05:26,@user6015,Old Town,Roof collapsed at the construction site in Old Town. Multiple workers trapped and injured.
2026-08-08 04:05:40,@user4380,Suburbs,Brush fire spreading fast near Suburbs due to the high winds. @FireDept
2026-08-08 04:05:55,@user3211,Downtown,Is something burning in Downtown? Thick black smoke in the sky.
2026-08-08 04:06:08,@user9811,Main Street,"Lost dog found near Main Street, please share!"
2026-08-08 04:06:26,@user8255,Industrial District,Terrible multi-car crash at Industrial District. At least 3 people look badly injured. Send ambulances! #accident
2026-08-08 04:07:06,@user8919,Westside,Small electrical fire started at the bakery in Westside. Needs putting out.
2026-08-08 04:07:44,@user3554,Industrial District,Huge flames seen at the Industrial District warehouse! Looks like a 3-alarm fire. #fire #emergency
2026-08-08 04:07:56,@user7146,Suburbs,"Heart attack suspected at the gym in Suburbs. CPR in progress, where is the ambulance?!"
2026-08-08 04:08:54,@user8077,Old Town,"Explosion heard near Old Town, now there's a massive fire! People are running."
2026-08-08 04:09:04,@user5821,Central Park,Pedestrian struck by a speeding car in Central Park. Needs immediate medical attention!
2026-08-08 04:09:31,@user6173,Westside,Huge flames seen at the Westside warehouse! Looks like a 3-alarm fire. #fire #emergency
2026-08-08 04:10:12,@user5611,Central Park,Smell smoke coming from the apartment complex on Central Park. Fire alarms are going off!
2026-08-08 04:11:01,@user1533,Route 66,"Explosion heard near Route 66, now there's a massive fire! People are running."
2026-08-08 04:11:36,@user8087,North Hills,Major explosion at North Hills factory! Massive fire and many people injured. We need fire and medical now!
2026-08-08 04:11:44,@user4350,North Hills,"Lost dog found near North Hills, please share!"
2026-08-08 04:12:18,@user6721,Westside,Traffic is terrible around Westside today. Ugh.
2026-08-08 04:12:36,@user1810,Suburbs,Huge flames seen at the Suburbs warehouse! Looks like a 3-alarm fire. #fire #emergency
2026-08-08 04:12:43,@user1446,Industrial District,"Someone collapsed on the sidewalk in Industrial District, they aren't breathing! Need a medic ASAP."
2026-08-08 04:13:29,@user9378,Route 66,Roof collapsed at the construction site in Route 66. Multiple workers trapped and injured.
2026-08-08 04:13:45,@user2679,North Hills,"Car on fire on North Hills, traffic is completely stopped. Send firetrucks!"
2026-08-08 04:13:50,@user4351,Southside,Pedestrian struck by a speeding car in Southside. Needs immediate medical attention!
2026-08-08 04:14:49,@user5717,Southside,Huge flames seen at the Southside warehouse! Looks like a 3-alarm fire. #fire #emergency
2026-08-08 04:15:19,@user7482,Westside,"Someone collapsed on the sidewalk in Westside, they aren't breathing! Need a medic ASAP."
2026-08-08 04:15:39,@user5968,Industrial District,Anyone know why the power is out in Industrial District?
2026-08-08 04:16:34,@user1954,Southside,Traffic is terrible around Southside today. Ugh.
2026-08-08 04:17:05,@user1497,Southside,Brush fire spreading fast near Southside due to the high winds. @FireDept
2026-08-08 04:17:54,@user8643,Industrial District,Is something burning in Industrial District? Thick black smoke in the sky.
2026-08-08 04:18:19,@user4528,Old Town,Pedestrian struck by a speeding car in Old Town. Needs immediate medical attention!
2026-08-08 04:18:23,@user2366,Downtown,Terrible multi-car crash at Downtown. At least 3 people look badly injured. Send ambulances! #accident
2026-08-08 04:18:41,@user3738,Central Park,"Car on fire on Central Park, traffic is completely stopped. Send firetrucks!"
2026-08-08 04:19:25,@user4745,Industrial District,"Explosion heard near Industrial District, now there's a massive fire! People are running."
2026-08-08 04:20:24,@user1006,Suburbs,"Lost dog found near Suburbs, please share!"
2026-08-08 04:20:40,@user6866,Westside,Major explosion at Westside factory! Massive fire and many people injured. We need fire and medical now!
2026-08-08 04:21:35,@user2879,Southside,Cyclist hit by a truck at the intersection of Southside. Looks really bad. @Medical
2026-08-08 04:22:30,@user6985,Suburbs,Cyclist hit by a truck at the intersection of Suburbs. Looks really bad. @Medical
2026-08-08 04:23:11,@user1890,Old Town,Small electrical fire started at the bakery in Old Town. Needs putting out.
2026-08-08 04:23:33,@user5683,Downtown,"Car on fire on Downtown, traffic is completely stopped. Send firetrucks!"
2026-08-08 04:24:12,@user5519,Suburbs,Huge flames seen at the Suburbs warehouse! Looks like a 3-alarm fire. #fire #emergency
2026-08-08 04:24:14,@user9821,Route 66,Just got the best coffee in Route 66. What a beautiful day!
2026-08-08 04:24:25,@user1697,Southside,"Car on fire on Southside, traffic is completely stopped. Send firetrucks!"
2026-08-08 04:24:34,@user9896,North Hills,"Lost dog found near North Hills, please share!"
2026-08-08 04:25:25,@user3161,Southside,Small electrical fire started at the bakery in Southside. Needs putting out.
2026-08-08 04:25:37,@user4133,Industrial District,Anyone know why the power is out in Industrial District?
2026-08-08 04:26:31,@user2237,Downtown,Brush fire spreading fast near Downtown due to the high winds. @FireDept
2026-08-08 04:27:29,@user4971,Westside,Brush fire spreading fast near Westside due to the high winds. @FireDept
2026-08-08 04:27:33,@user7685,Central Park,Pedestrian struck by a speeding car in Central Park. Needs immediate medical attention!
2026-08-08 04:27:40,@user5117,Industrial District,Is something burning in Industrial District? Thick black smoke in the sky.
2026-08-08 04:28:31,@user7498,Route 66,Small electrical fire started at the bakery in Route 66. Needs putting out.
2026-08-08 04:28:48,@user8238,Old Town,Just got the best coffee in Old Town. What a beautiful day!
2026-08-08 04:29:41,@user4956,Main Street,Just got the best coffee in Main Street. What a beautiful day!
2026-08-08 04:30:00,@user1013,North Hills,Smell smoke coming from the apartment complex on North Hills. Fire alarms are going off!
2026-08-08 04:30:12,@user1599,Southside,Anyone know why the power is out in Southside?
2026-08-08 04:31:09,@user8758,Suburbs,"Car on fire on Suburbs, traffic is completely stopped. Send firetrucks!"
2026-08-08 04:32:05,@user2649,Downtown,Building collapse in Downtown due to the fire. Paramedics and Firefighters needed immediately.
2026-08-08 04:32:57,@user8071,Route 66,"Car on fire on Route 66, traffic is completely stopped. Send firetrucks!"
2026-08-08 04:33:06,@user2710,Old Town,Smell smoke coming from the apartment complex on Old Town. Fire alarms are going off!
2026-08-08 04:33:26,@user6812,Downtown,Terrible multi-car crash at Downtown. At least 3 people look badly injured. Send ambulances! #accident
2026-08-08 04:34:23,@user2615,Downtown,"Car on fire on Downtown, traffic is completely stopped. Send firetrucks!"
2026-08-08 04:34:38,@user5381,Westside,Just got the best coffee in Westside. What a beautiful day!
2026-08-08 04:35:18,@user8995,Westside,Smell smoke coming from the apartment complex on Westside. Fire alarms are going off!
2026-08-08 04:35:48,@user1868,Route 66,Pedestrian struck by a speeding car in Route 66. Needs immediate medical attention!
2026-08-08 04:36:18,@user1785,Main Street,"Car on fire on Main Street, traffic is completely stopped. Send firetrucks!"
2026-08-08 04:36:40,@user2435,Suburbs,Brush fire spreading fast near Suburbs due to the high winds. @FireDept
2026-08-08 04:37:39,@user1685,Suburbs,Major explosion at Suburbs factory! Massive fire and many people injured. We need fire and medical now!
2026-08-08 04:38:22,@user3234,Southside,Smell smoke coming from the apartment complex on Southside. Fire alarms are going off!
2026-08-08 04:39:01,@user5245,Industrial District,"Lost dog found near Industrial District, please share!"
2026-08-08 04:39:37,@user5056,North Hills,Cyclist hit by a truck at the intersection of North Hills. Looks really bad. @Medical
2026-08-08 04:40:35,@user9444,Industrial District,Is something burning in Industrial District? Thick black smoke in the sky.
2026-08-08 04:41:11,@user1908,Old Town,Just got the best coffee in Old Town. What a beautiful day!
2026-08-08 04:41:59,@user5028,Central Park,"Car on fire on Central Park, traffic is completely stopped. Send firetrucks!"
2026-08-08 04:42:21,@user7031,Main Street,"Explosion heard near Main Street, now there's a massive fire! People are running."
2026-08-08 04:43:19,@user4877,North Hills,Traffic is terrible around North Hills today. Ugh.
2026-08-08 04:43:39,@user6651,Westside,Terrible multi-car crash at Westside. At least 3 people look badly injured. Send ambulances! #accident
2026-08-08 04:44:15,@user9825,Southside,Roof collapsed at the construction site in Southside. Multiple workers trapped and injured.
2026-08-08 04:44:46,@user6754,Suburbs,Smell smoke coming from the apartment complex on Suburbs. Fire alarms are going off!
2026-08-08 04:45:08,@user5370,Suburbs,Traffic is terrible around Suburbs today. Ugh.
2026-08-08 04:45:37,@user6595,Downtown,Cyclist hit by a truck at the intersection of Downtown. Looks really bad. @Medical
2026-08-08 04:46:24,@user9616,Westside,Anyone know why the power is out in Westside?
2026-08-08 04:46:36,@user6034,Main Street,Roof collapsed at the construction site in Main Street. Multiple workers trapped and injured.
2026-08-08 04:47:05,@user5553,Westside,Brush fire spreading fast near Westside due to the high winds. @FireDept
2026-08-08 04:47:47,@user8957,Old Town,Terrible multi-car crash at Old Town. At least 3 people look badly injured. Send ambulances! #accident
2026-08-08 04:47:49,@user3854,Route 66,Terrible multi-car crash at Route 66. At least 3 people look badly injured. Send ambulances! #accident
2026-08-08 04:48:24,@user1816,Southside,Anyone know why the power is out in Southside?
2026-08-08 04:48:52,@user7147,Downtown,Roof collapsed at the construction site in Downtown. Multiple workers trapped and injured.
2026-08-08 04:49:48,@user8299,Main Street,Traffic is terrible around Main Street today. Ugh.
2026-08-08 04:49:55,@user7371,Westside,Terrible multi-car crash at Westside. At least 3 people look badly injured. Send ambulances! #accident
2026-08-08 04:50:25,@user5461,Main Street,Pedestrian struck by a speeding car in Main Street. Needs immediate medical attention!
2026-08-08 04:50:33,@user9944,Westside,Just got the best coffee in Westside. What a beautiful day!
2026-08-08 04:51:09,@user9508,Main Street,"Car on fire on Main Street, traffic is completely stopped. Send firetrucks!"
2026-08-08 04:52:05,@user3723,Main Street,Major explosion at Main Street factory! Massive fire and many people injured. We need fire and medical now!
2026-08-08 04:53:00,@user9583,Downtown,Brush fire spreading fast near Downtown due to the high winds. @FireDept
2026-08-08 04:53:08,@user7144,North Hills,"Car on fire on North Hills, traffic is completely stopped. Send firetrucks!"
2026-08-08 04:53:14,@user4959,North Hills,"Car on fire on North Hills, traffic is completely stopped. Send firetrucks!"
2026-08-08 04:54:09,@user4111,Westside,Anyone know why the power is out in Westside?
2026-08-08 04:55:03,@user8708,Old Town,Traffic is terrible around Old Town today. Ugh.
2026-08-08 04:55:54,@user3473,North Hills,Brush fire spreading fast near North Hills due to the high winds. @FireDept
2026-08-08 04:56:22,@user9711,Downtown,Cyclist hit by a truck at the intersection of Downtown. Looks really bad. @Medical
2026-08-08 04:56:56,@user9551,Southside,Building collapse in Southside due to the fire. Paramedics and Firefighters needed immediately.
2026-08-08 04:57:32,@user7504,Westside,"Someone collapsed on the sidewalk in Westside, they aren't breathing! Need a medic ASAP."
2026-08-08 04:57:35,@user2345,Central Park,Traffic is terrible around Central Park today. Ugh.
2026-08-08 04:58:32,@user7419,Downtown,Small electrical fire started at the bakery in Downtown. Needs putting out.
2026-08-08 04:59:18,@user5316,Main Street,Building collapse in Main Street due to the fire. Paramedics and Firefighters needed immediately.
2026-08-08 04:59:46,@user6560,Downtown,Roof collapsed at the construction site in Downtown. Multiple workers trapped and injured.
2026-08-08 05:00:04,@user4788,Central Park,"Lost dog found near Central Park, please share!"
2026-08-08 05:00:41,@user6997,Central Park,Terrible multi-car crash at Central Park. At least 3 people look badly injured. Send ambulances! #accident
2026-08-08 05:01:33,@user8097,Southside,"Someone collapsed on the sidewalk in Southside, they aren't breathing! Need a medic ASAP."
2026-08-08 05:02:17,@user3346,Southside,Cyclist hit by a truck at the intersection of Southside. Looks really bad. @Medical
2026-08-08 05:02:52,@user6234,Downtown,Roof collapsed at the construction site in Downtown. Multiple workers trapped and injured.
2026-08-08 05:03:12,@user5106,Central Park,Is something burning in Central Park? Thick black smoke in the sky.
2026-08-08 05:03:15,@user8608,Westside,Is something burning in Westside? Thick black smoke in the sky.
2026-08-08 05:03:55,@user9506,Main Street,Is something burning in Main Street? Thick black smoke in the sky.
2026-08-08 05:04:45,@user8439,Central Park,Small electrical fire started at the bakery in Central Park. Needs putting out.
2026-08-08 05:05:13,@user2242,Main Street,"Lost dog found near Main Street, please share!"
2026-08-08 05:05:56,@user5179,Main Street,Building collapse in Main Street due to the fire. Paramedics and Firefighters needed immediately.
2026-08-08 05:06:20,@user6320,Main Street,Huge flames seen at the Main Street warehouse! Looks like a 3-alarm fire. #fire #emergency
2026-08-08 05:07:06,@user8368,Industrial District,Major explosion at Industrial District factory! Massive fire and many people injured. We need fire and medical now!
2026-08-08 05:07:22,@user2947,North Hills,Smell smoke coming from the apartment complex on North Hills. Fire alarms are going off!
2026-08-08 05:08:12,@user2893,Old Town,Just got the best coffee in Old Town. What a beautiful day!
2026-08-08 05:08:30,@user4181,Main Street,"Explosion heard near Main Street, now there's a massive fire! People are running."
2026-08-08 05:09:05,@user5323,Old Town,"Explosion heard near Old Town, now there's a massive fire! People are running."
2026-08-08 05:09:34,@user9478,Downtown,Roof collapsed at the construction site in Downtown. Multiple workers trapped and injured.
2026-08-08 05:09:56,@user5675,Old Town,"Lost dog found near Old Town, please share!"
2026-08-08 05:10:24,@user7005,Old Town,Building collapse in Old Town due to the fire. Paramedics and Firefighters needed immediately.
2026-08-08 05:10:41,@user4958,Old Town,Roof collapsed at the construction site in Old Town. Multiple workers trapped and injured.
2026-08-08 05:10:58,@user3711,Industrial District,"Car on fire on Industrial District, traffic is completely stopped. Send firetrucks!"
2026-08-08 05:11:13,@user3743,Westside,Major explosion at Westside factory! Massive fire and many people injured. We need fire and medical now!
2026-08-08 05:11:23,@user2094,Old Town,Major explosion at Old Town factory! Massive fire and many people injured. We need fire and medical now!
2026-08-08 05:11:37,@user3337,Old Town,Traffic is terrible around Old Town today. Ugh.
2026-08-08 05:12:13,@user6126,Southside,Traffic is terrible around Southside today. Ugh.
2026-08-08 05:13:09,@user2494,Central Park,Just got the best coffee in Central Park. What a beautiful day!
2026-08-08 05:13:24,@user5419,Industrial District,"Car on fire on Industrial District, traffic is completely stopped. Send firetrucks!"
2026-08-08 05:14:02,@user8990,North Hills,Major explosion at North Hills factory! Massive fire and many people injured. We need fire and medical now!
2026-08-08 05:15:02,@user3995,Old Town,Cyclist hit by a truck at the intersection of Old Town. Looks really bad. @Medical
2026-08-08 05:15:36,@user5306,Route 66,Traffic is terrible around Route 66 today. Ugh.
2026-08-08 05:15:55,@user2170,Old Town,"Lost dog found near Old Town, please share!"
2026-08-08 05:16:34,@user3084,Old Town,Small electrical fire started at the bakery in Old Town. Needs putting out.
2026-08-08 05:17:31,@user3308,Main Street,Small electrical fire started at the bakery in Main Street. Needs putting out.
2026-08-08 05:17:57,@user4692,Westside,Roof collapsed at the construction site in Westside. Multiple workers trapped and injured.
2026-08-08 05:18:30,@user7528,Southside,Pedestrian struck by a speeding car in Southside. Needs immediate medical attention!
2026-08-08 05:18:31,@user5133,Suburbs,Brush fire spreading fast near Suburbs due to the high winds. @FireDept
2026-08-08 05:19:20,@user6387,Suburbs,Building collapse in Suburbs due to the fire. Paramedics and Firefighters needed immediately.
2026-08-08 05:20:10,@user5565,Downtown,Small electrical fire started at the bakery in Downtown. Needs putting out.
2026-08-08 05:20:11,@user5093,Suburbs,Is something burning in Suburbs? Thick black smoke in the sky.
2026-08-08 05:21:04,@user1262,Route 66,Major explosion at Route 66 factory! Massive fire and many people injured. We need fire and medical now!
2026-08-08 05:21:51,@user6326,Route 66,Huge flames seen at the Route 66 warehouse! Looks like a 3-alarm fire. #fire #emergency
2026-08-08 05:22:02,@user2348,Westside,Terrible multi-car crash at Westside. At least 3 people look badly injured. Send ambulances! #accident
2026-08-08 05:22:18,@user6753,Old Town,Smell smoke coming from the apartment complex on Old Town. Fire alarms are going off!
2026-08-08 05:23:17,@user5797,Old Town,Just got the best coffee in Old Town. What a beautiful day!
2026-08-08 05:24:04,@user1177,Southside,Building collapse in Southside due to the fire. Paramedics and Firefighters needed immediately.
2026-08-08 05:24:46,@user1549,Old Town,"Lost dog found near Old Town, please share!"
2026-08-08 05:25:03,@user3484,Downtown,Brush fire spreading fast near Downtown due to the high winds. @FireDept
2026-08-08 05:25:42,@user8774,Southside,Pedestrian struck by a speeding car in Southside. Needs immediate medical attention!
2026-08-08 05:26:05,@user7988,Old Town,Is something burning in Old Town? Thick black smoke in the sky.
2026-08-08 05:26:11,@user3194,North Hills,Traffic is terrible around North Hills today. Ugh.
2026-08-08 05:26:58,@user3104,Downtown,Traffic is terrible around Downtown today. Ugh.
2026-08-08 05:27:08,@user6822,Route 66,"Car on fire on Route 66, traffic is completely stopped. Send firetrucks!"
2026-08-08 05:27:31,@user3225,Central Park,"Someone collapsed on the sidewalk in Central Park, they aren't breathing! Need a medic ASAP."
2026-08-08 05:27:39,@user7394,Suburbs,Smell smoke coming from the apartment complex on Suburbs. Fire alarms are going off!
2026-08-08 05:28:01,@user3950,Main Street,Huge flames seen at the Main Street warehouse! Looks like a 3-alarm fire. #fire #emergency
2026-08-08 05:28:08,@user3311,Suburbs,Huge flames seen at the Suburbs warehouse! Looks like a 3-alarm fire. #fire #emergency
2026-08-08 05:28:17,@user8167,Downtown,"Someone collapsed on the sidewalk in Downtown, they aren't breathing! Need a medic ASAP."
2026-08-08 05:29:13,@user9355,Route 66,Smell smoke coming from the apartment complex on Route 66. Fire alarms are going off!
2026-08-08 05:30:11,@user9690,Downtown,Major explosion at Downtown factory! Massive fire and many people injured. We need fire and medical now!
2026-08-08 05:31:07,@user2800,Route 66,Huge flames seen at the Route 66 warehouse! Looks like a 3-alarm fire. #fire #emergency
2026-08-08 05:31:55,@user3632,Westside,Roof collapsed at the construction site in Westside. Multiple workers trapped and injured.
2026-08-08 05:32:20,@user9608,Westside,Massive food poisoning outbreak at the festival in Westside. Dozens of people need hospitalization.
2026-08-08 05:33:15,@user6730,Suburbs,"Car on fire on Suburbs, traffic is completely stopped. Send firetrucks!"
2026-08-08 05:34:04,@user3420,Southside,Massive food poisoning outbreak at the festival in Southside. Dozens of people need hospitalization.
2026-08-08 05:34:37,@user5926,Main Street,Building collapse in Main Street due to the fire. Paramedics and Firefighters needed immediately.
2026-08-08 05:35:00,@user5305,Westside,Major explosion at Westside factory! Massive fire and many people injured. We need fire and medical now!
2026-08-08 05:35:22,@user2962,Westside,Is something burning in Westside? Thick black smoke in the sky.
2026-08-08 05:36:07,@user5465,Central Park,Traffic is terrible around Central Park today. Ugh.
2026-08-08 05:36:32,@user9855,North Hills,"Explosion heard near North Hills, now there's a massive fire! People are running."
2026-08-08 05:37:12,@user4867,Downtown,Traffic is terrible around Downtown today. Ugh.
2026-08-08 05:37:36,@user1973,Downtown,Massive food poisoning outbreak at the festival in Downtown. Dozens of people need hospitalization.
2026-08-08 05:38:28,@user1282,Westside,Pedestrian struck by a speeding car in Westside. Needs immediate medical attention!
2026-08-08 05:39:15,@user7909,Main Street,"Lost dog found near Main Street, please share!"
2026-08-08 05:40:09,@user3447,North Hills,Smell smoke coming from the apartment complex on North Hills. Fire alarms are going off!
2026-08-08 05:40:37,@user3556,Main Street,Anyone know why the power is out in Main Street?
2026-08-08 05:41:32,@user8773,Route 66,Brush fire spreading fast near Route 66 due to the high winds. @FireDept
2026-08-08 05:42:00,@user5011,Southside,"Explosion heard near Southside, now there's a massive fire! People are running."
2026-08-08 05:42:57,@user6742,Westside,Brush fire spreading fast near Westside due to the high winds. @FireDept
2026-08-08 05:42:58,@user2289,Central Park,"Lost dog found near Central Park, please share!"
2026-08-08 05:43:24,@user2749,Downtown,Major explosion at Downtown factory! Massive fire and many people injured. We need fire and medical now!
2026-08-08 05:43:43,@user3242,Central Park,"Explosion heard near Central Park, now there's a massive fire! People are running."
2026-08-08 05:44:23,@user9901,Route 66,"Heart attack suspected at the gym in Route 66. CPR in progress, where is the ambulance?!"
2026-08-08 05:44:39,@user4156,Central Park,Massive food poisoning outbreak at the festival in Central Park. Dozens of people need hospitalization.
2026-08-08 05:45:17,@user9922,Route 66,Huge flames seen at the Route 66 warehouse! Looks like a 3-alarm fire. #fire #emergency
2026-08-08 05:45:21,@user3674,Main Street,Is something burning in Main Street? Thick black smoke in the sky.
2026-08-08 05:46:21,@user7339,Downtown,Just got the best coffee in Downtown. What a beautiful day!
2026-08-08 05:47:17,@user7448,Southside,Building collapse in Southside due to the fire. Paramedics and Firefighters needed immediately.
2026-08-08 05:47:42,@user5358,North Hills,"Car on fire on North Hills, traffic is completely stopped. Send firetrucks!"
2026-08-08 05:48:06,@user5216,Suburbs,Major explosion at Suburbs factory! Massive fire and many people injured. We need fire and medical now!
2026-08-08 05:48:14,@user9987,Suburbs,Cyclist hit by a truck at the intersection of Suburbs. Looks really bad. @Medical
2026-08-08 05:49:01,@user3777,Main Street,Small electrical fire started at the bakery in Main Street. Needs putting out.
2026-08-08 05:49:16,@user1781,Route 66,Pedestrian struck by a speeding car in Route 66. Needs immediate medical attention!
2026-08-08 05:50:10,@user3072,Industrial District,Building collapse in Industrial District due to the fire. Paramedics and Firefighters needed immediately.
2026-08-08 05:50:53,@user9579,Route 66,Just got the best coffee in Route 66. What a beautiful day!
2026-08-08 05:51:07,@user4568,Central Park,"Heart attack suspected at the gym in Central Park. CPR in progress, where is the ambulance?!"
2026-08-08 05:51:10,@user6485,Industrial District,Just got the best coffee in Industrial District. What a beautiful day!
2026-08-08 05:51:14,@user7373,Route 66,Small electrical fire started at the bakery in Route 66. Needs putting out.
2026-08-08 05:51:44,@user3308,Main Street,"Someone collapsed on the sidewalk in Main Street, they aren't breathing! Need a medic ASAP."
2026-08-08 05:52:06,@user1813,Old Town,Roof collapsed at the construction site in Old Town. Multiple workers trapped and injured.
2026-08-08 05:52:47,@user9751,Westside,Traffic is terrible around Westside today. Ugh.
2026-08-08 05:52:53,@user5715,Southside,"Someone collapsed on the sidewalk in Southside, they aren't breathing! Need a medic ASAP."
2026-08-08 05:53:39,@user1350,Main Street,Massive food poisoning outbreak at the festival in Main Street. Dozens of people need hospitalization.
2026-08-08 05:54:14,@user6811,North Hills,Brush fire spreading fast near North Hills due to the high winds. @FireDept
2026-08-08 05:55:06,@user3225,North Hills,Huge flames seen at the North Hills warehouse! Looks like a 3-alarm fire. #fire #emergency
2026-08-08 05:55:31,@user7547,Southside,"Car on fire on Southside, traffic is completely stopped. Send firetrucks!"
2026-08-08 05:55:52,@user6201,Route 66,Terrible multi-car crash at Route 66. At least 3 people look badly injured. Send ambulances! #accident
2026-08-08 05:56:50,@user7296,Route 66,Building collapse in Route 66 due to the fire. Paramedics and Firefighters needed immediately.
2026-08-08 05:57:04,@user9354,North Hills,Terrible multi-car crash at North Hills. At least 3 people look badly injured. Send ambulances! #accident
2026-08-08 05:57:39,@user9190,Industrial District,"Heart attack suspected at the gym in Industrial District. CPR in progress, where is the ambulance?!"
2026-08-08 05:58:17,@user5389,Main Street,Huge flames seen at the Main Street warehouse! Looks like a 3-alarm fire. #fire #emergency
2026-08-08 05:58:32,@user1135,Central Park,"Heart attack suspected at the gym in Central Park. CPR in progress, where is the ambulance?!"
2026-08-08 05:58:52,@user5271,Industrial District,Smell smoke coming from the apartment complex on Industrial District. Fire alarms are going off!
2026-08-08 05:59:23,@user3825,Suburbs,"Car on fire on Suburbs, traffic is completely stopped. Send firetrucks!"
2026-08-08 05:59:55,@user2136,North Hills,"Explosion heard near North Hills, now there's a massive fire! People are running."
2026-08-08 06:00:38,@user8666,Westside,"Car on fire on Westside, traffic is completely stopped. Send firetrucks!"
2026-08-08 06:01:34,@user7455,Central Park,"Lost dog found near Central Park, please share!"
2026-08-08 06:02:07,@user9864,Downtown,"Lost dog found near Downtown, please share!"
2026-08-08 06:02:11,@user5958,Old Town,"Someone collapsed on the sidewalk in Old Town, they aren't breathing! Need a medic ASAP."
2026-08-08 06:02:20,@user1242,Route 66,Small electrical fire started at the bakery in Route 66. Needs putting out.
2026-08-08 06:02:41,@user8158,Route 66,Just got the best coffee in Route 66. What a beautiful day!
2026-08-08 06:02:46,@user6440,Old Town,Building collapse in Old Town due to the fire. Paramedics and Firefighters needed immediately.
2026-08-08 06:02:59,@user8391,Southside,Huge flames seen at the Southside warehouse! Looks like a 3-alarm fire. #fire #emergency
2026-08-08 06:03:54,@user3085,North Hills,Traffic is terrible around North Hills today. Ugh.
2026-08-08 06:04:38,@user7789,Southside,Traffic is terrible around Southside today. Ugh.
2026-08-08 06:04:40,@user6047,Suburbs,Terrible multi-car crash at Suburbs. At least 3 people look badly injured. Send ambulances! #accident
2026-08-08 06:05:22,@user6606,Main Street,"Someone collapsed on the sidewalk in Main Street, they aren't breathing! Need a medic ASAP."
2026-08-08 06:05:35,@user6165,Suburbs,Major explosion at Suburbs factory! Massive fire and many people injured. We need fire and medical now!
2026-08-08 06:05:41,@user2243,Main Street,"Lost dog found near Main Street, please share!"
2026-08-08 06:06:37,@user3150,Industrial District,"Car on fire on Industrial District, traffic is completely stopped. Send firetrucks!"
2026-08-08 06:07:08,@user1789,Main Street,"Someone collapsed on the sidewalk in Main Street, they aren't breathing! Need a medic ASAP."
2026-08-08 06:07:47,@user3595,Westside,Brush fire spreading fast near Westside due to the high winds. @FireDept
2026-08-08 06:08:42,@user6727,Westside,Building collapse in Westside due to the fire. Paramedics and Firefighters needed immediately.
2026-08-08 06:09:24,@user1317,Suburbs,Brush fire spreading fast near Suburbs due to the high winds. @FireDept
2026-08-08 06:09:53,@user8755,Central Park,Massive food poisoning outbreak at the festival in Central Park. Dozens of people need hospitalization.
2026-08-08 06:10:12,@user1122,Suburbs,Small electrical fire started at the bakery in Suburbs. Needs putting out.
2026-08-08 06:10:15,@user8685,Industrial District,Building collapse in Industrial District due to the fire. Paramedics and Firefighters needed immediately.
2026-08-08 06:10:37,@user9466,Suburbs,Is something burning in Suburbs? Thick black smoke in the sky.
2026-08-08 06:11:15,@user2971,Westside,Is something burning in Westside? Thick black smoke in the sky.
2026-08-08 06:11:32,@user8111,Main Street,Building collapse in Main Street due to the fire. Paramedics and Firefighters needed immediately.
2026-08-08 06:11:54,@user5646,Downtown,Terrible multi-car crash at Downtown. At least 3 people look badly injured. Send ambulances! #accident
2026-08-08 06:12:11,@user9346,Central Park,Smell smoke coming from the apartment complex on Central Park. Fire alarms are going off!
2026-08-08 06:13:00,@user8591,Old Town,"Someone collapsed on the sidewalk in Old Town, they aren't breathing! Need a medic ASAP."
2026-08-08 06:13:51,@user7439,Southside,"Lost dog found near Southside, please share!"
2026-08-08 06:14:01,@user4357,Industrial District,Smell smoke coming from the apartment complex on Industrial District. Fire alarms are going off!
2026-08-08 06:14:02,@user7028,Suburbs,Is something burning in Suburbs? Thick black smoke in the sky.
2026-08-08 06:14:32,@user3595,Old Town,Anyone know why the power is out in Old Town?
2026-08-08 06:14:35,@user6868,Route 66,Traffic is terrible around Route 66 today. Ugh.
2026-08-08 06:15:12,@user7035,Route 66,Terrible multi-car crash at Route 66. At least 3 people look badly injured. Send ambulances! #accident
2026-08-08 06:15:16,@user9211,Old Town,Small electrical fire started at the bakery in Old Town. Needs putting out.
2026-08-08 06:15:55,@user1941,Main Street,Huge flames seen at the Main Street warehouse! Looks like a 3-alarm fire. #fire #emergency
2026-08-08 06:16:16,@user1703,Southside,Just got the best coffee in Southside. What a beautiful day!
2026-08-08 06:16:40,@user5549,Route 66,Pedestrian struck by a speeding car in Route 66. Needs immediate medical attention!
2026-08-08 06:16:49,@user7509,Old Town,Cyclist hit by a truck at the intersection of Old Town. Looks really bad. @Medical
2026-08-08 06:17:30,@user8903,Westside,Huge flames seen at the Westside warehouse! Looks like a 3-alarm fire. #fire #emergency
2026-08-08 06:18:03,@user5788,Main Street,"Someone collapsed on the sidewalk in Main Street, they aren't breathing! Need a medic ASAP."
2026-08-08 06:18:55,@user5441,Downtown,Smell smoke coming from the apartment complex on Downtown. Fire alarms are going off!
2026-08-08 06:19:32,@user6222,Main Street,Cyclist hit by a truck at the intersection of Main Street. Looks really bad. @Medical
2026-08-08 06:19:57,@user2271,Suburbs,Traffic is terrible around Suburbs today. Ugh.
2026-08-08 06:20:16,@user7981,Southside,Huge flames seen at the Southside warehouse! Looks like a 3-alarm fire. #fire #emergency
2026-08-08 06:20:28,@user7489,Suburbs,Major explosion at Suburbs factory! Massive fire and many people injured. We need fire and medical now!
2026-08-08 06:21:17,@user2489,Old Town,"Explosion heard near Old Town, now there's a massive fire! People are running."
2026-08-08 06:21:32,@user7897,Southside,"Explosion heard near Southside, now there's a massive fire! People are running."
2026-08-08 06:22:19,@user6169,Industrial District,Brush fire spreading fast near Industrial District due to the high winds. @FireDept
2026-08-08 06:22:48,@user4035,Central Park,Huge flames seen at the Central Park warehouse! Looks like a 3-alarm fire. #fire #emergency
2026-08-08 06:23:14,@user4598,Suburbs,Pedestrian struck by a speeding car in Suburbs. Needs immediate medical attention!
2026-08-08 06:23:56,@user6059,Old Town,Brush fire spreading fast near Old Town due to the high winds. @FireDept
2026-08-08 06:24:43,@user5615,Industrial District,Traffic is terrible around Industrial District today. Ugh.
2026-08-08 06:24:54,@user3712,Downtown,"Car on fire on Downtown, traffic is completely stopped. Send firetrucks!"
2026-08-08 06:25:28,@user4649,Southside,"Explosion heard near Southside, now there's a massive fire! People are running."
2026-08-08 06:25:30,@user9299,Downtown,"Heart attack suspected at the gym in Downtown. CPR in progress, where is the ambulance?!"
2026-08-08 06:25:38,@user9994,Old Town,Roof collapsed at the construction site in Old Town. Multiple workers trapped and injured.
2026-08-08 06:26:34,@user8691,Route 66,Brush fire spreading fast near Route 66 due to the high winds. @FireDept
2026-08-08 06:26:43,@user3973,Central Park,Just got the best coffee in Central Park. What a beautiful day!
2026-08-08 06:27:16,@user5046,Southside,Cyclist hit by a truck at the intersection of Southside. Looks really bad. @Medical
2026-08-08 06:27:36,@user3736,Route 66,Brush fire spreading fast near Route 66 due to the high winds. @FireDept
2026-08-08 06:28:01,@user5246,Southside,Major explosion at Southside factory! Massive fire and many people injured. We need fire and medical now!
2026-08-08 06:28:59,@user9613,Downtown,Just got the best coffee in Downtown. What a beautiful day!
2026-08-08 06:29:38,@user6338,Downtown,Traffic is terrible around Downtown today. Ugh.
2026-08-08 06:30:13,@user4373,Suburbs,Traffic is terrible around Suburbs today. Ugh.
2026-08-08 06:30:41,@user7942,Southside,Small electrical fire started at the bakery in Southside. Needs putting out.
2026-08-08 06:31:15,@user7250,Main Street,Cyclist hit by a truck at the intersection of Main Street. Looks really bad. @Medical
2026-08-08 06:32:01,@user7405,Route 66,Huge flames seen at the Route 66 warehouse! Looks like a 3-alarm fire. #fire #emergency
2026-08-08 06:32:19,@user6756,Westside,"Lost dog found near Westside, please share!"
2026-08-08 06:32:25,@user4336,Downtown,"Someone collapsed on the sidewalk in Downtown, they aren't breathing! Need a medic ASAP."
2026-08-08 06:32:38,@user3177,North Hills,Smell smoke coming from the apartment complex on North Hills. Fire alarms are going off!
2026-08-08 06:33:37,@user4566,Westside,"Heart attack suspected at the gym in Westside. CPR in progress, where is the ambulance?!"
2026-08-08 06:33:44,@user6199,Old Town,Huge flames seen at the Old Town warehouse! Looks like a 3-alarm fire. #fire #emergency
2026-08-08 06:34:32,@user1289,Old Town,Terrible multi-car crash at Old Town. At least 3 people look badly injured. Send ambulances! #accident
2026-08-08 06:34:43,@user5455,Main Street,Roof collapsed at the construction site in Main Street. Multiple workers trapped and injured.
2026-08-08 06:35:24,@user2097,Old Town,"Explosion heard near Old Town, now there's a massive fire! People are running."
2026-08-08 06:36:00,@user2122,Central Park,"Heart attack suspected at the gym in Central Park. CPR in progress, where is the ambulance?!"
2026-08-08 06:36:52,@user1873,Industrial District,Small electrical fire started at the bakery in Industrial District. Needs putting out.
2026-08-08 06:37:06,@user7055,Old Town,Is something burning in Old Town? Thick black smoke in the sky.
2026-08-08 06:37:16,@user7282,Route 66,Roof collapsed at the construction site in Route 66. Multiple workers trapped and injured.
2026-08-08 06:37:21,@user3945,Main Street,Brush fire spreading fast near Main Street due to the high winds. @FireDept
2026-08-08 06:38:15,@user7780,Suburbs,"Heart attack suspected at the gym in Suburbs. CPR in progress, where is the ambulance?!"
2026-08-08 06:38:45,@user1076,Central Park,"Heart attack suspected at the gym in Central Park. CPR in progress, where is the ambulance?!"
2026-08-08 06:39:35,@user3816,Westside,"Explosion heard near Westside, now there's a massive fire! People are running."
2026-08-08 06:40:30,@user7195,Central Park,Brush fire spreading fast near Central Park due to the high winds. @FireDept
2026-08-08 06:40:34,@user4511,Route 66,Traffic is terrible around Route 66 today. Ugh.
2026-08-08 06:41:05,@user9122,Industrial District,Pedestrian struck by a speeding car in Industrial District. Needs immediate medical attention!
2026-08-08 06:41:50,@user8477,Suburbs,"Someone collapsed on the sidewalk in Suburbs, they aren't breathing! Need a medic ASAP."
2026-08-08 06:42:34,@user1433,Industrial District,Is something burning in Industrial District? Thick black smoke in the sky.
2026-08-08 06:43:22,@user3012,Westside,Pedestrian struck by a speeding car in Westside. Needs immediate medical attention!
2026-08-08 06:44:11,@user3761,North Hills,"Someone collapsed on the sidewalk in North Hills, they aren't breathing! Need a medic ASAP."
2026-08-08 06:44:16,@user5190,Westside,Small electrical fire started at the bakery in Westside. Needs putting out.
2026-08-08 06:45:04,@user3496,Downtown,Roof collapsed at the construction site in Downtown. Multiple workers trapped and injured.
2026-08-08 06:45:55,@user5284,Main Street,Traffic is terrible around Main Street today. Ugh.
2026-08-08 06:46:38,@user8098,Downtown,Cyclist hit by a truck at the intersection of Downtown. Looks really bad. @Medical
2026-08-08 06:47:03,@user8925,Old Town,Pedestrian struck by a speeding car in Old Town. Needs immediate medical attention!
2026-08-08 06:47:16,@user2251,Main Street,"Car on fire on Main Street, traffic is completely stopped. Send firetrucks!"
2026-08-08 06:48:02,@user4782,Main Street,Cyclist hit by a truck at the intersection of Main Street. Looks really bad. @Medical
2026-08-08 06:48:28,@user6471,Main Street,Major explosion at Main Street factory! Massive fire and many people injured. We need fire and medical now!
2026-08-08 06:49:17,@user6473,Downtown,"Car on fire on Downtown, traffic is completely stopped. Send firetrucks!"
2026-08-08 06:49:37,@user8929,Route 66,Pedestrian struck by a speeding car in Route 66. Needs immediate medical attention!
2026-08-08 06:50:02,@user8023,Southside,Massive food poisoning outbreak at the festival in Southside. Dozens of people need hospitalization.
2026-08-08 06:50:23,@user9251,Downtown,Massive food poisoning outbreak at the festival in Downtown. Dozens of people need hospitalization.
2026-08-08 06:50:54,@user3097,North Hills,"Explosion heard near North Hills, now there's a massive fire! People are running."
2026-08-08 06:51:30,@user4621,Old Town,Brush fire spreading fast near Old Town due to the high winds. @FireDept
2026-08-08 06:51:46,@user2295,Main Street,Major explosion at Main Street factory! Massive fire and many people injured. We need fire and medical now!
2026-08-08 06:52:19,@user4656,Suburbs,Cyclist hit by a truck at the intersection of Suburbs. Looks really bad. @Medical
2026-08-08 06:52:38,@user7223,Westside,Building collapse in Westside due to the fire. Paramedics and Firefighters needed immediately.
2026-08-08 06:53:10,@user7066,Industrial District,Building collapse in Industrial District due to the fire. Paramedics and Firefighters needed immediately.
2026-08-08 06:54:05,@user9860,Central Park,Building collapse in Central Park due to the fire. Paramedics and Firefighters needed immediately.
2026-08-08 06:54:50,@user1282,Central Park,Pedestrian struck by a speeding car in Central Park. Needs immediate medical attention!
2026-08-08 06:54:55,@user7858,Industrial District,Cyclist hit by a truck at the intersection of Industrial District. Looks really bad. @Medical
2026-08-08 06:55:17,@user2138,Southside,"Explosion heard near Southside, now there's a massive fire! People are running."
2026-08-08 06:56:15,@user8414,Suburbs,Traffic is terrible around Suburbs today. Ugh.
2026-08-08 06:56:23,@user4552,North Hills,Small electrical fire started at the bakery in North Hills. Needs putting out.
2026-08-08 06:56:48,@user3606,Central Park,Massive food poisoning outbreak at the festival in Central Park. Dozens of people need hospitalization.
2026-08-08 06:57:42,@user6427,Southside,Building collapse in Southside due to the fire. Paramedics and Firefighters needed immediately.
2026-08-08 06:57:54,@user5425,Route 66,Just got the best coffee in Route 66. What a beautiful day!
2026-08-08 06:58:00,@user9108,Industrial District,Roof collapsed at the construction site in Industrial District. Multiple workers trapped and injured.
2026-08-08 06:58:43,@user9852,Suburbs,Just got the best coffee in Suburbs. What a beautiful day!
2026-08-08 06:58:49,@user3524,Downtown,Is something burning in Downtown? Thick black smoke in the sky.
2026-08-08 06:59:49,@user9646,Route 66,Pedestrian struck by a speeding car in Route 66. Needs immediate medical attention!
2026-08-08 07:00:02,@user6078,Central Park,Huge flames seen at the Central Park warehouse! Looks like a 3-alarm fire. #fire #emergency
2026-08-08 07:00:25,@user8675,North Hills,Just got the best coffee in North Hills. What a beautiful day!
2026-08-08 07:01:25,@user4274,North Hills,"Heart attack suspected at the gym in North Hills. CPR in progress, where is the ambulance?!"
2026-08-08 07:01:36,@user6383,Industrial District,Major explosion at Industrial District factory! Massive fire and many people injured. We need fire and medical now!
2026-08-08 07:02:25,@user6266,Industrial District,"Someone collapsed on the sidewalk in Industrial District, they aren't breathing! Need a medic ASAP."
2026-08-08 07:03:11,@user6429,Southside,Building collapse in Southside due to the fire. Paramedics and Firefighters needed immediately.
2026-08-08 07:03:20,@user8173,North Hills,Major explosion at North Hills factory! Massive fire and many people injured. We need fire and medical now!
2026-08-08 07:03:55,@user6729,Westside,Major explosion at Westside factory! Massive fire and many people injured. We need fire and medical now!
2026-08-08 07:04:38,@user1953,Southside,"Explosion heard near Southside, now there's a massive fire! People are running."
2026-08-08 07:05:28,@user8046,Downtown,"Someone collapsed on the sidewalk in Downtown, they aren't breathing! Need a medic ASAP."
2026-08-08 07:05:50,@user7408,Southside,Is something burning in Southside? Thick black smoke in the sky.
2026-08-08 07:06:18,@user8900,North Hills,Traffic is terrible around North Hills today. Ugh.
2026-08-08 07:06:26,@user5623,Old Town,"Lost dog found near Old Town, please share!"
2026-08-08 07:07:22,@user9955,Central Park,Is something burning in Central Park? Thick black smoke in the sky.
2026-08-08 07:07:41,@user9926,Suburbs,Small electrical fire started at the bakery in Suburbs. Needs putting out.
2026-08-08 07:08:07,@user7941,North Hills,Traffic is terrible around North Hills today. Ugh.
2026-08-08 07:08:29,@user7328,Suburbs,Is something burning in Suburbs? Thick black smoke in the sky.
2026-08-08 07:09:07,@user7300,Westside,Small electrical fire started at the bakery in Westside. Needs putting out.
2026-08-08 07:09:10,@user7591,Route 66,Brush fire spreading fast near Route 66 due to the high winds. @FireDept
2026-08-08 07:09:44,@user5905,Industrial District,Huge flames seen at the Industrial District warehouse! Looks like a 3-alarm fire. #fire #emergency
2026-08-08 07:09:50,@user4477,Old Town,Smell smoke coming from the apartment complex on Old Town. Fire alarms are going off!
2026-08-08 07:10:41,@user2366,Downtown,Smell smoke coming from the apartment complex on Downtown. Fire alarms are going off!
2026-08-08 07:11:24,@user1910,Southside,Massive food poisoning outbreak at the festival in Southside. Dozens of people need hospitalization.
2026-08-08 07:11:41,@user9206,Main Street,"Lost dog found near Main Street, please share!"
2026-08-08 07:12:25,@user6046,Old Town,Just got the best coffee in Old Town. What a beautiful day!
2026-08-08 07:12:27,@user5300,Westside,"Someone collapsed on the sidewalk in Westside, they aren't breathing! Need a medic ASAP."
2026-08-08 07:13:18,@user7305,Suburbs,"Explosion heard near Suburbs, now there's a massive fire! People are running."
2026-08-08 07:13:36,@user2702,Central Park,Just got the best coffee in Central Park. What a beautiful day!
2026-08-08 07:14:15,@user2026,Westside,Brush fire spreading fast near Westside due to the high winds. @FireDept
2026-08-08 07:14:50,@user3550,Old Town,Huge flames seen at the Old Town warehouse! Looks like a 3-alarm fire. #fire #emergency
2026-08-08 07:14:55,@user2558,Westside,"Car on fire on Westside, traffic is completely stopped. Send firetrucks!"
2026-08-08 07:15:30,@user9055,Suburbs,"Someone collapsed on the sidewalk in Suburbs, they aren't breathing! Need a medic ASAP."
2026-08-08 07:15:54,@user2967,Westside,Huge flames seen at the Westside warehouse! Looks like a 3-alarm fire. #fire #emergency
2026-08-08 07:16:01,@user4078,Southside,Building collapse in Southside due to the fire. Paramedics and Firefighters needed immediately.
2026-08-08 07:16:47,@user1354,Old Town,Brush fire spreading fast near Old Town due to the high winds. @FireDept
2026-08-08 07:17:11,@user1063,Westside,Traffic is terrible around Westside today. Ugh.
2026-08-08 07:17:36,@user6841,Old Town,Small electrical fire started at the bakery in Old Town. Needs putting out.
2026-08-08 07:17:45,@user7413,Old Town,"Explosion heard near Old Town, now there's a massive fire! People are running."
2026-08-08 07:18:39,@user2690,Central Park,Cyclist hit by a truck at the intersection of Central Park. Looks really bad. @Medical
2026-08-08 07:19:12,@user5650,Downtown,Brush fire spreading fast near Downtown due to the high winds. @FireDept
2026-08-08 07:19:29,@user3510,North Hills,"Someone collapsed on the sidewalk in North Hills, they aren't breathing! Need a medic ASAP."
2026-08-08 07:20:21,@user6255,Suburbs,Massive food poisoning outbreak at the festival in Suburbs. Dozens of people need hospitalization.
2026-08-08 07:20:38,@user5343,Westside,Anyone know why the power is out in Westside?
2026-08-08 07:21:33,@user2665,Central Park,"Lost dog found near Central Park, please share!"
2026-08-08 07:22:14,@user3240,Southside,Small electrical fire started at the bakery in Southside. Needs putting out.
2026-08-08 07:22:37,@user6726,Southside,Massive food poisoning outbreak at the festival in Southside. Dozens of people need hospitalization.
2026-08-08 07:23:15,@user5924,North Hills,Brush fire spreading fast near North Hills due to the high winds. @FireDept
2026-08-08 07:23:27,@user8153,Industrial District,Terrible multi-car crash at Industrial District. At least 3 people look badly injured. Send ambulances! #accident
2026-08-08 07:23:47,@user3582,Westside,Anyone know why the power is out in Westside?
2026-08-08 07:24:19,@user6233,Industrial District,Major explosion at Industrial District factory! Massive fire and many people injured. We need fire and medical now!
2026-08-08 07:25:10,@user4983,Main Street,"Someone collapsed on the sidewalk in Main Street, they aren't breathing! Need a medic ASAP."
2026-08-08 07:25:50,@user3994,Southside,Cyclist hit by a truck at the intersection of Southside. Looks really bad. @Medical
2026-08-08 07:26:36,@user4424,Suburbs,Traffic is terrible around Suburbs today. Ugh.
2026-08-08 07:27:29,@user4235,Old Town,Small electrical fire started at the bakery in Old Town. Needs putting out.
2026-08-08 07:28:13,@user3967,Old Town,Cyclist hit by a truck at the intersection of Old Town. Looks really bad. @Medical
2026-08-08 07:28:31,@user6157,Route 66,Massive food poisoning outbreak at the festival in Route 66. Dozens of people need hospitalization.
2026-08-08 07:29:30,@user1053,Route 66,Traffic is terrible around Route 66 today. Ugh.
2026-08-08 07:29:48,@user7544,Southside,Huge flames seen at the Southside warehouse! Looks like a 3-alarm fire. #fire #emergency
2026-08-08 07:30:02,@user7622,North Hills,Massive food poisoning outbreak at the festival in North Hills. Dozens of people need hospitalization.
2026-08-08 07:30:51,@user7772,Westside,Massive food poisoning outbreak at the festival in Westside. Dozens of people need hospitalization.
2026-08-08 07:31:27,@user3267,Suburbs,Building collapse in Suburbs due to the fire. Paramedics and Firefighters needed immediately.
2026-08-08 07:31:44,@user8861,Industrial District,Small electrical fire started at the bakery in Industrial District. Needs putting out.
2026-08-08 07:32:04,@user7241,Main Street,Brush fire spreading fast near Main Street due to the high winds. @FireDept
2026-08-08 07:32:10,@user5139,Suburbs,Pedestrian struck by a speeding car in Suburbs. Needs immediate medical attention!
2026-08-08 07:32:15,@user2898,Route 66,Smell smoke coming from the apartment complex on Route 66. Fire alarms are going off!
2026-08-08 07:32:38,@user4839,Southside,Traffic is terrible around Southside today. Ugh.
2026-08-08 07:32:47,@user3815,Downtown,Just got the best coffee in Downtown. What a beautiful day!
2026-08-08 07:32:51,@user9792,Main Street,Cyclist hit by a truck at the intersection of Main Street. Looks really bad. @Medical
2026-08-08 07:33:00,@user2664,Route 66,Smell smoke coming from the apartment complex on Route 66. Fire alarms are going off!
2026-08-08 07:33:39,@user7726,Westside,"Lost dog found near Westside, please share!"
2026-08-08 07:34:28,@user5514,Central Park,Just got the best coffee in Central Park. What a beautiful day!
2026-08-08 07:35:28,@user8783,North Hills,Just got the best coffee in North Hills. What a beautiful day!
2026-08-08 07:35:39,@user4289,Southside,"Someone collapsed on the sidewalk in Southside, they aren't breathing! Need a medic ASAP."
2026-08-08 07:36:09,@user3546,North Hills,Just got the best coffee in North Hills. What a beautiful day!
2026-08-08 07:36:13,@user6450,Central Park,"Explosion heard near Central Park, now there's a massive fire! People are running."
2026-08-08 07:36:52,@user6877,Industrial District,Roof collapsed at the construction site in Industrial District. Multiple workers trapped and injured.
2026-08-08 07:37:42,@user3292,Industrial District,Terrible multi-car crash at Industrial District. At least 3 people look badly injured. Send ambulances! #accident
2026-08-08 07:37:57,@user6184,North Hills,Huge flames seen at the North Hills warehouse! Looks like a 3-alarm fire. #fire #emergency
2026-08-08 07:38:42,@user9287,Westside,Smell smoke coming from the apartment complex on Westside. Fire alarms are going off!
2026-08-08 07:39:29,@user4411,Route 66,Terrible multi-car crash at Route 66. At least 3 people look badly injured. Send ambulances! #accident
2026-08-08 07:39:42,@user5826,Southside,"Explosion heard near Southside, now there's a massive fire! People are running."
2026-08-08 07:40:21,@user1854,Main Street,"Heart attack suspected at the gym in Main Street. CPR in progress, where is the ambulance?!"
2026-08-08 07:40:38,@user4597,Downtown,Is something burning in Downtown? Thick black smoke in the sky.
2026-08-08 07:41:04,@user7942,Main Street,"Someone collapsed on the sidewalk in Main Street, they aren't breathing! Need a medic ASAP."
2026-08-08 07:41:59,@user5706,Industrial District,Small electrical fire started at the bakery in Industrial District. Needs putting out.
2026-08-08 07:42:36,@user5933,Route 66,Massive food poisoning outbreak at the festival in Route 66. Dozens of people need hospitalization.
2026-08-08 07:43:03,@user1482,Old Town,Brush fire spreading fast near Old Town due to the high winds. @FireDept
2026-08-08 07:43:43,@user4853,Route 66,Building collapse in Route 66 due to the fire. Paramedics and Firefighters needed immediately.
2026-08-08 07:44:33,@user2179,Southside,"Heart attack suspected at the gym in Southside. CPR in progress, where is the ambulance?!"
2026-08-08 07:44:35,@user8653,Downtown,Traffic is terrible around Downtown today. Ugh.
2026-08-08 07:44:51,@user9661,Southside,Is something burning in Southside? Thick black smoke in the sky.
2026-08-08 07:45:22,@user8466,Central Park,"Explosion heard near Central Park, now there's a massive fire! People are running."
2026-08-08 07:45:34,@user1434,Central Park,"Lost dog found near Central Park, please share!"
2026-08-08 07:46:24,@user3292,Suburbs,Major explosion at Suburbs factory! Massive fire and many people injured. We need fire and medical now!
2026-08-08 07:46:47,@user4338,Old Town,Massive food poisoning outbreak at the festival in Old Town. Dozens of people need hospitalization.
2026-08-08 07:47:18,@user6275,Industrial District,Huge flames seen at the Industrial District warehouse! Looks like a 3-alarm fire. #fire #emergency
2026-08-08 07:48:00,@user2795,North Hills,"Explosion heard near North Hills, now there's a massive fire! People are running."
2026-08-08 07:48:42,@user1298,Central Park,"Someone collapsed on the sidewalk in Central Park, they aren't breathing! Need a medic ASAP."
2026-08-08 07:49:32,@user3635,Industrial District,Massive food poisoning outbreak at the festival in Industrial District. Dozens of people need hospitalization.
2026-08-08 07:50:04,@user3254,Old Town,Brush fire spreading fast near Old Town due to the high winds. @FireDept
2026-08-08 07:50:10,@user4708,Route 66,Massive food poisoning outbreak at the festival in Route 66. Dozens of people need hospitalization.
2026-08-08 07:51:02,@user9484,North Hills,"Heart attack suspected at the gym in North Hills. CPR in progress, where is the ambulance?!"
2026-08-08 07:51:24,@user1721,Central Park,Roof collapsed at the construction site in Central Park. Multiple workers trapped and injured.
2026-08-08 07:51:34,@user3423,Downtown,Huge flames seen at the Downtown warehouse! Looks like a 3-alarm fire. #fire #emergency
2026-08-08 07:52:31,@user2747,Old Town,Major explosion at Old Town factory! Massive fire and many people injured. We need fire and medical now!
2026-08-08 07:52:47,@user1874,Suburbs,Roof collapsed at the construction site in Suburbs. Multiple workers trapped and injured.
2026-08-08 07:53:12,@user9467,Main Street,Pedestrian struck by a speeding car in Main Street. Needs immediate medical attention!
2026-08-08 07:53:53,@user8008,North Hills,Smell smoke coming from the apartment complex on North Hills. Fire alarms are going off!
2026-08-08 07:53:55,@user9122,Industrial District,Traffic is terrible around Industrial District today. Ugh.
2026-08-08 07:54:15,@user4127,Industrial District,Small electrical fire started at the bakery in Industrial District. Needs putting out.
2026-08-08 07:54:44,@user6073,North Hills,Major explosion at North Hills factory! Massive fire and many people injured. We need fire and medical now!
2026-08-08 07:55:20,@user8764,Downtown,Is something burning in Downtown? Thick black smoke in the sky.
2026-08-08 07:55:58,@user5439,Main Street,Cyclist hit by a truck at the intersection of Main Street. Looks really bad. @Medical
2026-08-08 07:56:35,@user8978,Central Park,"Lost dog found near Central Park, please share!"
2026-08-08 07:57:13,@user6521,Downtown,Just got the best coffee in Downtown. What a beautiful day!
2026-08-08 07:57:30,@user9314,Downtown,"Car on fire on Downtown, traffic is completely stopped. Send firetrucks!"
2026-08-08 07:57:57,@user8056,Industrial District,Traffic is terrible around Industrial District today. Ugh.
2026-08-08 07:58:47,@user3011,North Hills,Huge flames seen at the North Hills warehouse! Looks like a 3-alarm fire. #fire #emergency
2026-08-08 07:59:34,@user3967,North Hills,Is something burning in North Hills? Thick black smoke in the sky.
2026-08-08 07:59:55,@user3104,Route 66,"Someone collapsed on the sidewalk in Route 66, they aren't breathing! Need a medic ASAP."
2026-08-08 08:00:29,@user1704,North Hills,"Car on fire on North Hills, traffic is completely stopped. Send firetrucks!"
2026-08-08 08:00:52,@user4354,Central Park,Major explosion at Central Park factory! Massive fire and many people injured. We need fire and medical now!
2026-08-08 08:01:23,@user3836,North Hills,Roof collapsed at the construction site in North Hills. Multiple workers trapped and injured.
2026-08-08 08:01:56,@user9556,Downtown,Smell smoke coming from the apartment complex on Downtown. Fire alarms are going off!
2026-08-08 08:02:52,@user9669,Old Town,Cyclist hit by a truck at the intersection of Old Town. Looks really bad. @Medical
2026-08-08 08:03:51,@user9022,Suburbs,Terrible multi-car crash at Suburbs. At least 3 people look badly injured. Send ambulances! #accident
2026-08-08 08:04:33,@user1353,Main Street,Anyone know why the power is out in Main Street?
2026-08-08 08:04:51,@user4762,Old Town,Is something burning in Old Town? Thick black smoke in the sky.
2026-08-08 08:05:00,@user8548,Westside,"Lost dog found near Westside, please share!"
2026-08-08 08:05:52,@user9863,Suburbs,Is something burning in Suburbs? Thick black smoke in the sky.
2026-08-08 08:06:06,@user6073,Suburbs,Major explosion at Suburbs factory! Massive fire and many people injured. We need fire and medical now!
2026-08-08 08:06:08,@user6642,Route 66,"Car on fire on Route 66, traffic is completely stopped. Send firetrucks!"
2026-08-08 08:07:02,@user5743,Downtown,Massive food poisoning outbreak at the festival in Downtown. Dozens of people need hospitalization.
2026-08-08 08:07:45,@user7120,Main Street,"Explosion heard near Main Street, now there's a massive fire! People are running."
2026-08-08 08:08:38,@user5066,North Hills,Anyone know why the power is out in North Hills?
2026-08-08 08:09:31,@user2594,Central Park,"Explosion heard near Central Park, now there's a massive fire! People are running."
2026-08-08 08:10:07,@user7942,North Hills,Building collapse in North Hills due to the fire. Paramedics and Firefighters needed immediately.
2026-08-08 08:10:55,@user7128,Industrial District,Small electrical fire started at the bakery in Industrial District. Needs putting out.
2026-08-08 08:11:12,@user5216,Downtown,Brush fire spreading fast near Downtown due to the high winds. @FireDept
2026-08-08 08:11:42,@user3779,Central Park,Brush fire spreading fast near Central Park due to the high winds. @FireDept
2026-08-08 08:11:53,@user7535,Westside,Cyclist hit by a truck at the intersection of Westside. Looks really bad. @Medical
2026-08-08 08:12:14,@user8794,Westside,"Lost dog found near Westside, please share!"
2026-08-08 08:12:50,@user7646,Route 66,"Someone collapsed on the sidewalk in Route 66, they aren't breathing! Need a medic ASAP."
2026-08-08 08:13:08,@user6253,Southside,"Car on fire on Southside, traffic is completely stopped. Send firetrucks!"
2026-08-08 08:13:19,@user2621,Downtown,Is something burning in Downtown? Thick black smoke in the sky.
2026-08-08 08:13:36,@user5907,Downtown,Just got the best coffee in Downtown. What a beautiful day!
2026-08-08 08:14:01,@user1920,Main Street,Just got the best coffee in Main Street. What a beautiful day!
2026-08-08 08:14:34,@user3253,Route 66,"Lost dog found near Route 66, please share!"
2026-08-08 08:15:23,@user6589,Downtown,"Car on fire on Downtown, traffic is completely stopped. Send firetrucks!"
2026-08-08 08:15:47,@user2531,Suburbs,"Car on fire on Suburbs, traffic is completely stopped. Send firetrucks!"
2026-08-08 08:16:19,@user4866,Suburbs,Building collapse in Suburbs due to the fire. Paramedics and Firefighters needed immediately.
2026-08-08 08:16:24,@user8776,Southside,Building collapse in Southside due to the fire. Paramedics and Firefighters needed immediately.
2026-08-08 08:16:36,@user7597,Southside,Anyone know why the power is out in Southside?
2026-08-08 08:17:08,@user5209,Central Park,"Car on fire on Central Park, traffic is completely stopped. Send firetrucks!"
2026-08-08 08:17:17,@user9782,Suburbs,Cyclist hit by a truck at the intersection of Suburbs. Looks really bad. @Medical
2026-08-08 08:18:11,@user9454,Downtown,Smell smoke coming from the apartment complex on Downtown. Fire alarms are going off!
2026-08-08 08:18:58,@user8516,Old Town,Anyone know why the power is out in Old Town?
2026-08-08 08:19:41,@user4381,Route 66,Massive food poisoning outbreak at the festival in Route 66. Dozens of people need hospitalization.
2026-08-08 08:20:06,@user5900,Old Town,Pedestrian struck by a speeding car in Old Town. Needs immediate medical attention!
2026-08-08 08:20:37,@user7914,Old Town,Traffic is terrible around Old Town today. Ugh.
2026-08-08 08:20:55,@user7772,Industrial District,Is something burning in Industrial District? Thick black smoke in the sky.
2026-08-08 08:21:43,@user8014,Route 66,"Heart attack suspected at the gym in Route 66. CPR in progress, where is the ambulance?!"
2026-08-08 08:22:03,@user5359,Southside,Pedestrian struck by a speeding car in Southside. Needs immediate medical attention!
2026-08-08 08:22:47,@user8641,Main Street,Roof collapsed at the construction site in Main Street. Multiple workers trapped and injured.
2026-08-08 08:23:05,@user4057,Downtown,Building collapse in Downtown due to the fire. Paramedics and Firefighters needed immediately.
2026-08-08 08:23:50,@user5199,Old Town,"Someone collapsed on the sidewalk in Old Town, they aren't breathing! Need a medic ASAP."
2026-08-08 08:24:50,@user9295,Southside,Anyone know why the power is out in Southside?
2026-08-08 08:25:11,@user4658,Southside,Brush fire spreading fast near Southside due to the high winds. @FireDept
2026-08-08 08:26:07,@user9422,Southside,Pedestrian struck by a speeding car in Southside. Needs immediate medical attention!
2026-08-08 08:26:57,@user9943,Industrial District,"Lost dog found near Industrial District, please share!"
2026-08-08 08:27:30,@user4425,Suburbs,Small electrical fire started at the bakery in Suburbs. Needs putting out.
2026-08-08 08:27:34,@user4220,Industrial District,Terrible multi-car crash at Industrial District. At least 3 people look badly injured. Send ambulances! #accident
2026-08-08 08:28:03,@user3068,Southside,Roof collapsed at the construction site in Southside. Multiple workers trapped and injured.
2026-08-08 08:28:45,@user1640,Industrial District,Anyone know why the power is out in Industrial District?
2026-08-08 08:29:03,@user1719,Westside,Small electrical fire started at the bakery in Westside. Needs putting out.
2026-08-08 08:29:51,@user3000,Southside,Smell smoke coming from the apartment complex on Southside. Fire alarms are going off!
2026-08-08 08:30:01,@user5936,Old Town,Huge flames seen at the Old Town warehouse! Looks like a 3-alarm fire. #fire #emergency
2026-08-08 08:31:00,@user1232,Westside,Smell smoke coming from the apartment complex on Westside. Fire alarms are going off!
2026-08-08 08:31:10,@user8921,Downtown,Is something burning in Downtown? Thick black smoke in the sky.
2026-08-08 08:31:11,@user4530,Suburbs,"Someone collapsed on the sidewalk in Suburbs, they aren't breathing! Need a medic ASAP."
2026-08-08 08:31:35,@user8324,Main Street,Traffic is terrible around Main Street today. Ugh.
2026-08-08 08:32:05,@user3726,Downtown,Small electrical fire started at the bakery in Downtown. Needs putting out.
2026-08-08 08:33:01,@user2050,Old Town,Anyone know why the power is out in Old Town?
2026-08-08 08:33:41,@user5073,Central Park,Massive food poisoning outbreak at the festival in Central Park. Dozens of people need hospitalization.
2026-08-08 08:33:42,@user8700,Central Park,Smell smoke coming from the apartment complex on Central Park. Fire alarms are going off!
2026-08-08 08:34:29,@user4794,Route 66,Cyclist hit by a truck at the intersection of Route 66. Looks really bad. @Medical
2026-08-08 08:35:26,@user7412,Old Town,"Someone collapsed on the sidewalk in Old Town, they aren't breathing! Need a medic ASAP."
2026-08-08 08:36:11,@user1013,Central Park,Traffic is terrible around Central Park today. Ugh.
2026-08-08 08:36:24,@user3435,Downtown,Massive food poisoning outbreak at the festival in Downtown. Dozens of people need hospitalization.
2026-08-08 08:36:36,@user3271,Industrial District,"Lost dog found near Industrial District, please share!"
2026-08-08 08:37:00,@user4181,Industrial District,Major explosion at Industrial District factory! Massive fire and many people injured. We need fire and medical now!
2026-08-08 08:37:43,@user7551,Westside,Pedestrian struck by a speeding car in Westside. Needs immediate medical attention!
2026-08-08 08:38:13,@user7872,Westside,Just got the best coffee in Westside. What a beautiful day!
2026-08-08 08:39:08,@user1626,Route 66,Cyclist hit by a truck at the intersection of Route 66. Looks really bad. @Medical
2026-08-08 08:40:07,@user3097,North Hills,Smell smoke coming from the apartment complex on North Hills. Fire alarms are going off!
2026-08-08 08:40:21,@user7346,Main Street,Huge flames seen at the Main Street warehouse! Looks like a 3-alarm fire. #fire #emergency
2026-08-08 08:40:29,@user7787,Suburbs,Building collapse in Suburbs due to the fire. Paramedics and Firefighters needed immediately.
2026-08-08 08:41:11,@user5741,Suburbs,"Car on fire on Suburbs, traffic is completely stopped. Send firetrucks!"
2026-08-08 08:42:06,@user4067,Westside,"Car on fire on Westside, traffic is completely stopped. Send firetrucks!"
2026-08-08 08:43:01,@user8416,Southside,"Heart attack suspected at the gym in Southside. CPR in progress, where is the ambulance?!"
2026-08-08 08:43:15,@user2646,Main Street,"Lost dog found near Main Street, please share!"
2026-08-08 08:43:21,@user8886,North Hills,Major explosion at North Hills factory! Massive fire and many people injured. We need fire and medical now!
2026-08-08 08:44:13,@user1346,Westside,Cyclist hit by a truck at the intersection of Westside. Looks really bad. @Medical
2026-08-08 08:44:58,@user1259,Route 66,Pedestrian struck by a speeding car in Route 66. Needs immediate medical attention!
2026-08-08 08:45:47,@user7129,Southside,Anyone know why the power is out in Southside?
2026-08-08 08:46:01,@user8264,Downtown,Roof collapsed at the construction site in Downtown. Multiple workers trapped and injured.
2026-08-08 08:46:32,@user7024,Main Street,Anyone know why the power is out in Main Street?
2026-08-08 08:46:35,@user5471,Industrial District,Building collapse in Industrial District due to the fire. Paramedics and Firefighters needed immediately.
2026-08-08 08:47:03,@user4270,Main Street,Brush fire spreading fast near Main Street due to the high winds. @FireDept
2026-08-08 08:48:02,@user1326,Westside,"Someone collapsed on the sidewalk in Westside, they aren't breathing! Need a medic ASAP."
2026-08-08 08:48:49,@user4159,North Hills,Terrible multi-car crash at North Hills. At least 3 people look badly injured. Send ambulances! #accident
2026-08-08 08:49:32,@user6541,Old Town,"Car on fire on Old Town, traffic is completely stopped. Send firetrucks!"
2026-08-08 08:50:27,@user3496,Westside,Just got the best coffee in Westside. What a beautiful day!
2026-08-08 08:50:30,@user2095,Old Town,"Explosion heard near Old Town, now there's a massive fire! People are running."
2026-08-08 08:51:02,@user4522,Route 66,Anyone know why the power is out in Route 66?
2026-08-08 08:52:01,@user9968,Route 66,"Car on fire on Route 66, traffic is completely stopped. Send firetrucks!"
2026-08-08 08:52:22,@user9676,Main Street,Major explosion at Main Street factory! Massive fire and many people injured. We need fire and medical now!
2026-08-08 08:52:41,@user7369,Industrial District,Is something burning in Industrial District? Thick black smoke in the sky.
2026-08-08 08:53:04,@user9487,Southside,Major explosion at Southside factory! Massive fire and many people injured. We need fire and medical now!
2026-08-08 08:53:22,@user2745,Old Town,"Heart attack suspected at the gym in Old Town. CPR in progress, where is the ambulance?!"
2026-08-08 08:53:38,@user7425,North Hills,"Car on fire on North Hills, traffic is completely stopped. Send firetrucks!"
2026-08-08 08:54:19,@user9308,Southside,"Explosion heard near Southside, now there's a massive fire! People are running."
2026-08-08 08:54:42,@user3063,Industrial District,Anyone know why the power is out in Industrial District?
2026-08-08 08:55:09,@user2389,Central Park,Huge flames seen at the Central Park warehouse! Looks like a 3-alarm fire. #fire #emergency
2026-08-08 08:56:09,@user3442,Route 66,"Car on fire on Route 66, traffic is completely stopped. Send firetrucks!"
2026-08-08 08:56:14,@user2720,Southside,Terrible multi-car crash at Southside. At least 3 people look badly injured. Send ambulances! #accident
2026-08-08 08:57:03,@user7304,Westside,Terrible multi-car crash at Westside. At least 3 people look badly injured. Send ambulances! #accident
2026-08-08 08:57:44,@user2810,Industrial District,"Car on fire on Industrial District, traffic is completely stopped. Send firetrucks!"
2026-08-08 08:58:06,@user5538,Suburbs,Roof collapsed at the construction site in Suburbs. Multiple workers trapped and injured.
2026-08-08 08:58:10,@user3613,Southside,Huge flames seen at the Southside warehouse! Looks like a 3-alarm fire. #fire #emergency
2026-08-08 08:59:05,@user3737,Southside,"Heart attack suspected at the gym in Southside. CPR in progress, where is the ambulance?!"
2026-08-08 08:59:51,@user2507,Westside,"Someone collapsed on the sidewalk in Westside, they aren't breathing! Need a medic ASAP."
2026-08-08 09:00:21,@user8718,Suburbs,Huge flames seen at the Suburbs warehouse! Looks like a 3-alarm fire. #fire #emergency
2026-08-08 09:00:38,@user1729,Westside,Anyone know why the power is out in Westside?
2026-08-08 09:00:43,@user1601,Route 66,Building collapse in Route 66 due to the fire. Paramedics and Firefighters needed immediately.
2026-08-08 09:01:13,@user9598,Suburbs,Is something burning in Suburbs? Thick black smoke in the sky.
2026-08-08 09:01:22,@user3977,Westside,Huge flames seen at the Westside warehouse! Looks like a 3-alarm fire. #fire #emergency
2026-08-08 09:01:46,@user2524,North Hills,Traffic is terrible around North Hills today. Ugh.
2026-08-08 09:01:48,@user8204,Industrial District,Anyone know why the power is out in Industrial District?
2026-08-08 09:02:12,@user3581,Southside,Major explosion at Southside factory! Massive fire and many people injured. We need fire and medical now!
2026-08-08 09:02:23,@user2471,Old Town,"Lost dog found near Old Town, please share!"
2026-08-08 09:02:33,@user4640,Industrial District,Major explosion at Industrial District factory! Massive fire and many people injured. We need fire and medical now!
2026-08-08 09:02:55,@user7166,Route 66,Cyclist hit by a truck at the intersection of Route 66. Looks really bad. @Medical
2026-08-08 09:03:51,@user6344,Central Park,Smell smoke coming from the apartment complex on Central Park. Fire alarms are going off!
2026-08-08 09:04:16,@user9256,Old Town,Traffic is terrible around Old Town today. Ugh.
2026-08-08 09:04:38,@user3417,North Hills,Cyclist hit by a truck at the intersection of North Hills. Looks really bad. @Medical
2026-08-08 09:04:46,@user1523,Industrial District,Massive food poisoning outbreak at the festival in Industrial District. Dozens of people need hospitalization.
2026-08-08 09:05:01,@user2028,Route 66,Small electrical fire started at the bakery in Route 66. Needs putting out.
2026-08-08 09:05:54,@user5438,Central Park,Massive food poisoning outbreak at the festival in Central Park. Dozens of people need hospitalization.
2026-08-08 09:06:54,@user3102,Suburbs,Pedestrian struck by a speeding car in Suburbs. Needs immediate medical attention!
2026-08-08 09:07:36,@user7028,Old Town,Cyclist hit by a truck at the intersection of Old Town. Looks really bad. @Medical
2026-08-08 09:08:14,@user6434,Old Town,Brush fire spreading fast near Old Town due to the high winds. @FireDept
2026-08-08 09:08:36,@user2478,Suburbs,Cyclist hit by a truck at the intersection of Suburbs. Looks really bad. @Medical
2026-08-08 09:09:22,@user3899,North Hills,Pedestrian struck by a speeding car in North Hills. Needs immediate medical attention!
2026-08-08 09:09:39,@user9402,Main Street,Traffic is terrible around Main Street today. Ugh.
2026-08-08 09:09:59,@user1513,North Hills,Huge flames seen at the North Hills warehouse! Looks like a 3-alarm fire. #fire #emergency
2026-08-08 09:10:23,@user8299,Old Town,"Lost dog found near Old Town, please share!"
2026-08-08 09:11:16,@user7927,Southside,Smell smoke coming from the apartment complex on Southside. Fire alarms are going off!
2026-08-08 09:11:17,@user1187,North Hills,Traffic is terrible around North Hills today. Ugh.
2026-08-08 09:11:34,@user3183,Main Street,"Heart attack suspected at the gym in Main Street. CPR in progress, where is the ambulance?!"
2026-08-08 09:12:00,@user1960,Old Town,Pedestrian struck by a speeding car in Old Town. Needs immediate medical attention!
2026-08-08 09:12:53,@user3666,Suburbs,Anyone know why the power is out in Suburbs?
2026-08-08 09:13:05,@user3098,Main Street,Roof collapsed at the construction site in Main Street. Multiple workers trapped and injured.
2026-08-08 09:13:11,@user1197,Suburbs,Small electrical fire started at the bakery in Suburbs. Needs putting out.
2026-08-08 09:13:17,@user9684,Old Town,Terrible multi-car crash at Old Town. At least 3 people look badly injured. Send ambulances! #accident
2026-08-08 09:13:33,@user4627,Westside,Pedestrian struck by a speeding car in Westside. Needs immediate medical attention!
2026-08-08 09:14:27,@user7801,Central Park,Brush fire spreading fast near Central Park due to the high winds. @FireDept
2026-08-08 09:15:18,@user4373,Westside,Anyone know why the power is out in Westside?
2026-08-08 09:16:15,@user7832,Main Street,Traffic is terrible around Main Street today. Ugh.
2026-08-08 09:16:40,@user3781,Westside,Small electrical fire started at the bakery in Westside. Needs putting out.
2026-08-08 09:17:39,@user6442,Downtown,"Explosion heard near Downtown, now there's a massive fire! People are running."
2026-08-08 09:18:33,@user2303,Industrial District,Is something burning in Industrial District? Thick black smoke in the sky.
2026-08-08 09:19:19,@user3062,Old Town,Cyclist hit by a truck at the intersection of Old Town. Looks really bad. @Medical
2026-08-08 09:19:55,@user2646,Old Town,Building collapse in Old Town due to the fire. Paramedics and Firefighters needed immediately.
2026-08-08 09:20:27,@user4360,North Hills,Anyone know why the power is out in North Hills?
2026-08-08 09:21:06,@user8071,Route 66,"Explosion heard near Route 66, now there's a massive fire! People are running."
2026-08-08 09:21:41,@user9233,Southside,"Explosion heard near Southside, now there's a massive fire! People are running."
2026-08-08 09:21:49,@user4786,Main Street,"Car on fire on Main Street, traffic is completely stopped. Send firetrucks!"
2026-08-08 09:22:39,@user3496,Westside,Brush fire spreading fast near Westside due to the high winds. @FireDept
2026-08-08 09:23:34,@user9930,Westside,Cyclist hit by a truck at the intersection of Westside. Looks really bad. @Medical
2026-08-08 09:24:33,@user6022,Southside,"Someone collapsed on the sidewalk in Southside, they aren't breathing! Need a medic ASAP."
2026-08-08 09:25:01,@user2966,Southside,Traffic is terrible around Southside today. Ugh.
2026-08-08 09:25:20,@user7155,Route 66,"Explosion heard near Route 66, now there's a massive fire! People are running."
2026-08-08 09:25:57,@user9888,Central Park,"Someone collapsed on the sidewalk in Central Park, they aren't breathing! Need a medic ASAP."
2026-08-08 09:26:28,@user9478,Central Park,Smell smoke coming from the apartment complex on Central Park. Fire alarms are going off!
2026-08-08 09:27:06,@user6738,Industrial District,Is something burning in Industrial District? Thick black smoke in the sky.
2026-08-08 09:27:39,@user6122,Downtown,Smell smoke coming from the apartment complex on Downtown. Fire alarms are going off!
2026-08-08 09:28:17,@user7830,Route 66,Brush fire spreading fast near Route 66 due to the high winds. @FireDept
2026-08-08 09:29:05,@user5667,Main Street,Building collapse in Main Street due to the fire. Paramedics and Firefighters needed immediately.
2026-08-08 09:29:30,@user6304,Downtown,Building collapse in Downtown due to the fire. Paramedics and Firefighters needed immediately.
2026-08-08 09:30:21,@user9446,Old Town,"Car on fire on Old Town, traffic is completely stopped. Send firetrucks!"
2026-08-08 09:31:18,@user5399,Main Street,Cyclist hit by a truck at the intersection of Main Street. Looks really bad. @Medical
2026-08-08 09:32:06,@user2883,Downtown,"Explosion heard near Downtown, now there's a massive fire! People are running."
2026-08-08 09:32:40,@user7886,Route 66,Pedestrian struck by a speeding car in Route 66. Needs immediate medical attention!
2026-08-08 09:33:29,@user8654,Central Park,"Lost dog found near Central Park, please share!"
2026-08-08 09:33:43,@user6160,Southside,Just got the best coffee in Southside. What a beautiful day!
2026-08-08 09:34:12,@user3187,Westside,Pedestrian struck by a speeding car in Westside. Needs immediate medical attention!
2026-08-08 09:35:08,@user1190,Old Town,Pedestrian struck by a speeding car in Old Town. Needs immediate medical attention!
2026-08-08 09:35:33,@user7426,Industrial District,"Someone collapsed on the sidewalk in Industrial District, they aren't breathing! Need a medic ASAP."
2026-08-08 09:36:10,@user8489,Route 66,Brush fire spreading fast near Route 66 due to the high winds. @FireDept
2026-08-08 09:36:13,@user1740,Industrial District,Building collapse in Industrial District due to the fire. Paramedics and Firefighters needed immediately.
2026-08-08 09:36:56,@user4625,Industrial District,Smell smoke coming from the apartment complex on Industrial District. Fire alarms are going off!
2026-08-08 09:37:36,@user6008,Southside,Anyone know why the power is out in Southside?
2026-08-08 09:37:47,@user7643,Old Town,Terrible multi-car crash at Old Town. At least 3 people look badly injured. Send ambulances! #accident
2026-08-08 09:38:02,@user5931,Old Town,Pedestrian struck by a speeding car in Old Town. Needs immediate medical attention!
2026-08-08 09:38:03,@user4889,Old Town,Pedestrian struck by a speeding car in Old Town. Needs immediate medical attention!
2026-08-08 09:38:43,@user8064,Route 66,"Car on fire on Route 66, traffic is completely stopped. Send firetrucks!"
2026-08-08 09:38:51,@user5797,Central Park,Massive food poisoning outbreak at the festival in Central Park. Dozens of people need hospitalization.
2026-08-08 09:39:34,@user5402,Central Park,"Car on fire on Central Park, traffic is completely stopped. Send firetrucks!"
2026-08-08 09:39:47,@user7586,Main Street,"Someone collapsed on the sidewalk in Main Street, they aren't breathing! Need a medic ASAP."
2026-08-08 09:39:52,@user4998,Route 66,Just got the best coffee in Route 66. What a beautiful day!
2026-08-08 09:39:55,@user8800,Southside,Roof collapsed at the construction site in Southside. Multiple workers trapped and injured.
2026-08-08 09:40:03,@user6570,Downtown,Anyone know why the power is out in Downtown?
2026-08-08 09:40:24,@user3185,Route 66,Huge flames seen at the Route 66 warehouse! Looks like a 3-alarm fire. #fire #emergency
2026-08-08 09:40:35,@user4360,Route 66,"Explosion heard near Route 66, now there's a massive fire! People are running."
2026-08-08 09:41:24,@user4206,Route 66,Terrible multi-car crash at Route 66. At least 3 people look badly injured. Send ambulances! #accident
2026-08-08 09:42:17,@user3932,Old Town,Small electrical fire started at the bakery in Old Town. Needs putting out.
2026-08-08 09:42:53,@user5270,Southside,Massive food poisoning outbreak at the festival in Southside. Dozens of people need hospitalization.
2026-08-08 09:43:23,@user4814,Industrial District,Roof collapsed at the construction site in Industrial District. Multiple workers trapped and injured.
2026-08-08 09:43:37,@user3626,Industrial District,Smell smoke coming from the apartment complex on Industrial District. Fire alarms are going off!
2026-08-08 09:44:08,@user9857,Old Town,Just got the best coffee in Old Town. What a beautiful day!
2026-08-08 09:44:16,@user7358,Downtown,Anyone know why the power is out in Downtown?
2026-08-08 09:45:05,@user3002,North Hills,Terrible multi-car crash at North Hills. At least 3 people look badly injured. Send ambulances! #accident
2026-08-08 09:45:57,@user2918,Old Town,Smell smoke coming from the apartment complex on Old Town. Fire alarms are going off!
2026-08-08 09:46:53,@user9483,Suburbs,Major explosion at Suburbs factory! Massive fire and many people injured. We need fire and medical now!
2026-08-08 09:47:16,@user9699,Central Park,"Someone collapsed on the sidewalk in Central Park, they aren't breathing! Need a medic ASAP."
2026-08-08 09:47:56,@user9685,Suburbs,Pedestrian struck by a speeding car in Suburbs. Needs immediate medical attention!
2026-08-08 09:47:57,@user8647,Southside,"Car on fire on Southside, traffic is completely stopped. Send firetrucks!"
2026-08-08 09:48:08,@user3820,Southside,Massive food poisoning outbreak at the festival in Southside. Dozens of people need hospitalization.
2026-08-08 09:48:24,@user7260,Old Town,"Car on fire on Old Town, traffic is completely stopped. Send firetrucks!"
2026-08-08 09:48:36,@user4667,Old Town,"Someone collapsed on the sidewalk in Old Town, they aren't breathing! Need a medic ASAP."
2026-08-08 09:48:41,@user8283,Route 66,"Lost dog found near Route 66, please share!"
2026-08-08 09:49:41,@user7732,Central Park,Building collapse in Central Park due to the fire. Paramedics and Firefighters needed immediately.
2026-08-08 09:49:52,@user6211,Downtown,Brush fire spreading fast near Downtown due to the high winds. @FireDept
2026-08-08 09:50:35,@user4901,Southside,Brush fire spreading fast near Southside due to the high winds. @FireDept
2026-08-08 09:51:11,@user5816,Old Town,Pedestrian struck by a speeding car in Old Town. Needs immediate medical attention!
2026-08-08 09:51:58,@user5388,Westside,"Lost dog found near Westside, please share!"
2026-08-08 09:52:32,@user4627,Downtown,"Lost dog found near Downtown, please share!"
2026-08-08 09:52:55,@user1984,North Hills,Huge flames seen at the North Hills warehouse! Looks like a 3-alarm fire. #fire #emergency
2026-08-08 09:53:03,@user1475,North Hills,Anyone know why the power is out in North Hills?
2026-08-08 09:53:24,@user1513,Main Street,Roof collapsed at the construction site in Main Street. Multiple workers trapped and injured.
2026-08-08 09:53:58,@user1074,Suburbs,"Explosion heard near Suburbs, now there's a massive fire! People are running."
2026-08-08 09:54:33,@user9965,Old Town,Cyclist hit by a truck at the intersection of Old Town. Looks really bad. @Medical
2026-08-08 09:55:15,@user8530,Downtown,Cyclist hit by a truck at the intersection of Downtown. Looks really bad. @Medical
2026-08-08 09:55:44,@user3672,North Hills,Just got the best coffee in North Hills. What a beautiful day!
2026-08-08 09:56:11,@user7422,Central Park,Cyclist hit by a truck at the intersection of Central Park. Looks really bad. @Medical
2026-08-08 09:56:25,@user3091,Industrial District,Terrible multi-car crash at Industrial District. At least 3 people look badly injured. Send ambulances! #accident
2026-08-08 09:57:15,@user1059,Southside,Brush fire spreading fast near Southside due to the high winds. @FireDept
2026-08-08 09:58:10,@user9205,Central Park,Roof collapsed at the construction site in Central Park. Multiple workers trapped and injured.
2026-08-08 09:59:05,@user7960,Westside,"Explosion heard near Westside, now there's a massive fire! People are running."
2026-08-08 09:59:48,@user7930,North Hills,Building collapse in North Hills due to the fire. Paramedics and Firefighters needed immediately.
2026-08-08 10:00:33,@user6646,North Hills,"Car on fire on North Hills, traffic is completely stopped. Send firetrucks!"
2026-08-08 10:01:03,@user9911,Westside,Terrible multi-car crash at Westside. At least 3 people look badly injured. Send ambulances! #accident
2026-08-08 10:01:09,@user4240,Southside,Anyone know why the power is out in Southside?
2026-08-08 10:01:35,@user1024,Route 66,Major explosion at Route 66 factory! Massive fire and many people injured. We need fire and medical now!
2026-08-08 10:02:24,@user5486,Main Street,Smell smoke coming from the apartment complex on Main Street. Fire alarms are going off!
2026-08-08 10:03:18,@user1388,Westside,Smell smoke coming from the apartment complex on Westside. Fire alarms are going off!
2026-08-08 10:03:42,@user4363,Downtown,"Car on fire on Downtown, traffic is completely stopped. Send firetrucks!"
2026-08-08 10:04:29,@user2097,Southside,Building collapse in Southside due to the fire. Paramedics and Firefighters needed immediately.
2026-08-08 10:04:34,@user1076,Downtown,Small electrical fire started at the bakery in Downtown. Needs putting out.
2026-08-08 10:05:00,@user9512,Suburbs,"Lost dog found near Suburbs, please share!"
2026-08-08 10:05:55,@user2360,Suburbs,Major explosion at Suburbs factory! Massive fire and many people injured. We need fire and medical now!
2026-08-08 10:06:21,@user9394,Old Town,"Someone collapsed on the sidewalk in Old Town, they aren't breathing! Need a medic ASAP."
2026-08-08 10:07:02,@user8234,Route 66,Just got the best coffee in Route 66. What a beautiful day!
2026-08-08 10:07:54,@user7170,Old Town,Anyone know why the power is out in Old Town?
2026-08-08 10:08:40,@user4294,Downtown,Major explosion at Downtown factory! Massive fire and many people injured. We need fire and medical now!
2026-08-08 10:09:15,@user6159,Westside,Brush fire spreading fast near Westside due to the high winds. @FireDept
2026-08-08 10:09:20,@user4306,Route 66,Is something burning in Route 66? Thick black smoke in the sky.
2026-08-08 10:09:50,@user7834,Industrial District,Traffic is terrible around Industrial District today. Ugh.
2026-08-08 10:10:15,@user3831,Industrial District,Roof collapsed at the construction site in Industrial District. Multiple workers trapped and injured.
2026-08-08 10:10:56,@user1160,Route 66,"Explosion heard near Route 66, now there's a massive fire! People are running."
2026-08-08 10:11:07,@user3607,Westside,Smell smoke coming from the apartment complex on Westside. Fire alarms are going off!
2026-08-08 10:12:07,@user8791,Westside,"Car on fire on Westside, traffic is completely stopped. Send firetrucks!"
2026-08-08 10:12:17,@user5292,Industrial District,Is something burning in Industrial District? Thick black smoke in the sky.
2026-08-08 10:12:44,@user6769,Westside,Pedestrian struck by a speeding car in Westside. Needs immediate medical attention!
2026-08-08 10:12:47,@user3548,Westside,Massive food poisoning outbreak at the festival in Westside. Dozens of people need hospitalization.
2026-08-08 10:13:41,@user9909,Route 66,Cyclist hit by a truck at the intersection of Route 66. Looks really bad. @Medical
2026-08-08 10:14:21,@user3212,Southside,"Someone collapsed on the sidewalk in Southside, they aren't breathing! Need a medic ASAP."
2026-08-08 10:14:32,@user5705,North Hills,Small electrical fire started at the bakery in North Hills. Needs putting out.
2026-08-08 10:14:34,@user2057,North Hills,Smell smoke coming from the apartment complex on North Hills. Fire alarms are going off!
2026-08-08 10:15:12,@user7183,Central Park,Roof collapsed at the construction site in Central Park. Multiple workers trapped and injured.
2026-08-08 10:15:37,@user4287,Old Town,"Explosion heard near Old Town, now there's a massive fire! People are running."
2026-08-08 10:16:06,@user7124,Central Park,Traffic is terrible around Central Park today. Ugh.
2026-08-08 10:16:46,@user2007,Downtown,Just got the best coffee in Downtown. What a beautiful day!
2026-08-08 10:17:08,@user7130,Downtown,Just got the best coffee in Downtown. What a beautiful day!
2026-08-08 10:18:08,@user1171,Suburbs,Brush fire spreading fast near Suburbs due to the high winds. @FireDept
2026-08-08 10:18:32,@user9063,Old Town,Pedestrian struck by a speeding car in Old Town. Needs immediate medical attention!
2026-08-08 10:18:38,@user3769,Central Park,Is something burning in Central Park? Thick black smoke in the sky.
2026-08-08 10:19:27,@user8418,Downtown,"Car on fire on Downtown, traffic is completely stopped. Send firetrucks!"
2026-08-08 10:20:12,@user6623,Industrial District,"Explosion heard near Industrial District, now there's a massive fire! People are running."
2026-08-08 10:21:08,@user4841,Industrial District,Brush fire spreading fast near Industrial District due to the high winds. @FireDept
2026-08-08 10:21:57,@user9655,North Hills,Smell smoke coming from the apartment complex on North Hills. Fire alarms are going off!
2026-08-08 10:22:36,@user8026,Central Park,Roof collapsed at the construction site in Central Park. Multiple workers trapped and injured.
2026-08-08 10:23:25,@user5141,Southside,Building collapse in Southside due to the fire. Paramedics and Firefighters needed immediately.
2026-08-08 10:24:01,@user9688,Downtown,"Someone collapsed on the sidewalk in Downtown, they aren't breathing! Need a medic ASAP."
2026-08-08 10:24:33,@user3679,Southside,"Someone collapsed on the sidewalk in Southside, they aren't breathing! Need a medic ASAP."
2026-08-08 10:24:36,@user3602,Main Street,"Explosion heard near Main Street, now there's a massive fire! People are running."
2026-08-08 10:24:37,@user1719,Route 66,Pedestrian struck by a speeding car in Route 66. Needs immediate medical attention!
2026-08-08 10:24:42,@user2720,Industrial District,Huge flames seen at the Industrial District warehouse! Looks like a 3-alarm fire. #fire #emergency
2026-08-08 10:24:57,@user9227,Westside,Just got the best coffee in Westside. What a beautiful day!
2026-08-08 10:25:43,@user3323,Industrial District,Anyone know why the power is out in Industrial District?
2026-08-08 10:25:47,@user1906,Westside,Cyclist hit by a truck at the intersection of Westside. Looks really bad. @Medical
2026-08-08 10:25:56,@user5578,Route 66,"Heart attack suspected at the gym in Route 66. CPR in progress, where is the ambulance?!"
2026-08-08 10:26:21,@user8811,Old Town,Huge flames seen at the Old Town warehouse! Looks like a 3-alarm fire. #fire #emergency
2026-08-08 10:26:43,@user8777,Central Park,"Heart attack suspected at the gym in Central Park. CPR in progress, where is the ambulance?!"
2026-08-08 10:27:09,@user6161,Main Street,Pedestrian struck by a speeding car in Main Street. Needs immediate medical attention!
2026-08-08 10:28:01,@user9744,Industrial District,Building collapse in Industrial District due to the fire. Paramedics and Firefighters needed immediately.
2026-08-08 10:28:43,@user7452,Central Park,Is something burning in Central Park? Thick black smoke in the sky.
2026-08-08 10:29:11,@user9067,Central Park,Pedestrian struck by a speeding car in Central Park. Needs immediate medical attention!
2026-08-08 10:29:31,@user1443,Suburbs,Major explosion at Suburbs factory! Massive fire and many people injured. We need fire and medical now!
2026-08-08 10:30:06,@user4560,Old Town,Traffic is terrible around Old Town today. Ugh.
2026-08-08 10:30:54,@user7764,Westside,"Heart attack suspected at the gym in Westside. CPR in progress, where is the ambulance?!"
2026-08-08 10:31:25,@user3256,Downtown,Pedestrian struck by a speeding car in Downtown. Needs immediate medical attention!
2026-08-08 10:31:52,@user8471,Old Town,Just got the best coffee in Old Town. What a beautiful day!
2026-08-08 10:32:41,@user9709,Downtown,Traffic is terrible around Downtown today. Ugh.
2026-08-08 10:33:24,@user4975,Downtown,"Lost dog found near Downtown, please share!"
2026-08-08 10:33:54,@user2627,Route 66,Just got the best coffee in Route 66. What a beautiful day!
2026-08-08 10:34:02,@user1887,Downtown,"Car on fire on Downtown, traffic is completely stopped. Send firetrucks!"
2026-08-08 10:34:12,@user5824,Route 66,Small electrical fire started at the bakery in Route 66. Needs putting out.
2026-08-08 10:34:22,@user4189,Westside,"Someone collapsed on the sidewalk in Westside, they aren't breathing! Need a medic ASAP."
2026-08-08 10:34:35,@user9393,Industrial District,Brush fire spreading fast near Industrial District due to the high winds. @FireDept
2026-08-08 10:35:26,@user2060,Downtown,Anyone know why the power is out in Downtown?
2026-08-08 10:35:34,@user4972,Southside,"Explosion heard near Southside, now there's a massive fire! People are running."
2026-08-08 10:35:57,@user8528,Main Street,"Someone collapsed on the sidewalk in Main Street, they aren't breathing! Need a medic ASAP."
2026-08-08 10:36:03,@user8214,Southside,Brush fire spreading fast near Southside due to the high winds. @FireDept
2026-08-08 10:36:51,@user8203,Industrial District,"Car on fire on Industrial District, traffic is completely stopped. Send firetrucks!"
2026-08-08 10:37:27,@user9322,Westside,"Car on fire on Westside, traffic is completely stopped. Send firetrucks!"
2026-08-08 10:38:09,@user3100,Southside,"Car on fire on Southside, traffic is completely stopped. Send firetrucks!"
2026-08-08 10:38:16,@user4980,Old Town,Major explosion at Old Town factory! Massive fire and many people injured. We need fire and medical now!
2026-08-08 10:38:28,@user1726,Industrial District,Roof collapsed at the construction site in Industrial District. Multiple workers trapped and injured.
2026-08-08 10:38:44,@user1484,Central Park,Just got the best coffee in Central Park. What a beautiful day!
2026-08-08 10:39:19,@user4216,Central Park,Building collapse in Central Park due to the fire. Paramedics and Firefighters needed immediately.
2026-08-08 10:39:27,@user8038,Westside,"Explosion heard near Westside, now there's a massive fire! People are running."
2026-08-08 10:39:51,@user4150,Main Street,"Lost dog found near Main Street, please share!"
2026-08-08 10:40:22,@user4511,Westside,"Explosion heard near Westside, now there's a massive fire! People are running."
2026-08-08 10:41:15,@user4959,Central Park,Terrible multi-car crash at Central Park. At least 3 people look badly injured. Send ambulances! #accident
2026-08-08 10:41:50,@user1686,North Hills,Roof collapsed at the construction site in North Hills. Multiple workers trapped and injured.
2026-08-08 10:42:25,@user1309,North Hills,Cyclist hit by a truck at the intersection of North Hills. Looks really bad. @Medical
2026-08-08 10:43:13,@user2847,Route 66,"Explosion heard near Route 66, now there's a massive fire! People are running."
2026-08-08 10:43:54,@user2083,North Hills,"Car on fire on North Hills, traffic is completely stopped. Send firetrucks!"
2026-08-08 10:44:42,@user6475,Southside,Smell smoke coming from the apartment complex on Southside. Fire alarms are going off!
2026-08-08 10:45:35,@user8900,Industrial District,Pedestrian struck by a speeding car in Industrial District. Needs immediate medical attention!
2026-08-08 10:45:55,@user7196,Central Park,Pedestrian struck by a speeding car in Central Park. Needs immediate medical attention!
2026-08-08 10:46:52,@user6435,Main Street,Massive food poisoning outbreak at the festival in Main Street. Dozens of people need hospitalization.
2026-08-08 10:47:35,@user1193,Westside,"Explosion heard near Westside, now there's a massive fire! People are running."
2026-08-08 10:48:12,@user3251,Suburbs,Is something burning in Suburbs? Thick black smoke in the sky.
2026-08-08 10:48:40,@user1175,Central Park,Brush fire spreading fast near Central Park due to the high winds. @FireDept
2026-08-08 10:48:59,@user9592,Central Park,Traffic is terrible around Central Park today. Ugh.
2026-08-08 10:49:36,@user9327,Route 66,Building collapse in Route 66 due to the fire. Paramedics and Firefighters needed immediately.
2026-08-08 10:50:09,@user1419,North Hills,Pedestrian struck by a speeding car in North Hills. Needs immediate medical attention!
2026-08-08 10:50:43,@user9886,Central Park,"Explosion heard near Central Park, now there's a massive fire! People are running."
2026-08-08 10:50:51,@user2668,North Hills,"Explosion heard near North Hills, now there's a massive fire! People are running."
2026-08-08 10:51:36,@user7720,North Hills,"Lost dog found near North Hills, please share!"
2026-08-08 10:52:31,@user6856,Route 66,Cyclist hit by a truck at the intersection of Route 66. Looks really bad. @Medical
2026-08-08 10:53:21,@user9496,North Hills,"Car on fire on North Hills, traffic is completely stopped. Send firetrucks!"
2026-08-08 10:53:43,@user2426,Downtown,Small electrical fire started at the bakery in Downtown. Needs putting out.
2026-08-08 10:54:26,@user9115,Suburbs,Terrible multi-car crash at Suburbs. At least 3 people look badly injured. Send ambulances! #accident
2026-08-08 10:54:52,@user1765,Main Street,Building collapse in Main Street due to the fire. Paramedics and Firefighters needed immediately.
2026-08-08 10:55:44,@user9626,Old Town,Major explosion at Old Town factory! Massive fire and many people injured. We need fire and medical now!
2026-08-08 10:56:27,@user2516,Main Street,Cyclist hit by a truck at the intersection of Main Street. Looks really bad. @Medical
2026-08-08 10:56:45,@user7137,Downtown,"Lost dog found near Downtown, please share!"
2026-08-08 10:57:04,@user1266,North Hills,"Someone collapsed on the sidewalk in North Hills, they aren't breathing! Need a medic ASAP."
2026-08-08 10:57:35,@user3177,Downtown,Huge flames seen at the Downtown warehouse! Looks like a 3-alarm fire. #fire #emergency
2026-08-08 10:58:11,@user9573,Route 66,"Lost dog found near Route 66, please share!"
2026-08-08 10:58:58,@user1165,Route 66,Major explosion at Route 66 factory! Massive fire and many people injured. We need fire and medical now!
2026-08-08 10:59:43,@user1386,North Hills,Huge flames seen at the North Hills warehouse! Looks like a 3-alarm fire. #fire #emergency
2026-08-08 11:00:19,@user8840,Southside,Traffic is terrible around Southside today. Ugh.
2026-08-08 11:01:17,@user2458,Main Street,Smell smoke coming from the apartment complex on Main Street. Fire alarms are going off!
2026-08-08 11:01:54,@user1057,Downtown,Huge flames seen at the Downtown warehouse! Looks like a 3-alarm fire. #fire #emergency
2026-08-08 11:02:44,@user8411,Old Town,Cyclist hit by a truck at the intersection of Old Town. Looks really bad. @Medical
2026-08-08 11:03:34,@user7489,Central Park,Terrible multi-car crash at Central Park. At least 3 people look badly injured. Send ambulances! #accident
2026-08-08 11:04:22,@user1194,Route 66,"Someone collapsed on the sidewalk in Route 66, they aren't breathing! Need a medic ASAP."
2026-08-08 11:05:13,@user3068,Suburbs,Roof collapsed at the construction site in Suburbs. Multiple workers trapped and injured.
2026-08-08 11:05:26,@user7630,Southside,Terrible multi-car crash at Southside. At least 3 people look badly injured. Send ambulances! #accident
2026-08-08 11:05:40,@user7977,Industrial District,Massive food poisoning outbreak at the festival in Industrial District. Dozens of people need hospitalization.
2026-08-08 11:05:46,@user5924,Main Street,Smell smoke coming from the apartment complex on Main Street. Fire alarms are going off!
2026-08-08 11:06:27,@user7122,North Hills,Traffic is terrible around North Hills today. Ugh.
2026-08-08 11:06:33,@user8313,Downtown,"Someone collapsed on the sidewalk in Downtown, they aren't breathing! Need a medic ASAP."
2026-08-08 11:06:50,@user4814,Old Town,Small electrical fire started at the bakery in Old Town. Needs putting out.
2026-08-08 11:07:16,@user6211,North Hills,Major explosion at North Hills factory! Massive fire and many people injured. We need fire and medical now!
2026-08-08 11:08:08,@user2842,Main Street,Just got the best coffee in Main Street. What a beautiful day!
2026-08-08 11:08:20,@user6054,Old Town,Building collapse in Old Town due to the fire. Paramedics and Firefighters needed immediately.
2026-08-08 11:08:55,@user5684,Central Park,Pedestrian struck by a speeding car in Central Park. Needs immediate medical attention!
2026-08-08 11:09:17,@user1400,Main Street,"Lost dog found near Main Street, please share!"
2026-08-08 11:09:43,@user8986,North Hills,"Heart attack suspected at the gym in North Hills. CPR in progress, where is the ambulance?!"
2026-08-08 11:09:50,@user9582,North Hills,Cyclist hit by a truck at the intersection of North Hills. Looks really bad. @Medical
2026-08-08 11:10:25,@user9573,Suburbs,"Lost dog found near Suburbs, please share!"
2026-08-08 11:11:21,@user8705,Industrial District,Small electrical fire started at the bakery in Industrial District. Needs putting out.
2026-08-08 11:11:30,@user4215,Main Street,Is something burning in Main Street? Thick black smoke in the sky.
2026-08-08 11:11:43,@user8867,North Hills,"Heart attack suspected at the gym in North Hills. CPR in progress, where is the ambulance?!"
2026-08-08 11:11:48,@user7998,Westside,Roof collapsed at the construction site in Westside. Multiple workers trapped and injured.
2026-08-08 11:12:36,@user6866,Downtown,"Car on fire on Downtown, traffic is completely stopped. Send firetrucks!"
2026-08-08 11:12:49,@user3096,Route 66,"Lost dog found near Route 66, please share!"
2026-08-08 11:12:55,@user3917,Main Street,"Car on fire on Main Street, traffic is completely stopped. Send firetrucks!"
2026-08-08 11:13:43,@user8517,Industrial District,Brush fire spreading fast near Industrial District due to the high winds. @FireDept
2026-08-08 11:13:54,@user9718,Westside,Roof collapsed at the construction site in Westside. Multiple workers trapped and injured.
2026-08-08 11:14:40,@user7590,Route 66,Smell smoke coming from the apartment complex on Route 66. Fire alarms are going off!
2026-08-08 11:15:15,@user3023,Old Town,Massive food poisoning outbreak at the festival in Old Town. Dozens of people need hospitalization.
2026-08-08 11:16:03,@user9819,Downtown,Just got the best coffee in Downtown. What a beautiful day!
2026-08-08 11:16:12,@user6139,Main Street,Roof collapsed at the construction site in Main Street. Multiple workers trapped and injured.
2026-08-08 11:16:28,@user4557,Westside,Cyclist hit by a truck at the intersection of Westside. Looks really bad. @Medical
2026-08-08 11:16:59,@user6559,Main Street,Is something burning in Main Street? Thick black smoke in the sky.
2026-08-08 11:17:15,@user7982,Downtown,Smell smoke coming from the apartment complex on Downtown. Fire alarms are going off!
2026-08-08 11:17:38,@user2440,Westside,Massive food poisoning outbreak at the festival in Westside. Dozens of people need hospitalization.
2026-08-08 11:17:51,@user6346,Main Street,Smell smoke coming from the apartment complex on Main Street. Fire alarms are going off!
2026-08-08 11:18:37,@user2112,Southside,Just got the best coffee in Southside. What a beautiful day!
2026-08-08 11:18:53,@user2681,Suburbs,Brush fire spreading fast near Suburbs due to the high winds. @FireDept
2026-08-08 11:19:53,@user5765,North Hills,"Explosion heard near North Hills, now there's a massive fire! People are running."
2026-08-08 11:20:48,@user8902,Route 66,Building collapse in Route 66 due to the fire. Paramedics and Firefighters needed immediately.
2026-08-08 11:21:32,@user6719,Southside,Cyclist hit by a truck at the intersection of Southside. Looks really bad. @Medical
2026-08-08 11:22:19,@user8965,Central Park,Cyclist hit by a truck at the intersection of Central Park. Looks really bad. @Medical
2026-08-08 11:22:53,@user7375,Central Park,Smell smoke coming from the apartment complex on Central Park. Fire alarms are going off!
2026-08-08 11:23:01,@user3713,Central Park,Roof collapsed at the construction site in Central Park. Multiple workers trapped and injured.
2026-08-08 11:23:35,@user4529,Southside,"Lost dog found near Southside, please share!"
2026-08-08 11:23:59,@user8135,North Hills,Terrible multi-car crash at North Hills. At least 3 people look badly injured. Send ambulances! #accident
2026-08-08 11:24:43,@user7436,Industrial District,"Someone collapsed on the sidewalk in Industrial District, they aren't breathing! Need a medic ASAP."
2026-08-08 11:25:41,@user3833,Downtown,Cyclist hit by a truck at the intersection of Downtown. Looks really bad. @Medical
2026-08-08 11:25:48,@user1249,Route 66,Pedestrian struck by a speeding car in Route 66. Needs immediate medical attention!
2026-08-08 11:26:22,@user5314,Westside,Massive food poisoning outbreak at the festival in Westside. Dozens of people need hospitalization.
2026-08-08 11:26:31,@user6289,Central Park,Huge flames seen at the Central Park warehouse! Looks like a 3-alarm fire. #fire #emergency
2026-08-08 11:26:56,@user4183,Industrial District,"Someone collapsed on the sidewalk in Industrial District, they aren't breathing! Need a medic ASAP."
2026-08-08 11:27:43,@user1457,Industrial District,Cyclist hit by a truck at the intersection of Industrial District. Looks really bad. @Medical
2026-08-08 11:28:27,@user3087,Suburbs,Roof collapsed at the construction site in Suburbs. Multiple workers trapped and injured.
2026-08-08 11:28:29,@user4503,Westside,"Lost dog found near Westside, please share!"
2026-08-08 11:28:58,@user3062,Westside,Huge flames seen at the Westside warehouse! Looks like a 3-alarm fire. #fire #emergency
2026-08-08 11:29:22,@user4375,Downtown,Anyone know why the power is out in Downtown?
2026-08-08 11:29:26,@user3248,Central Park,Just got the best coffee in Central Park. What a beautiful day!
2026-08-08 11:30:10,@user4987,Route 66,Just got the best coffee in Route 66. What a beautiful day!
2026-08-08 11:30:56,@user7586,Old Town,Anyone know why the power is out in Old Town?
2026-08-08 11:31:11,@user2857,Main Street,Major explosion at Main Street factory! Massive fire and many people injured. We need fire and medical now!
2026-08-08 11:31:28,@user6603,Westside,"Lost dog found near Westside, please share!"
2026-08-08 11:32:15,@user2636,North Hills,Anyone know why the power is out in North Hills?
2026-08-08 11:32:42,@user3875,Old Town,Roof collapsed at the construction site in Old Town. Multiple workers trapped and injured.
2026-08-08 11:33:30,@user1328,North Hills,"Someone collapsed on the sidewalk in North Hills, they aren't breathing! Need a medic ASAP."
2026-08-08 11:34:25,@user4529,Industrial District,Terrible multi-car crash at Industrial District. At least 3 people look badly injured. Send ambulances! #accident
2026-08-08 11:35:22,@user2733,Route 66,Roof collapsed at the construction site in Route 66. Multiple workers trapped and injured.
2026-08-08 11:35:42,@user7196,Central Park,Anyone know why the power is out in Central Park?
2026-08-08 11:36:33,@user3758,Route 66,Roof collapsed at the construction site in Route 66. Multiple workers trapped and injured.
2026-08-08 11:37:22,@user1400,Suburbs,"Someone collapsed on the sidewalk in Suburbs, they aren't breathing! Need a medic ASAP."
2026-08-08 11:37:29,@user3822,Route 66,Brush fire spreading fast near Route 66 due to the high winds. @FireDept
2026-08-08 11:38:03,@user9233,Westside,Just got the best coffee in Westside. What a beautiful day!
2026-08-08 11:38:56,@user4185,Old Town,Massive food poisoning outbreak at the festival in Old Town. Dozens of people need hospitalization.
2026-08-08 11:38:59,@user2485,Route 66,Roof collapsed at the construction site in Route 66. Multiple workers trapped and injured.
2026-08-08 11:39:06,@user1750,Industrial District,"Explosion heard near Industrial District, now there's a massive fire! People are running."
2026-08-08 11:39:54,@user9142,Central Park,Anyone know why the power is out in Central Park?
2026-08-08 11:40:35,@user1464,Old Town,Traffic is terrible around Old Town today. Ugh.
2026-08-08 11:41:33,@user2369,Main Street,Just got the best coffee in Main Street. What a beautiful day!
2026-08-08 11:42:09,@user5717,Main Street,Massive food poisoning outbreak at the festival in Main Street. Dozens of people need hospitalization.
2026-08-08 11:42:38,@user9319,Route 66,Huge flames seen at the Route 66 warehouse! Looks like a 3-alarm fire. #fire #emergency
2026-08-08 11:42:43,@user7594,Downtown,"Heart attack suspected at the gym in Downtown. CPR in progress, where is the ambulance?!"
2026-08-08 11:42:52,@user1627,Main Street,Cyclist hit by a truck at the intersection of Main Street. Looks really bad. @Medical
2026-08-08 11:43:47,@user4673,Route 66,Is something burning in Route 66? Thick black smoke in the sky.
2026-08-08 11:43:59,@user1651,Route 66,Traffic is terrible around Route 66 today. Ugh.
2026-08-08 11:44:02,@user7766,Southside,Huge flames seen at the Southside warehouse! Looks like a 3-alarm fire. #fire #emergency
2026-08-08 11:44:38,@user4513,Industrial District,"Lost dog found near Industrial District, please share!"
2026-08-08 11:45:17,@user4952,Old Town,Roof collapsed at the construction site in Old Town. Multiple workers trapped and injured.
2026-08-08 11:46:09,@user8998,Downtown,"Explosion heard near Downtown, now there's a massive fire! People are running."
2026-08-08 11:46:19,@user5541,Suburbs,Smell smoke coming from the apartment complex on Suburbs. Fire alarms are going off!
2026-08-08 11:46:22,@user6977,Downtown,Anyone know why the power is out in Downtown?
2026-08-08 11:46:56,@user5062,Old Town,Smell smoke coming from the apartment complex on Old Town. Fire alarms are going off!
2026-08-08 11:47:28,@user7163,North Hills,"Explosion heard near North Hills, now there's a massive fire! People are running."
2026-08-08 11:48:25,@user1578,Route 66,Just got the best coffee in Route 66. What a beautiful day!
2026-08-08 11:48:43,@user2584,Southside,Smell smoke coming from the apartment complex on Southside. Fire alarms are going off!
2026-08-08 11:49:32,@user4105,Westside,"Someone collapsed on the sidewalk in Westside, they aren't breathing! Need a medic ASAP."
2026-08-08 11:49:36,@user4702,Downtown,Major explosion at Downtown factory! Massive fire and many people injured. We need fire and medical now!
2026-08-08 11:49:48,@user7873,Industrial District,Small electrical fire started at the bakery in Industrial District. Needs putting out.
2026-08-08 11:50:18,@user7841,Southside,Terrible multi-car crash at Southside. At least 3 people look badly injured. Send ambulances! #accident
2026-08-08 11:50:46,@user5935,Southside,"Lost dog found near Southside, please share!"
2026-08-08 11:51:21,@user5837,Central Park,Smell smoke coming from the apartment complex on Central Park. Fire alarms are going off!
2026-08-08 11:52:02,@user8132,North Hills,Huge flames seen at the North Hills warehouse! Looks like a 3-alarm fire. #fire #emergency
2026-08-08 11:52:59,@user5210,Suburbs,"Explosion heard near Suburbs, now there's a massive fire! People are running."
2026-08-08 11:53:17,@user5612,Old Town,Building collapse in Old Town due to the fire. Paramedics and Firefighters needed immediately.
2026-08-08 11:53:57,@user1422,Downtown,Is something burning in Downtown? Thick black smoke in the sky.
2026-08-08 11:54:43,@user5723,Southside,"Lost dog found near Southside, please share!"
2026-08-08 11:55:19,@user2493,Downtown,"Lost dog found near Downtown, please share!"
2026-08-08 11:55:48,@user8693,North Hills,Small electrical fire started at the bakery in North Hills. Needs putting out.
2026-08-08 11:55:52,@user5321,Suburbs,Building collapse in Suburbs due to the fire. Paramedics and Firefighters needed immediately.
2026-08-08 11:56:37,@user2276,Suburbs,Building collapse in Suburbs due to the fire. Paramedics and Firefighters needed immediately.
2026-08-08 11:56:50,@user5256,Route 66,Traffic is terrible around Route 66 today. Ugh.
2026-08-08 11:57:36,@user9256,Downtown,Brush fire spreading fast near Downtown due to the high winds. @FireDept
2026-08-08 11:57:44,@user2316,Route 66,"Heart attack suspected at the gym in Route 66. CPR in progress, where is the ambulance?!"
2026-08-08 11:58:14,@user5304,Old Town,Pedestrian struck by a speeding car in Old Town. Needs immediate medical attention!
2026-08-08 11:58:49,@user4808,Southside,"Someone collapsed on the sidewalk in Southside, they aren't breathing! Need a medic ASAP."
2026-08-08 11:59:21,@user4122,Industrial District,Huge flames seen at the Industrial District warehouse! Looks like a 3-alarm fire. #fire #emergency
2026-08-08 11:59:40,@user9698,Central Park,Cyclist hit by a truck at the intersection of Central Park. Looks really bad. @Medical
2026-08-08 12:00:26,@user2743,Old Town,Huge flames seen at the Old Town warehouse! Looks like a 3-alarm fire. #fire #emergency
2026-08-08 12:01:04,@user5307,Main Street,"Someone collapsed on the sidewalk in Main Street, they aren't breathing! Need a medic ASAP."
2026-08-08 12:01:58,@user2896,Main Street,Just got the best coffee in Main Street. What a beautiful day!
2026-08-08 12:02:34,@user4529,Central Park,Anyone know why the power is out in Central Park?
2026-08-08 12:03:07,@user3534,Main Street,Pedestrian struck by a speeding car in Main Street. Needs immediate medical attention!
2026-08-08 12:03:37,@user6701,Southside,Just got the best coffee in Southside. What a beautiful day!
2026-08-08 12:04:19,@user4716,Downtown,"Someone collapsed on the sidewalk in Downtown, they aren't breathing! Need a medic ASAP."
2026-08-08 12:04:32,@user4079,Central Park,Building collapse in Central Park due to the fire. Paramedics and Firefighters needed immediately.
2026-08-08 12:04:39,@user4953,Main Street,"Someone collapsed on the sidewalk in Main Street, they aren't breathing! Need a medic ASAP."
2026-08-08 12:04:59,@user6165,Route 66,"Lost dog found near Route 66, please share!"
2026-08-08 12:05:26,@user1683,Central Park,Pedestrian struck by a speeding car in Central Park. Needs immediate medical attention!
2026-08-08 12:06:06,@user2838,North Hills,Brush fire spreading fast near North Hills due to the high winds. @FireDept
2026-08-08 12:06:09,@user7343,Central Park,Terrible multi-car crash at Central Park. At least 3 people look badly injured. Send ambulances! #accident
2026-08-08 12:06:12,@user6227,Route 66,Anyone know why the power is out in Route 66?
2026-08-08 12:06:55,@user5064,Downtown,Pedestrian struck by a speeding car in Downtown. Needs immediate medical attention!
2026-08-08 12:07:05,@user6042,Old Town,Traffic is terrible around Old Town today. Ugh.
2026-08-08 12:07:54,@user2666,Main Street,"Someone collapsed on the sidewalk in Main Street, they aren't breathing! Need a medic ASAP."
2026-08-08 12:08:50,@user2786,Westside,Massive food poisoning outbreak at the festival in Westside. Dozens of people need hospitalization.
2026-08-08 12:09:14,@user5921,Downtown,Cyclist hit by a truck at the intersection of Downtown. Looks really bad. @Medical
2026-08-08 12:10:11,@user1396,North Hills,Is something burning in North Hills? Thick black smoke in the sky.
2026-08-08 12:11:07,@user1619,Westside,Just got the best coffee in Westside. What a beautiful day!
2026-08-08 12:11:51,@user7389,Old Town,Terrible multi-car crash at Old Town. At least 3 people look badly injured. Send ambulances! #accident
2026-08-08 12:12:43,@user7310,Old Town,Traffic is terrible around Old Town today. Ugh.
2026-08-08 12:13:26,@user8025,Route 66,"Lost dog found near Route 66, please share!"
2026-08-08 12:14:17,@user4853,Industrial District,Brush fire spreading fast near Industrial District due to the high winds. @FireDept
2026-08-08 12:15:05,@user2885,Downtown,Terrible multi-car crash at Downtown. At least 3 people look badly injured. Send ambulances! #accident
2026-08-08 12:15:44,@user3283,Southside,"Heart attack suspected at the gym in Southside. CPR in progress, where is the ambulance?!"
2026-08-08 12:16:44,@user5655,Industrial District,Roof collapsed at the construction site in Industrial District. Multiple workers trapped and injured.
2026-08-08 12:17:36,@user7233,Main Street,Building collapse in Main Street due to the fire. Paramedics and Firefighters needed immediately.
2026-08-08 12:18:26,@user4255,Central Park,Smell smoke coming from the apartment complex on Central Park. Fire alarms are going off!
2026-08-08 12:19:26,@user8260,Downtown,Building collapse in Downtown due to the fire. Paramedics and Firefighters needed immediately.
2026-08-08 12:20:02,@user9392,Old Town,"Heart attack suspected at the gym in Old Town. CPR in progress, where is the ambulance?!"
2026-08-08 12:20:34,@user4012,Industrial District,Pedestrian struck by a speeding car in Industrial District. Needs immediate medical attention!
2026-08-08 12:20:53,@user1588,Suburbs,Brush fire spreading fast near Suburbs due to the high winds. @FireDept
2026-08-08 12:21:01,@user4030,Main Street,Is something burning in Main Street? Thick black smoke in the sky.
2026-08-08 12:21:44,@user8030,Southside,Is something burning in Southside? Thick black smoke in the sky.
2026-08-08 12:21:49,@user4956,Industrial District,Pedestrian struck by a speeding car in Industrial District. Needs immediate medical attention!
2026-08-08 12:21:56,@user2685,Suburbs,"Heart attack suspected at the gym in Suburbs. CPR in progress, where is the ambulance?!"
2026-08-08 12:22:05,@user6281,Main Street,"Heart attack suspected at the gym in Main Street. CPR in progress, where is the ambulance?!"
2026-08-08 12:22:13,@user8748,Central Park,Major explosion at Central Park factory! Massive fire and many people injured. We need fire and medical now!
2026-08-08 12:22:22,@user8278,Suburbs,"Lost dog found near Suburbs, please share!"
2026-08-08 12:22:29,@user1277,Old Town,Building collapse in Old Town due to the fire. Paramedics and Firefighters needed immediately.
2026-08-08 12:22:30,@user7181,Industrial District,"Heart attack suspected at the gym in Industrial District. CPR in progress, where is the ambulance?!"
2026-08-08 12:22:40,@user4219,Industrial District,Building collapse in Industrial District due to the fire. Paramedics and Firefighters needed immediately.
2026-08-08 12:23:39,@user2547,Downtown,Just got the best coffee in Downtown. What a beautiful day!
2026-08-08 12:24:11,@user2042,Downtown,Just got the best coffee in Downtown. What a beautiful day!
2026-08-08 12:24:16,@user9378,Southside,Roof collapsed at the construction site in Southside. Multiple workers trapped and injured.
2026-08-08 12:24:20,@user9804,North Hills,"Car on fire on North Hills, traffic is completely stopped. Send firetrucks!"
2026-08-08 12:24:49,@user8849,Suburbs,"Explosion heard near Suburbs, now there's a massive fire! People are running."
2026-08-08 12:25:21,@user6526,Old Town,"Explosion heard near Old Town, now there's a massive fire! People are running."
2026-08-08 12:25:51,@user4855,Suburbs,Small electrical fire started at the bakery in Suburbs. Needs putting out.
2026-08-08 12:25:55,@user3506,Southside,Massive food poisoning outbreak at the festival in Southside. Dozens of people need hospitalization.
2026-08-08 12:26:35,@user5893,Old Town,Pedestrian struck by a speeding car in Old Town. Needs immediate medical attention!
2026-08-08 12:26:49,@user6011,Southside,Just got the best coffee in Southside. What a beautiful day!
2026-08-08 12:27:41,@user7918,Southside,"Someone collapsed on the sidewalk in Southside, they aren't breathing! Need a medic ASAP."
2026-08-08 12:28:11,@user7980,Route 66,Small electrical fire started at the bakery in Route 66. Needs putting out.
2026-08-08 12:29:03,@user5269,Suburbs,Brush fire spreading fast near Suburbs due to the high winds. @FireDept
2026-08-08 12:29:58,@user3086,Central Park,Cyclist hit by a truck at the intersection of Central Park. Looks really bad. @Medical
2026-08-08 12:30:41,@user3340,Industrial District,Cyclist hit by a truck at the intersection of Industrial District. Looks really bad. @Medical
2026-08-08 12:31:33,@user1285,Downtown,"Car on fire on Downtown, traffic is completely stopped. Send firetrucks!"
2026-08-08 12:32:03,@user5105,North Hills,"Someone collapsed on the sidewalk in North Hills, they aren't breathing! Need a medic ASAP."
2026-08-08 12:32:30,@user9204,Westside,Small electrical fire started at the bakery in Westside. Needs putting out.
2026-08-08 12:32:43,@user4930,Westside,Brush fire spreading fast near Westside due to the high winds. @FireDept
2026-08-08 12:33:07,@user2334,Downtown,"Lost dog found near Downtown, please share!"
2026-08-08 12:34:00,@user5806,North Hills,Massive food poisoning outbreak at the festival in North Hills. Dozens of people need hospitalization.
2026-08-08 12:34:37,@user4491,Downtown,"Explosion heard near Downtown, now there's a massive fire! People are running."
2026-08-08 12:35:01,@user1102,Suburbs,Major explosion at Suburbs factory! Massive fire and many people injured. We need fire and medical now!
2026-08-08 12:35:08,@user6210,North Hills,Pedestrian struck by a speeding car in North Hills. Needs immediate medical attention!
2026-08-08 12:35:24,@user7616,Main Street,"Someone collapsed on the sidewalk in Main Street, they aren't breathing! Need a medic ASAP."
2026-08-08 12:35:26,@user3548,Central Park,Building collapse in Central Park due to the fire. Paramedics and Firefighters needed immediately.
2026-08-08 12:35:43,@user1254,North Hills,Traffic is terrible around North Hills today. Ugh.
2026-08-08 12:36:36,@user9194,Main Street,"Lost dog found near Main Street, please share!"
2026-08-08 12:37:10,@user6543,Old Town,Small electrical fire started at the bakery in Old Town. Needs putting out.
2026-08-08 12:38:03,@user1421,Westside,Huge flames seen at the Westside warehouse! Looks like a 3-alarm fire. #fire #emergency
2026-08-08 12:39:01,@user6108,Route 66,Major explosion at Route 66 factory! Massive fire and many people injured. We need fire and medical now!
2026-08-08 12:39:02,@user3374,Route 66,Huge flames seen at the Route 66 warehouse! Looks like a 3-alarm fire. #fire #emergency
2026-08-08 12:39:46,@user5819,Main Street,Massive food poisoning outbreak at the festival in Main Street. Dozens of people need hospitalization.
2026-08-08 12:40:30,@user8306,North Hills,Cyclist hit by a truck at the intersection of North Hills. Looks really bad. @Medical
2026-08-08 12:41:00,@user3586,Westside,"Someone collapsed on the sidewalk in Westside, they aren't breathing! Need a medic ASAP."
2026-08-08 12:41:48,@user3609,Central Park,Small electrical fire started at the bakery in Central Park. Needs putting out.
2026-08-08 12:41:55,@user2337,Westside,"Someone collapsed on the sidewalk in Westside, they aren't breathing! Need a medic ASAP."
2026-08-08 12:42:55,@user9999,Suburbs,"Lost dog found near Suburbs, please share!"
2026-08-08 12:43:34,@user6807,Old Town,Massive food poisoning outbreak at the festival in Old Town. Dozens of people need hospitalization.
2026-08-08 12:44:25,@user5954,North Hills,Terrible multi-car crash at North Hills. At least 3 people look badly injured. Send ambulances! #accident
2026-08-08 12:44:35,@user4343,Old Town,Traffic is terrible around Old Town today. Ugh.
2026-08-08 12:44:36,@user7745,Route 66,Traffic is terrible around Route 66 today. Ugh.
2026-08-08 12:45:12,@user9973,Route 66,Traffic is terrible around Route 66 today. Ugh.
2026-08-08 12:45:50,@user8292,Downtown,"Heart attack suspected at the gym in Downtown. CPR in progress, where is the ambulance?!"
2026-08-08 12:46:35,@user5478,Main Street,Is something burning in Main Street? Thick black smoke in the sky.
2026-08-08 12:46:36,@user6684,Route 66,Brush fire spreading fast near Route 66 due to the high winds. @FireDept
2026-08-08 12:47:14,@user1396,Southside,Massive food poisoning outbreak at the festival in Southside. Dozens of people need hospitalization.
2026-08-08 12:47:37,@user7631,Industrial District,"Heart attack suspected at the gym in Industrial District. CPR in progress, where is the ambulance?!"
2026-08-08 12:47:40,@user7514,Downtown,Major explosion at Downtown factory! Massive fire and many people injured. We need fire and medical now!
2026-08-08 12:48:23,@user6209,Main Street,"Car on fire on Main Street, traffic is completely stopped. Send firetrucks!"
2026-08-08 12:49:04,@user1038,Main Street,"Explosion heard near Main Street, now there's a massive fire! People are running."
2026-08-08 12:49:29,@user3794,Industrial District,"Lost dog found near Industrial District, please share!"
2026-08-08 12:49:49,@user6248,Suburbs,Terrible multi-car crash at Suburbs. At least 3 people look badly injured. Send ambulances! #accident
2026-08-08 12:50:39,@user9270,Central Park,Terrible multi-car crash at Central Park. At least 3 people look badly injured. Send ambulances! #accident
2026-08-08 12:51:14,@user6010,Central Park,Brush fire spreading fast near Central Park due to the high winds. @FireDept
2026-08-08 12:51:52,@user3674,Route 66,Major explosion at Route 66 factory! Massive fire and many people injured. We need fire and medical now!
2026-08-08 12:52:46,@user3099,Old Town,Terrible multi-car crash at Old Town. At least 3 people look badly injured. Send ambulances! #accident
2026-08-08 12:52:58,@user2946,North Hills,Traffic is terrible around North Hills today. Ugh.
2026-08-08 12:53:19,@user3529,Industrial District,Major explosion at Industrial District factory! Massive fire and many people injured. We need fire and medical now!
2026-08-08 12:54:12,@user9848,Central Park,Brush fire spreading fast near Central Park due to the high winds. @FireDept
2026-08-08 12:54:52,@user1905,Westside,"Someone collapsed on the sidewalk in Westside, they aren't breathing! Need a medic ASAP."
2026-08-08 12:54:54,@user9686,Westside,Roof collapsed at the construction site in Westside. Multiple workers trapped and injured.
2026-08-08 12:55:13,@user1568,North Hills,Smell smoke coming from the apartment complex on North Hills. Fire alarms are going off!
2026-08-08 12:56:00,@user5850,Downtown,Smell smoke coming from the apartment complex on Downtown. Fire alarms are going off!
2026-08-08 12:56:59,@user6105,Industrial District,Brush fire spreading fast near Industrial District due to the high winds. @FireDept
2026-08-08 12:57:16,@user7526,Old Town,Pedestrian struck by a speeding car in Old Town. Needs immediate medical attention!
2026-08-08 12:57:39,@user2793,Main Street,Building collapse in Main Street due to the fire. Paramedics and Firefighters needed immediately.
2026-08-08 12:58:09,@user9847,Central Park,Small electrical fire started at the bakery in Central Park. Needs putting out.
2026-08-08 12:58:17,@user6386,North Hills,Is something burning in North Hills? Thick black smoke in the sky.
2026-08-08 12:58:30,@user8965,Westside,Terrible multi-car crash at Westside. At least 3 people look badly injured. Send ambulances! #accident
2026-08-08 12:58:45,@user3255,Downtown,Small electrical fire started at the bakery in Downtown. Needs putting out.
2026-08-08 12:59:29,@user4219,Downtown,Terrible multi-car crash at Downtown. At least 3 people look badly injured. Send ambulances! #accident
2026-08-08 12:59:57,@user2634,Industrial District,Smell smoke coming from the apartment complex on Industrial District. Fire alarms are going off!
2026-08-08 13:00:17,@user6492,Southside,Pedestrian struck by a speeding car in Southside. Needs immediate medical attention!
2026-08-08 13:01:14,@user1996,North Hills,Huge flames seen at the North Hills warehouse! Looks like a 3-alarm fire. #fire #emergency
2026-08-08 13:01:44,@user5684,Main Street,Major explosion at Main Street factory! Massive fire and many people injured. We need fire and medical now!
2026-08-08 13:02:27,@user1900,Route 66,"Heart attack suspected at the gym in Route 66. CPR in progress, where is the ambulance?!"
2026-08-08 13:03:10,@user9582,Westside,Terrible multi-car crash at Westside. At least 3 people look badly injured. Send ambulances! #accident
2026-08-08 13:03:29,@user1700,Industrial District,"Lost dog found near Industrial District, please share!"
2026-08-08 13:03:52,@user3578,Southside,Pedestrian struck by a speeding car in Southside. Needs immediate medical attention!
2026-08-08 13:04:28,@user1360,Route 66,"Car on fire on Route 66, traffic is completely stopped. Send firetrucks!"
2026-08-08 13:05:07,@user6915,Route 66,Building collapse in Route 66 due to the fire. Paramedics and Firefighters needed immediately.
2026-08-08 13:06:05,@user2590,Main Street,Small electrical fire started at the bakery in Main Street. Needs putting out.
2026-08-08 13:06:53,@user4590,Suburbs,Anyone know why the power is out in Suburbs?
2026-08-08 13:06:54,@user7462,Main Street,Huge flames seen at the Main Street warehouse! Looks like a 3-alarm fire. #fire #emergency
2026-08-08 13:07:06,@user9466,Southside,Small electrical fire started at the bakery in Southside. Needs putting out.
2026-08-08 13:07:13,@user1249,Industrial District,Roof collapsed at the construction site in Industrial District. Multiple workers trapped and injured.
2026-08-08 13:08:13,@user9912,Downtown,Terrible multi-car crash at Downtown. At least 3 people look badly injured. Send ambulances! #accident
2026-08-08 13:09:12,@user8034,Route 66,Huge flames seen at the Route 66 warehouse! Looks like a 3-alarm fire. #fire #emergency
2026-08-08 13:09:45,@user1763,Old Town,"Heart attack suspected at the gym in Old Town. CPR in progress, where is the ambulance?!"
2026-08-08 13:09:56,@user3169,Suburbs,Traffic is terrible around Suburbs today. Ugh.
2026-08-08 13:10:55,@user2608,Old Town,Building collapse in Old Town due to the fire. Paramedics and Firefighters needed immediately.
2026-08-08 13:11:40,@user6738,North Hills,Cyclist hit by a truck at the intersection of North Hills. Looks really bad. @Medical
2026-08-08 13:12:32,@user6718,North Hills,Roof collapsed at the construction site in North Hills. Multiple workers trapped and injured.
2026-08-08 13:12:41,@user6596,North Hills,"Explosion heard near North Hills, now there's a massive fire! People are running."
2026-08-08 13:12:58,@user7091,Downtown,Traffic is terrible around Downtown today. Ugh.
2026-08-08 13:13:47,@user6720,Main Street,Small electrical fire started at the bakery in Main Street. Needs putting out.
2026-08-08 13:13:56,@user9305,Suburbs,Massive food poisoning outbreak at the festival in Suburbs. Dozens of people need hospitalization.
2026-08-08 13:14:05,@user1137,Main Street,"Lost dog found near Main Street, please share!"
2026-08-08 13:14:58,@user3548,Southside,"Explosion heard near Southside, now there's a massive fire! People are running."
2026-08-08 13:15:51,@user4479,North Hills,Cyclist hit by a truck at the intersection of North Hills. Looks really bad. @Medical
2026-08-08 13:16:43,@user8563,Central Park,"Lost dog found near Central Park, please share!"
2026-08-08 13:17:01,@user3534,Main Street,Terrible multi-car crash at Main Street. At least 3 people look badly injured. Send ambulances! #accident
2026-08-08 13:17:59,@user2824,North Hills,"Heart attack suspected at the gym in North Hills. CPR in progress, where is the ambulance?!"
2026-08-08 13:18:03,@user6912,Southside,Building collapse in Southside due to the fire. Paramedics and Firefighters needed immediately.
2026-08-08 13:19:00,@user4541,North Hills,"Heart attack suspected at the gym in North Hills. CPR in progress, where is the ambulance?!"
2026-08-08 13:19:46,@user5294,Westside,Just got the best coffee in Westside. What a beautiful day!
2026-08-08 13:19:48,@user9401,Westside,Smell smoke coming from the apartment complex on Westside. Fire alarms are going off!
2026-08-08 13:20:29,@user2331,Westside,"Heart attack suspected at the gym in Westside. CPR in progress, where is the ambulance?!"
2026-08-08 13:20:32,@user9145,Old Town,Terrible multi-car crash at Old Town. At least 3 people look badly injured. Send ambulances! #accident
2026-08-08 13:21:02,@user5746,Downtown,"Car on fire on Downtown, traffic is completely stopped. Send firetrucks!"
2026-08-08 13:21:42,@user3241,Route 66,Just got the best coffee in Route 66. What a beautiful day!
2026-08-08 13:22:07,@user9630,Main Street,Terrible multi-car crash at Main Street. At least 3 people look badly injured. Send ambulances! #accident
2026-08-08 13:22:21,@user2841,Main Street,Smell smoke coming from the apartment complex on Main Street. Fire alarms are going off!
2026-08-08 13:23:21,@user3330,Downtown,Major explosion at Downtown factory! Massive fire and many people injured. We need fire and medical now!
2026-08-08 13:23:33,@user5872,Route 66,Is something burning in Route 66? Thick black smoke in the sky.
2026-08-08 13:24:15,@user1927,Downtown,Anyone know why the power is out in Downtown?
2026-08-08 13:24:56,@user8760,Old Town,"Someone collapsed on the sidewalk in Old Town, they aren't breathing! Need a medic ASAP."
2026-08-08 13:25:09,@user6656,Central Park,Building collapse in Central Park due to the fire. Paramedics and Firefighters needed immediately.
2026-08-08 13:26:03,@user4029,Route 66,Cyclist hit by a truck at the intersection of Route 66. Looks really bad. @Medical
2026-08-08 13:26:24,@user6396,Downtown,Roof collapsed at the construction site in Downtown. Multiple workers trapped and injured.
2026-08-08 13:27:18,@user6048,Old Town,"Car on fire on Old Town, traffic is completely stopped. Send firetrucks!"
2026-08-08 13:28:03,@user9682,Main Street,Terrible multi-car crash at Main Street. At least 3 people look badly injured. Send ambulances! #accident
2026-08-08 13:28:23,@user5734,Westside,Is something burning in Westside? Thick black smoke in the sky.
2026-08-08 13:28:44,@user6847,North Hills,Massive food poisoning outbreak at the festival in North Hills. Dozens of people need hospitalization.
2026-08-08 13:29:13,@user2281,Route 66,Massive food poisoning outbreak at the festival in Route 66. Dozens of people need hospitalization.
2026-08-08 13:29:55,@user9324,Westside,Terrible multi-car crash at Westside. At least 3 people look badly injured. Send ambulances! #accident
2026-08-08 13:30:22,@user4383,Old Town,"Explosion heard near Old Town, now there's a massive fire! People are running."
2026-08-08 13:30:59,@user1541,Central Park,Just got the best coffee in Central Park. What a beautiful day!
2026-08-08 13:31:05,@user1020,Route 66,Small electrical fire started at the bakery in Route 66. Needs putting out.
2026-08-08 13:32:05,@user7809,Industrial District,Massive food poisoning outbreak at the festival in Industrial District. Dozens of people need hospitalization.
2026-08-08 13:32:12,@user7823,Westside,Pedestrian struck by a speeding car in Westside. Needs immediate medical attention!
2026-08-08 13:32:23,@user6069,Southside,"Someone collapsed on the sidewalk in Southside, they aren't breathing! Need a medic ASAP."
2026-08-08 13:33:22,@user8554,Central Park,Huge flames seen at the Central Park warehouse! Looks like a 3-alarm fire. #fire #emergency
2026-08-08 13:33:43,@user5326,Southside,"Someone collapsed on the sidewalk in Southside, they aren't breathing! Need a medic ASAP."
2026-08-08 13:33:50,@user9359,Suburbs,Massive food poisoning outbreak at the festival in Suburbs. Dozens of people need hospitalization.
2026-08-08 13:34:39,@user3810,Central Park,Brush fire spreading fast near Central Park due to the high winds. @FireDept
2026-08-08 13:34:50,@user4484,Central Park,Just got the best coffee in Central Park. What a beautiful day!
2026-08-08 13:34:52,@user7248,Central Park,"Explosion heard near Central Park, now there's a massive fire! People are running."
2026-08-08 13:35:22,@user4400,Westside,Smell smoke coming from the apartment complex on Westside. Fire alarms are going off!
2026-08-08 13:35:40,@user2491,Main Street,"Explosion heard near Main Street, now there's a massive fire! People are running."
2026-08-08 13:36:40,@user6155,Westside,"Someone collapsed on the sidewalk in Westside, they aren't breathing! Need a medic ASAP."
2026-08-08 13:37:03,@user8037,Southside,Huge flames seen at the Southside warehouse! Looks like a 3-alarm fire. #fire #emergency
2026-08-08 13:37:58,@user3042,Downtown,Roof collapsed at the construction site in Downtown. Multiple workers trapped and injured.
2026-08-08 13:38:47,@user2092,Old Town,Pedestrian struck by a speeding car in Old Town. Needs immediate medical attention!
2026-08-08 13:39:27,@user3489,Suburbs,"Car on fire on Suburbs, traffic is completely stopped. Send firetrucks!"
2026-08-08 13:39:58,@user7359,Southside,"Someone collapsed on the sidewalk in Southside, they aren't breathing! Need a medic ASAP."
2026-08-08 13:40:45,@user1584,Suburbs,Massive food poisoning outbreak at the festival in Suburbs. Dozens of people need hospitalization.
2026-08-08 13:40:48,@user1636,Central Park,Traffic is terrible around Central Park today. Ugh.
2026-08-08 13:41:44,@user3418,Suburbs,Smell smoke coming from the apartment complex on Suburbs. Fire alarms are going off!
2026-08-08 13:42:21,@user5636,North Hills,"Car on fire on North Hills, traffic is completely stopped. Send firetrucks!"
2026-08-08 13:43:19,@user9798,North Hills,Cyclist hit by a truck at the intersection of North Hills. Looks really bad. @Medical
2026-08-08 13:43:36,@user2645,Downtown,Brush fire spreading fast near Downtown due to the high winds. @FireDept
2026-08-08 13:44:36,@user2513,Southside,Brush fire spreading fast near Southside due to the high winds. @FireDept
2026-08-08 13:44:43,@user7068,Industrial District,Building collapse in Industrial District due to the fire. Paramedics and Firefighters needed immediately.
2026-08-08 13:44:46,@user5349,Suburbs,Smell smoke coming from the apartment complex on Suburbs. Fire alarms are going off!
2026-08-08 13:45:43,@user3177,Route 66,Cyclist hit by a truck at the intersection of Route 66. Looks really bad. @Medical
2026-08-08 13:46:21,@user2459,Main Street,Is something burning in Main Street? Thick black smoke in the sky.
2026-08-08 13:47:02,@user9338,Suburbs,Small electrical fire started at the bakery in Suburbs. Needs putting out.
2026-08-08 13:47:06,@user5281,Westside,Building collapse in Westside due to the fire. Paramedics and Firefighters needed immediately.
2026-08-08 13:47:53,@user1545,Industrial District,Traffic is terrible around Industrial District today. Ugh.
2026-08-08 13:48:48,@user7829,Route 66,Terrible multi-car crash at Route 66. At least 3 people look badly injured. Send ambulances! #accident
2026-08-08 13:49:37,@user5761,Old Town,Brush fire spreading fast near Old Town due to the high winds. @FireDept
2026-08-08 13:50:05,@user8880,Route 66,Pedestrian struck by a speeding car in Route 66. Needs immediate medical attention!
2026-08-08 13:50:39,@user8663,Main Street,Small electrical fire started at the bakery in Main Street. Needs putting out.
2026-08-08 13:51:08,@user2064,Route 66,Anyone know why the power is out in Route 66?
2026-08-08 13:52:06,@user2981,Main Street,Is something burning in Main Street? Thick black smoke in the sky.
2026-08-08 13:52:12,@user7824,Main Street,Terrible multi-car crash at Main Street. At least 3 people look badly injured. Send ambulances! #accident
2026-08-08 13:53:03,@user4856,Westside,Cyclist hit by a truck at the intersection of Westside. Looks really bad. @Medical
2026-08-08 13:53:50,@user1110,Main Street,Huge flames seen at the Main Street warehouse! Looks like a 3-alarm fire. #fire #emergency
2026-08-08 13:53:57,@user8044,North Hills,"Explosion heard near North Hills, now there's a massive fire! People are running."
2026-08-08 13:54:43,@user6923,Downtown,Cyclist hit by a truck at the intersection of Downtown. Looks really bad. @Medical
2026-08-08 13:54:53,@user6338,Downtown,"Explosion heard near Downtown, now there's a massive fire! People are running."
2026-08-08 13:55:30,@user1114,Main Street,"Someone collapsed on the sidewalk in Main Street, they aren't breathing! Need a medic ASAP."
2026-08-08 13:55:58,@user9918,Downtown,Anyone know why the power is out in Downtown?
2026-08-08 13:56:29,@user3925,Main Street,"Explosion heard near Main Street, now there's a massive fire! People are running."
2026-08-08 13:57:03,@user4140,Southside,Anyone know why the power is out in Southside?
2026-08-08 13:57:45,@user6978,Central Park,Traffic is terrible around Central Park today. Ugh.
2026-08-08 13:58:12,@user4351,Southside,Brush fire spreading fast near Southside due to the high winds. @FireDept
2026-08-08 13:58:51,@user6538,North Hills,"Heart attack suspected at the gym in North Hills. CPR in progress, where is the ambulance?!"
2026-08-08 13:59:43,@user8329,Industrial District,Pedestrian struck by a speeding car in Industrial District. Needs immediate medical attention!
2026-08-08 14:00:40,@user1142,Old Town,Pedestrian struck by a speeding car in Old Town. Needs immediate medical attention!
2026-08-08 14:01:16,@user6764,Southside,"Explosion heard near Southside, now there's a massive fire! People are running."
2026-08-08 14:02:02,@user4995,Downtown,"Lost dog found near Downtown, please share!"
2026-08-08 14:02:19,@user9964,Route 66,Smell smoke coming from the apartment complex on Route 66. Fire alarms are going off!
2026-08-08 14:03:06,@user9480,Southside,Is something burning in Southside? Thick black smoke in the sky.
2026-08-08 14:03:08,@user1630,Industrial District,"Someone collapsed on the sidewalk in Industrial District, they aren't breathing! Need a medic ASAP."
2026-08-08 14:03:29,@user6408,Central Park,Brush fire spreading fast near Central Park due to the high winds. @FireDept
2026-08-08 14:04:25,@user4788,Old Town,Smell smoke coming from the apartment complex on Old Town. Fire alarms are going off!
2026-08-08 14:05:10,@user6755,Industrial District,"Car on fire on Industrial District, traffic is completely stopped. Send firetrucks!"
2026-08-08 14:05:41,@user6397,Suburbs,Terrible multi-car crash at Suburbs. At least 3 people look badly injured. Send ambulances! #accident
2026-08-08 14:06:35,@user7943,Southside,Brush fire spreading fast near Southside due to the high winds. @FireDept
2026-08-08 14:06:59,@user6282,Main Street,Is something burning in Main Street? Thick black smoke in the sky.
2026-08-08 14:07:02,@user7445,Route 66,Roof collapsed at the construction site in Route 66. Multiple workers trapped and injured.
2026-08-08 14:07:10,@user7550,Southside,"Car on fire on Southside, traffic is completely stopped. Send firetrucks!"
2026-08-08 14:07:30,@user3311,Central Park,Smell smoke coming from the apartment complex on Central Park. Fire alarms are going off!
2026-08-08 14:08:07,@user3556,Suburbs,Roof collapsed at the construction site in Suburbs. Multiple workers trapped and injured.
2026-08-08 14:09:01,@user7825,Old Town,Brush fire spreading fast near Old Town due to the high winds. @FireDept
2026-08-08 14:09:06,@user7935,Old Town,Cyclist hit by a truck at the intersection of Old Town. Looks really bad. @Medical
2026-08-08 14:09:14,@user4107,North Hills,Smell smoke coming from the apartment complex on North Hills. Fire alarms are going off!
2026-08-08 14:09:24,@user8214,Southside,Building collapse in Southside due to the fire. Paramedics and Firefighters needed immediately.
2026-08-08 14:09:38,@user8284,Main Street,Is something burning in Main Street? Thick black smoke in the sky.
2026-08-08 14:09:52,@user4761,Route 66,"Car on fire on Route 66, traffic is completely stopped. Send firetrucks!"
2026-08-08 14:10:49,@user7001,Downtown,Anyone know why the power is out in Downtown?
2026-08-08 14:11:49,@user2366,Westside,Massive food poisoning outbreak at the festival in Westside. Dozens of people need hospitalization.
2026-08-08 14:12:17,@user8862,Southside,Huge flames seen at the Southside warehouse! Looks like a 3-alarm fire. #fire #emergency
2026-08-08 14:12:26,@user9636,Westside,"Explosion heard near Westside, now there's a massive fire! People are running."
2026-08-08 14:12:59,@user7921,Old Town,Building collapse in Old Town due to the fire. Paramedics and Firefighters needed immediately.
2026-08-08 14:13:02,@user1448,Old Town,"Explosion heard near Old Town, now there's a massive fire! People are running."
2026-08-08 14:13:05,@user7562,Old Town,Is something burning in Old Town? Thick black smoke in the sky.
2026-08-08 14:14:00,@user1261,North Hills,Small electrical fire started at the bakery in North Hills. Needs putting out.
2026-08-08 14:14:55,@user2486,Downtown,Anyone know why the power is out in Downtown?
2026-08-08 14:15:30,@user6062,Southside,"Lost dog found near Southside, please share!"
2026-08-08 14:16:20,@user5299,Southside,Traffic is terrible around Southside today. Ugh.
2026-08-08 14:16:24,@user6957,Route 66,Smell smoke coming from the apartment complex on Route 66. Fire alarms are going off!
2026-08-08 14:16:46,@user2832,Old Town,"Lost dog found near Old Town, please share!"
2026-08-08 14:17:42,@user2695,Industrial District,Building collapse in Industrial District due to the fire. Paramedics and Firefighters needed immediately.
2026-08-08 14:18:27,@user8278,Westside,Brush fire spreading fast near Westside due to the high winds. @FireDept
2026-08-08 14:18:39,@user6295,North Hills,Pedestrian struck by a speeding car in North Hills. Needs immediate medical attention!
2026-08-08 14:19:16,@user3635,Downtown,Huge flames seen at the Downtown warehouse! Looks like a 3-alarm fire. #fire #emergency
2026-08-08 14:19:31,@user5951,Central Park,Pedestrian struck by a speeding car in Central Park. Needs immediate medical attention!
2026-08-08 14:20:28,@user9967,Suburbs,Massive food poisoning outbreak at the festival in Suburbs. Dozens of people need hospitalization.
2026-08-08 14:20:55,@user1008,Westside,Anyone know why the power is out in Westside?
2026-08-08 14:21:48,@user9640,Southside,Cyclist hit by a truck at the intersection of Southside. Looks really bad. @Medical
2026-08-08 14:21:55,@user6415,North Hills,Is something burning in North Hills? Thick black smoke in the sky.
2026-08-08 14:22:53,@user2746,Downtown,Major explosion at Downtown factory! Massive fire and many people injured. We need fire and medical now!
2026-08-08 14:23:43,@user2698,Route 66,"Someone collapsed on the sidewalk in Route 66, they aren't breathing! Need a medic ASAP."
2026-08-08 14:24:28,@user6421,Westside,"Someone collapsed on the sidewalk in Westside, they aren't breathing! Need a medic ASAP."
2026-08-08 14:25:02,@user7526,Southside,"Someone collapsed on the sidewalk in Southside, they aren't breathing! Need a medic ASAP."
2026-08-08 14:25:56,@user5209,Old Town,"Someone collapsed on the sidewalk in Old Town, they aren't breathing! Need a medic ASAP."
2026-08-08 14:26:19,@user7880,Old Town,Cyclist hit by a truck at the intersection of Old Town. Looks really bad. @Medical
2026-08-08 14:27:13,@user3388,Suburbs,Cyclist hit by a truck at the intersection of Suburbs. Looks really bad. @Medical
2026-08-08 14:27:22,@user8426,Suburbs,Smell smoke coming from the apartment complex on Suburbs. Fire alarms are going off!
2026-08-08 14:27:25,@user8895,Route 66,Cyclist hit by a truck at the intersection of Route 66. Looks really bad. @Medical
2026-08-08 14:27:45,@user2593,Route 66,Terrible multi-car crash at Route 66. At least 3 people look badly injured. Send ambulances! #accident
2026-08-08 14:28:28,@user6095,Industrial District,Pedestrian struck by a speeding car in Industrial District. Needs immediate medical attention!
2026-08-08 14:29:21,@user4650,Central Park,"Car on fire on Central Park, traffic is completely stopped. Send firetrucks!"
2026-08-08 14:29:26,@user4565,Central Park,Is something burning in Central Park? Thick black smoke in the sky.
2026-08-08 14:30:24,@user4796,Central Park,Terrible multi-car crash at Central Park. At least 3 people look badly injured. Send ambulances! #accident
2026-08-08 14:31:02,@user2577,Industrial District,Anyone know why the power is out in Industrial District?
2026-08-08 14:31:55,@user5532,Westside,Is something burning in Westside? Thick black smoke in the sky.
2026-08-08 14:32:02,@user1549,Central Park,"Car on fire on Central Park, traffic is completely stopped. Send firetrucks!"
2026-08-08 14:32:59,@user9098,North Hills,Smell smoke coming from the apartment complex on North Hills. Fire alarms are going off!
2026-08-08 14:33:59,@user3917,Old Town,Massive food poisoning outbreak at the festival in Old Town. Dozens of people need hospitalization.
2026-08-08 14:34:26,@user6829,Main Street,"Someone collapsed on the sidewalk in Main Street, they aren't breathing! Need a medic ASAP."
2026-08-08 14:34:53,@user9728,Westside,Traffic is terrible around Westside today. Ugh.
2026-08-08 14:35:51,@user9315,Main Street,Cyclist hit by a truck at the intersection of Main Street. Looks really bad. @Medical
2026-08-08 14:36:01,@user4477,Downtown,"Someone collapsed on the sidewalk in Downtown, they aren't breathing! Need a medic ASAP."
2026-08-08 14:36:51,@user6596,Southside,"Explosion heard near Southside, now there's a massive fire! People are running."
2026-08-08 14:37:27,@user8067,Main Street,Terrible multi-car crash at Main Street. At least 3 people look badly injured. Send ambulances! #accident
2026-08-08 14:38:07,@user7111,Southside,"Heart attack suspected at the gym in Southside. CPR in progress, where is the ambulance?!"
2026-08-08 14:38:55,@user9836,Downtown,Huge flames seen at the Downtown warehouse! Looks like a 3-alarm fire. #fire #emergency
2026-08-08 14:39:32,@user9655,Main Street,Small electrical fire started at the bakery in Main Street. Needs putting out.
2026-08-08 14:39:51,@user6334,Westside,Pedestrian struck by a speeding car in Westside. Needs immediate medical attention!
2026-08-08 14:40:48,@user8408,Central Park,"Someone collapsed on the sidewalk in Central Park, they aren't breathing! Need a medic ASAP."
2026-08-08 14:41:30,@user7483,Southside,Major explosion at Southside factory! Massive fire and many people injured. We need fire and medical now!
2026-08-08 14:42:11,@user1526,Old Town,Massive food poisoning outbreak at the festival in Old Town. Dozens of people need hospitalization.
2026-08-08 14:42:56,@user1849,Old Town,Just got the best coffee in Old Town. What a beautiful day!
2026-08-08 14:43:30,@user7315,Central Park,Just got the best coffee in Central Park. What a beautiful day!
2026-08-08 14:43:38,@user4505,Downtown,Pedestrian struck by a speeding car in Downtown. Needs immediate medical attention!
2026-08-08 14:43:39,@user9129,North Hills,Brush fire spreading fast near North Hills due to the high winds. @FireDept
2026-08-08 14:44:22,@user3661,Route 66,"Explosion heard near Route 66, now there's a massive fire! People are running."
2026-08-08 14:44:58,@user9742,Central Park,Traffic is terrible around Central Park today. Ugh.
2026-08-08 14:45:35,@user1606,North Hills,Brush fire spreading fast near North Hills due to the high winds. @FireDept
2026-08-08 14:46:18,@user4264,Southside,Building collapse in Southside due to the fire. Paramedics and Firefighters needed immediately.
2026-08-08 14:46:38,@user5015,Suburbs,Brush fire spreading fast near Suburbs due to the high winds. @FireDept
2026-08-08 14:46:52,@user1034,Central Park,Brush fire spreading fast near Central Park due to the high winds. @FireDept
2026-08-08 14:47:05,@user3365,Central Park,Huge flames seen at the Central Park warehouse! Looks like a 3-alarm fire. #fire #emergency
2026-08-08 14:47:51,@user8215,Old Town,Anyone know why the power is out in Old Town?
2026-08-08 14:48:34,@user5882,Downtown,"Heart attack suspected at the gym in Downtown. CPR in progress, where is the ambulance?!"
2026-08-08 14:49:09,@user3415,North Hills,Just got the best coffee in North Hills. What a beautiful day!
2026-08-08 14:50:00,@user1339,Westside,Terrible multi-car crash at Westside. At least 3 people look badly injured. Send ambulances! #accident
2026-08-08 14:50:41,@user2290,Downtown,Massive food poisoning outbreak at the festival in Downtown. Dozens of people need hospitalization.
2026-08-08 14:50:54,@user2625,North Hills,Traffic is terrible around North Hills today. Ugh.
2026-08-08 14:51:44,@user6310,Industrial District,Cyclist hit by a truck at the intersection of Industrial District. Looks really bad. @Medical
2026-08-08 14:51:54,@user6588,Old Town,Major explosion at Old Town factory! Massive fire and many people injured. We need fire and medical now!
2026-08-08 14:52:14,@user9526,Westside,"Someone collapsed on the sidewalk in Westside, they aren't breathing! Need a medic ASAP."
2026-08-08 14:53:02,@user4058,Downtown,Cyclist hit by a truck at the intersection of Downtown. Looks really bad. @Medical
2026-08-08 14:53:47,@user7538,Westside,Anyone know why the power is out in Westside?
2026-08-08 14:54:45,@user8976,Westside,"Heart attack suspected at the gym in Westside. CPR in progress, where is the ambulance?!"
2026-08-08 14:55:28,@user9055,Old Town,Terrible multi-car crash at Old Town. At least 3 people look badly injured. Send ambulances! #accident
2026-08-08 14:55:36,@user7724,Old Town,Pedestrian struck by a speeding car in Old Town. Needs immediate medical attention!
2026-08-08 14:55:49,@user6310,Main Street,Small electrical fire started at the bakery in Main Street. Needs putting out.
2026-08-08 14:56:00,@user3537,Westside,Building collapse in Westside due to the fire. Paramedics and Firefighters needed immediately.
2026-08-08 14:56:33,@user3305,North Hills,Smell smoke coming from the apartment complex on North Hills. Fire alarms are going off!
2026-08-08 14:57:25,@user1918,Downtown,Major explosion at Downtown factory! Massive fire and many people injured. We need fire and medical now!
2026-08-08 14:58:17,@user4221,Route 66,Huge flames seen at the Route 66 warehouse! Looks like a 3-alarm fire. #fire #emergency
2026-08-08 14:58:18,@user1136,Main Street,"Lost dog found near Main Street, please share!"
2026-08-08 14:59:02,@user9434,Westside,Roof collapsed at the construction site in Westside. Multiple workers trapped and injured.
2026-08-08 14:59:40,@user8783,Downtown,Anyone know why the power is out in Downtown?
2026-08-08 14:59:55,@user6564,North Hills,"Someone collapsed on the sidewalk in North Hills, they aren't breathing! Need a medic ASAP."
2026-08-08 15:00:29,@user9705,Suburbs,Anyone know why the power is out in Suburbs?
2026-08-08 15:00:32,@user4152,Old Town,Major explosion at Old Town factory! Massive fire and many people injured. We need fire and medical now!
2026-08-08 15:00:56,@user4176,Main Street,"Explosion heard near Main Street, now there's a massive fire! People are running."
2026-08-08 15:01:28,@user2452,Westside,Roof collapsed at the construction site in Westside. Multiple workers trapped and injured.
2026-08-08 15:01:48,@user8262,Old Town,Just got the best coffee in Old Town. What a beautiful day!
2026-08-08 15:01:51,@user2353,Industrial District,Brush fire spreading fast near Industrial District due to the high winds. @FireDept
2026-08-08 15:01:52,@user1583,Suburbs,"Heart attack suspected at the gym in Suburbs. CPR in progress, where is the ambulance?!"
2026-08-08 15:02:22,@user3205,Southside,Smell smoke coming from the apartment complex on Southside. Fire alarms are going off!
2026-08-08 15:02:23,@user7153,Main Street,Pedestrian struck by a speeding car in Main Street. Needs immediate medical attention!
2026-08-08 15:02:49,@user6517,Downtown,Just got the best coffee in Downtown. What a beautiful day!
2026-08-08 15:02:55,@user1783,Southside,Building collapse in Southside due to the fire. Paramedics and Firefighters needed immediately.
2026-08-08 15:03:11,@user9730,Industrial District,Roof collapsed at the construction site in Industrial District. Multiple workers trapped and injured.
2026-08-08 15:04:02,@user7504,Old Town,Brush fire spreading fast near Old Town due to the high winds. @FireDept
2026-08-08 15:04:52,@user4501,Central Park,"Car on fire on Central Park, traffic is completely stopped. Send firetrucks!"
2026-08-08 15:05:00,@user9602,Suburbs,Just got the best coffee in Suburbs. What a beautiful day!
2026-08-08 15:05:44,@user1154,Southside,"Lost dog found near Southside, please share!"
2026-08-08 15:06:40,@user9864,Suburbs,Traffic is terrible around Suburbs today. Ugh.
2026-08-08 15:07:09,@user1364,Downtown,Building collapse in Downtown due to the fire. Paramedics and Firefighters needed immediately.
2026-08-08 15:07:40,@user7656,Downtown,Cyclist hit by a truck at the intersection of Downtown. Looks really bad. @Medical
2026-08-08 15:07:50,@user9918,Suburbs,Anyone know why the power is out in Suburbs?
2026-08-08 15:07:59,@user5998,Industrial District,Building collapse in Industrial District due to the fire. Paramedics and Firefighters needed immediately.
2026-08-08 15:08:28,@user1686,Main Street,Massive food poisoning outbreak at the festival in Main Street. Dozens of people need hospitalization.
2026-08-08 15:08:57,@user7849,Southside,Cyclist hit by a truck at the intersection of Southside. Looks really bad. @Medical
2026-08-08 15:09:11,@user7353,Suburbs,"Explosion heard near Suburbs, now there's a massive fire! People are running."
2026-08-08 15:10:08,@user7091,Downtown,Major explosion at Downtown factory! Massive fire and many people injured. We need fire and medical now!
2026-08-08 15:10:11,@user4448,Suburbs,Building collapse in Suburbs due to the fire. Paramedics and Firefighters needed immediately.
2026-08-08 15:11:06,@user4564,Downtown,"Explosion heard near Downtown, now there's a massive fire! People are running."
2026-08-08 15:11:39,@user1022,Downtown,Brush fire spreading fast near Downtown due to the high winds. @FireDept
2026-08-08 15:12:20,@user3718,North Hills,Small electrical fire started at the bakery in North Hills. Needs putting out.
2026-08-08 15:13:14,@user3452,Suburbs,"Someone collapsed on the sidewalk in Suburbs, they aren't breathing! Need a medic ASAP."
2026-08-08 15:13:55,@user1073,Central Park,Roof collapsed at the construction site in Central Park. Multiple workers trapped and injured.
2026-08-08 15:14:27,@user9935,Suburbs,Traffic is terrible around Suburbs today. Ugh.
2026-08-08 15:15:27,@user6293,Main Street,"Someone collapsed on the sidewalk in Main Street, they aren't breathing! Need a medic ASAP."
2026-08-08 15:15:56,@user4103,Downtown,Smell smoke coming from the apartment complex on Downtown. Fire alarms are going off!
2026-08-08 15:16:15,@user3411,Old Town,"Explosion heard near Old Town, now there's a massive fire! People are running."
2026-08-08 15:17:12,@user1468,Main Street,Huge flames seen at the Main Street warehouse! Looks like a 3-alarm fire. #fire #emergency
2026-08-08 15:18:07,@user4596,North Hills,Roof collapsed at the construction site in North Hills. Multiple workers trapped and injured.
2026-08-08 15:18:08,@user6622,North Hills,Roof collapsed at the construction site in North Hills. Multiple workers trapped and injured.
2026-08-08 15:18:47,@user4647,Southside,Traffic is terrible around Southside today. Ugh.
2026-08-08 15:18:48,@user8470,Central Park,Just got the best coffee in Central Park. What a beautiful day!
2026-08-08 15:19:09,@user3282,Downtown,Pedestrian struck by a speeding car in Downtown. Needs immediate medical attention!
2026-08-08 15:19:30,@user9775,Westside,Small electrical fire started at the bakery in Westside. Needs putting out.
2026-08-08 15:20:02,@user2133,Downtown,"Heart attack suspected at the gym in Downtown. CPR in progress, where is the ambulance?!"
2026-08-08 15:20:59,@user7704,Main Street,Small electrical fire started at the bakery in Main Street. Needs putting out.
2026-08-08 15:21:32,@user2590,Downtown,Major explosion at Downtown factory! Massive fire and many people injured. We need fire and medical now!
2026-08-08 15:22:32,@user2771,Route 66,Huge flames seen at the Route 66 warehouse! Looks like a 3-alarm fire. #fire #emergency
2026-08-08 15:22:39,@user3917,Main Street,Building collapse in Main Street due to the fire. Paramedics and Firefighters needed immediately.
2026-08-08 15:23:34,@user6657,Old Town,Building collapse in Old Town due to the fire. Paramedics and Firefighters needed immediately.
2026-08-08 15:23:56,@user4630,Southside,Terrible multi-car crash at Southside. At least 3 people look badly injured. Send ambulances! #accident
2026-08-08 15:24:00,@user3528,Downtown,"Car on fire on Downtown, traffic is completely stopped. Send firetrucks!"
2026-08-08 15:24:16,@user4365,North Hills,"Explosion heard near North Hills, now there's a massive fire! People are running."
2026-08-08 15:25:12,@user2222,Route 66,"Explosion heard near Route 66, now there's a massive fire! People are running."
2026-08-08 15:25:38,@user4494,Route 66,"Lost dog found near Route 66, please share!"
2026-08-08 15:25:40,@user2102,Route 66,Terrible multi-car crash at Route 66. At least 3 people look badly injured. Send ambulances! #accident
2026-08-08 15:26:40,@user1421,Main Street,Major explosion at Main Street factory! Massive fire and many people injured. We need fire and medical now!
2026-08-08 15:27:08,@user7717,Old Town,"Someone collapsed on the sidewalk in Old Town, they aren't breathing! Need a medic ASAP."
2026-08-08 15:27:57,@user3693,Westside,Traffic is terrible around Westside today. Ugh.
2026-08-08 15:28:09,@user4852,Central Park,Traffic is terrible around Central Park today. Ugh.
2026-08-08 15:28:11,@user9132,Suburbs,Is something burning in Suburbs? Thick black smoke in the sky.
2026-08-08 15:28:22,@user2708,Route 66,"Car on fire on Route 66, traffic is completely stopped. Send firetrucks!"
2026-08-08 15:29:06,@user2049,North Hills,Terrible multi-car crash at North Hills. At least 3 people look badly injured. Send ambulances! #accident
2026-08-08 15:29:26,@user5073,Southside,Just got the best coffee in Southside. What a beautiful day!
2026-08-08 15:30:02,@user4079,Downtown,"Lost dog found near Downtown, please share!"
2026-08-08 15:30:49,@user6745,Suburbs,Just got the best coffee in Suburbs. What a beautiful day!
2026-08-08 15:31:38,@user5367,Downtown,"Car on fire on Downtown, traffic is completely stopped. Send firetrucks!"
2026-08-08 15:32:36,@user7404,North Hills,Massive food poisoning outbreak at the festival in North Hills. Dozens of people need hospitalization.
2026-08-08 15:33:29,@user9130,Old Town,Terrible multi-car crash at Old Town. At least 3 people look badly injured. Send ambulances! #accident
2026-08-08 15:33:57,@user7547,Old Town,Small electrical fire started at the bakery in Old Town. Needs putting out.
2026-08-08 15:34:10,@user7089,Downtown,Building collapse in Downtown due to the fire. Paramedics and Firefighters needed immediately.
2026-08-08 15:34:42,@user5429,Central Park,Anyone know why the power is out in Central Park?
2026-08-08 15:34:54,@user4420,North Hills,Massive food poisoning outbreak at the festival in North Hills. Dozens of people need hospitalization.
2026-08-08 15:35:53,@user7796,Suburbs,Traffic is terrible around Suburbs today. Ugh.
2026-08-08 15:36:22,@user4266,Route 66,"Explosion heard near Route 66, now there's a massive fire! People are running."
2026-08-08 15:37:14,@user1185,Suburbs,Pedestrian struck by a speeding car in Suburbs. Needs immediate medical attention!
2026-08-08 15:37:54,@user6284,Downtown,"Someone collapsed on the sidewalk in Downtown, they aren't breathing! Need a medic ASAP."
2026-08-08 15:38:49,@user3369,North Hills,"Car on fire on North Hills, traffic is completely stopped. Send firetrucks!"
2026-08-08 15:39:22,@user5916,Central Park,"Heart attack suspected at the gym in Central Park. CPR in progress, where is the ambulance?!"
2026-08-08 15:39:41,@user8997,Westside,"Someone collapsed on the sidewalk in Westside, they aren't breathing! Need a medic ASAP."
2026-08-08 15:39:53,@user8032,North Hills,Terrible multi-car crash at North Hills. At least 3 people look badly injured. Send ambulances! #accident
2026-08-08 15:40:45,@user5889,Westside,Small electrical fire started at the bakery in Westside. Needs putting out.
2026-08-08 15:41:40,@user8991,Suburbs,"Someone collapsed on the sidewalk in Suburbs, they aren't breathing! Need a medic ASAP."
2026-08-08 15:41:42,@user1287,North Hills,Roof collapsed at the construction site in North Hills. Multiple workers trapped and injured.
2026-08-08 15:42:04,@user8860,Industrial District,Building collapse in Industrial District due to the fire. Paramedics and Firefighters needed immediately.
2026-08-08 15:42:07,@user5698,Industrial District,Traffic is terrible around Industrial District today. Ugh.
2026-08-08 15:42:15,@user9457,Route 66,Roof collapsed at the construction site in Route 66. Multiple workers trapped and injured.
2026-08-08 15:42:20,@user2057,Industrial District,"Heart attack suspected at the gym in Industrial District. CPR in progress, where is the ambulance?!"
2026-08-08 15:43:13,@user7799,Westside,"Car on fire on Westside, traffic is completely stopped. Send firetrucks!"
2026-08-08 15:43:34,@user6761,Industrial District,Cyclist hit by a truck at the intersection of Industrial District. Looks really bad. @Medical
2026-08-08 15:44:23,@user6736,Industrial District,Is something burning in Industrial District? Thick black smoke in the sky.
2026-08-08 15:44:56,@user5651,Industrial District,Major explosion at Industrial District factory! Massive fire and many people injured. We need fire and medical now!
2026-08-08 15:45:10,@user6444,Downtown,Just got the best coffee in Downtown. What a beautiful day!
2026-08-08 15:46:00,@user7463,Southside,"Someone collapsed on the sidewalk in Southside, they aren't breathing! Need a medic ASAP."
2026-08-08 15:46:09,@user1548,Route 66,Pedestrian struck by a speeding car in Route 66. Needs immediate medical attention!
2026-08-08 15:46:24,@user2946,North Hills,"Heart attack suspected at the gym in North Hills. CPR in progress, where is the ambulance?!"
2026-08-08 15:46:50,@user1433,Suburbs,Small electrical fire started at the bakery in Suburbs. Needs putting out.
2026-08-08 15:47:36,@user1522,North Hills,Smell smoke coming from the apartment complex on North Hills. Fire alarms are going off!
2026-08-08 15:48:33,@user4561,Southside,Anyone know why the power is out in Southside?
2026-08-08 15:48:37,@user7574,Southside,Huge flames seen at the Southside warehouse! Looks like a 3-alarm fire. #fire #emergency
2026-08-08 15:49:13,@user4806,Suburbs,Smell smoke coming from the apartment complex on Suburbs. Fire alarms are going off!
2026-08-08 15:49:32,@user6973,Downtown,Major explosion at Downtown factory! Massive fire and many people injured. We need fire and medical now!
2026-08-08 15:49:47,@user7005,Downtown,Major explosion at Downtown factory! Massive fire and many people injured. We need fire and medical now!
2026-08-08 15:50:34,@user1873,Main Street,Terrible multi-car crash at Main Street. At least 3 people look badly injured. Send ambulances! #accident
2026-08-08 15:50:47,@user1380,Suburbs,"Lost dog found near Suburbs, please share!"
2026-08-08 15:50:56,@user5819,Westside,"Explosion heard near Westside, now there's a massive fire! People are running."
2026-08-08 15:51:36,@user6700,Downtown,"Someone collapsed on the sidewalk in Downtown, they aren't breathing! Need a medic ASAP."
2026-08-08 15:52:34,@user3330,Main Street,Anyone know why the power is out in Main Street?
2026-08-08 15:52:55,@user3875,Downtown,Traffic is terrible around Downtown today. Ugh.
2026-08-08 15:53:37,@user7974,Industrial District,"Lost dog found near Industrial District, please share!"
2026-08-08 15:54:20,@user4149,Suburbs,Smell smoke coming from the apartment complex on Suburbs. Fire alarms are going off!
2026-08-08 15:54:40,@user7476,Suburbs,Building collapse in Suburbs due to the fire. Paramedics and Firefighters needed immediately.
2026-08-08 15:55:38,@user5575,North Hills,Smell smoke coming from the apartment complex on North Hills. Fire alarms are going off!
2026-08-08 15:56:38,@user8306,Industrial District,Roof collapsed at the construction site in Industrial District. Multiple workers trapped and injured.
2026-08-08 15:57:22,@user2412,Westside,"Heart attack suspected at the gym in Westside. CPR in progress, where is the ambulance?!"
2026-08-08 15:57:37,@user7473,Industrial District,"Car on fire on Industrial District, traffic is completely stopped. Send firetrucks!"
2026-08-08 15:58:35,@user2013,Central Park,Building collapse in Central Park due to the fire. Paramedics and Firefighters needed immediately.
2026-08-08 15:59:22,@user7393,Industrial District,Roof collapsed at the construction site in Industrial District. Multiple workers trapped and injured.
2026-08-08 16:00:10,@user8056,Downtown,"Explosion heard near Downtown, now there's a massive fire! People are running."
2026-08-08 16:01:00,@user4118,Industrial District,Small electrical fire started at the bakery in Industrial District. Needs putting out.
2026-08-08 16:01:26,@user4778,Route 66,Roof collapsed at the construction site in Route 66. Multiple workers trapped and injured.
2026-08-08 16:01:30,@user6365,Downtown,"Car on fire on Downtown, traffic is completely stopped. Send firetrucks!"
2026-08-08 16:02:08,@user3912,Industrial District,"Heart attack suspected at the gym in Industrial District. CPR in progress, where is the ambulance?!"
2026-08-08 16:02:41,@user5617,Industrial District,Is something burning in Industrial District? Thick black smoke in the sky.
2026-08-08 16:02:42,@user5078,Suburbs,Anyone know why the power is out in Suburbs?
2026-08-08 16:03:11,@user6000,Suburbs,Small electrical fire started at the bakery in Suburbs. Needs putting out.
2026-08-08 16:03:43,@user6981,Southside,Building collapse in Southside due to the fire. Paramedics and Firefighters needed immediately.
2026-08-08 16:04:03,@user2138,Downtown,Massive food poisoning outbreak at the festival in Downtown. Dozens of people need hospitalization.
2026-08-08 16:04:46,@user8551,North Hills,Terrible multi-car crash at North Hills. At least 3 people look badly injured. Send ambulances! #accident
2026-08-08 16:05:40,@user4406,Industrial District,Just got the best coffee in Industrial District. What a beautiful day!
2026-08-08 16:05:55,@user8942,Westside,Traffic is terrible around Westside today. Ugh.
2026-08-08 16:06:48,@user8976,Route 66,Is something burning in Route 66? Thick black smoke in the sky.
2026-08-08 16:07:33,@user1093,Central Park,"Explosion heard near Central Park, now there's a massive fire! People are running."
2026-08-08 16:08:09,@user2091,Downtown,Building collapse in Downtown due to the fire. Paramedics and Firefighters needed immediately.
2026-08-08 16:08:34,@user9459,Main Street,Roof collapsed at the construction site in Main Street. Multiple workers trapped and injured.
2026-08-08 16:08:53,@user6629,Route 66,"Someone collapsed on the sidewalk in Route 66, they aren't breathing! Need a medic ASAP."
2026-08-08 16:09:27,@user4969,Route 66,Building collapse in Route 66 due to the fire. Paramedics and Firefighters needed immediately.
2026-08-08 16:10:04,@user3004,Main Street,Terrible multi-car crash at Main Street. At least 3 people look badly injured. Send ambulances! #accident
2026-08-08 16:10:26,@user9195,Industrial District,"Lost dog found near Industrial District, please share!"
2026-08-08 16:10:29,@user7298,Central Park,Brush fire spreading fast near Central Park due to the high winds. @FireDept
2026-08-08 16:10:53,@user4217,Old Town,Anyone know why the power is out in Old Town?
2026-08-08 16:11:05,@user2771,Downtown,Brush fire spreading fast near Downtown due to the high winds. @FireDept
2026-08-08 16:12:04,@user8570,Old Town,Traffic is terrible around Old Town today. Ugh.
2026-08-08 16:12:42,@user8753,Suburbs,"Car on fire on Suburbs, traffic is completely stopped. Send firetrucks!"
2026-08-08 16:13:07,@user8103,Suburbs,Building collapse in Suburbs due to the fire. Paramedics and Firefighters needed immediately.
2026-08-08 16:13:56,@user6553,Old Town,Cyclist hit by a truck at the intersection of Old Town. Looks really bad. @Medical
2026-08-08 16:14:15,@user6394,Central Park,Anyone know why the power is out in Central Park?
2026-08-08 16:14:17,@user4610,North Hills,"Explosion heard near North Hills, now there's a massive fire! People are running."
2026-08-08 16:14:18,@user5925,Southside,Terrible multi-car crash at Southside. At least 3 people look badly injured. Send ambulances! #accident
2026-08-08 16:14:28,@user5070,Central Park,Terrible multi-car crash at Central Park. At least 3 people look badly injured. Send ambulances! #accident
2026-08-08 16:14:43,@user1487,Southside,Smell smoke coming from the apartment complex on Southside. Fire alarms are going off!
2026-08-08 16:14:47,@user3613,Industrial District,"Someone collapsed on the sidewalk in Industrial District, they aren't breathing! Need a medic ASAP."
2026-08-08 16:15:10,@user8505,Main Street,Traffic is terrible around Main Street today. Ugh.
2026-08-08 16:15:32,@user8718,Southside,"Heart attack suspected at the gym in Southside. CPR in progress, where is the ambulance?!"
2026-08-08 16:15:43,@user7172,Suburbs,"Lost dog found near Suburbs, please share!"
2026-08-08 16:16:08,@user1565,Central Park,"Lost dog found near Central Park, please share!"
2026-08-08 16:16:16,@user7083,Old Town,Traffic is terrible around Old Town today. Ugh.
2026-08-08 16:16:34,@user3753,Southside,"Car on fire on Southside, traffic is completely stopped. Send firetrucks!"
2026-08-08 16:17:24,@user2129,Old Town,Huge flames seen at the Old Town warehouse! Looks like a 3-alarm fire. #fire #emergency
2026-08-08 16:18:01,@user8283,Westside,"Car on fire on Westside, traffic is completely stopped. Send firetrucks!"
2026-08-08 16:18:11,@user6708,Main Street,Huge flames seen at the Main Street warehouse! Looks like a 3-alarm fire. #fire #emergency
2026-08-08 16:19:02,@user2264,Old Town,Traffic is terrible around Old Town today. Ugh.
2026-08-08 16:19:07,@user9912,Central Park,Terrible multi-car crash at Central Park. At least 3 people look badly injured. Send ambulances! #accident
2026-08-08 16:19:10,@user3729,Main Street,Pedestrian struck by a speeding car in Main Street. Needs immediate medical attention!
2026-08-08 16:19:49,@user2064,Main Street,Is something burning in Main Street? Thick black smoke in the sky.
2026-08-08 16:20:31,@user2720,Downtown,Huge flames seen at the Downtown warehouse! Looks like a 3-alarm fire. #fire #emergency
2026-08-08 16:21:19,@user9222,Westside,Cyclist hit by a truck at the intersection of Westside. Looks really bad. @Medical
2026-08-08 16:21:49,@user4119,Westside,Massive food poisoning outbreak at the festival in Westside. Dozens of people need hospitalization.
2026-08-08 16:22:49,@user5107,Route 66,Just got the best coffee in Route 66. What a beautiful day!
2026-08-08 16:23:24,@user5225,North Hills,Small electrical fire started at the bakery in North Hills. Needs putting out.
2026-08-08 16:24:02,@user1874,Central Park,Is something burning in Central Park? Thick black smoke in the sky.
2026-08-08 16:24:16,@user3371,Westside,Is something burning in Westside? Thick black smoke in the sky.
2026-08-08 16:24:20,@user1055,Main Street,"Someone collapsed on the sidewalk in Main Street, they aren't breathing! Need a medic ASAP."
2026-08-08 16:25:08,@user6045,Route 66,Terrible multi-car crash at Route 66. At least 3 people look badly injured. Send ambulances! #accident
2026-08-08 16:25:28,@user2941,North Hills,"Explosion heard near North Hills, now there's a massive fire! People are running."
2026-08-08 16:26:23,@user2639,North Hills,"Car on fire on North Hills, traffic is completely stopped. Send firetrucks!"
2026-08-08 16:27:21,@user5435,Old Town,Terrible multi-car crash at Old Town. At least 3 people look badly injured. Send ambulances! #accident
2026-08-08 16:27:55,@user1792,Industrial District,"Heart attack suspected at the gym in Industrial District. CPR in progress, where is the ambulance?!"
2026-08-08 16:27:57,@user2922,Westside,Brush fire spreading fast near Westside due to the high winds. @FireDept
2026-08-08 16:28:39,@user4271,Route 66,Roof collapsed at the construction site in Route 66. Multiple workers trapped and injured.
2026-08-08 16:29:10,@user1192,Main Street,Small electrical fire started at the bakery in Main Street. Needs putting out.
2026-08-08 16:30:09,@user8399,Westside,Roof collapsed at the construction site in Westside. Multiple workers trapped and injured.
2026-08-08 16:30:24,@user7694,Old Town,Pedestrian struck by a speeding car in Old Town. Needs immediate medical attention!
2026-08-08 16:30:35,@user6971,North Hills,"Explosion heard near North Hills, now there's a massive fire! People are running."
2026-08-08 16:31:20,@user7152,Westside,"Heart attack suspected at the gym in Westside. CPR in progress, where is the ambulance?!"
2026-08-08 16:31:36,@user4778,Southside,Huge flames seen at the Southside warehouse! Looks like a 3-alarm fire. #fire #emergency
2026-08-08 16:31:59,@user9555,Old Town,Anyone know why the power is out in Old Town?
2026-08-08 16:32:05,@user8534,Central Park,"Explosion heard near Central Park, now there's a massive fire! People are running."
2026-08-08 16:32:49,@user6615,North Hills,Massive food poisoning outbreak at the festival in North Hills. Dozens of people need hospitalization.
2026-08-08 16:33:47,@user3792,Central Park,Cyclist hit by a truck at the intersection of Central Park. Looks really bad. @Medical
2026-08-08 16:34:45,@user1959,Westside,Traffic is terrible around Westside today. Ugh.
2026-08-08 16:34:53,@user4689,Westside,"Someone collapsed on the sidewalk in Westside, they aren't breathing! Need a medic ASAP."
2026-08-08 16:35:06,@user1649,Westside,"Explosion heard near Westside, now there's a massive fire! People are running."
2026-08-08 16:35:09,@user1402,Westside,Small electrical fire started at the bakery in Westside. Needs putting out.
2026-08-08 16:35:19,@user3487,Suburbs,Anyone know why the power is out in Suburbs?
2026-08-08 16:35:50,@user5134,Central Park,Is something burning in Central Park? Thick black smoke in the sky.
2026-08-08 16:36:31,@user2339,Route 66,Pedestrian struck by a speeding car in Route 66. Needs immediate medical attention!
2026-08-08 16:36:33,@user8305,Downtown,"Lost dog found near Downtown, please share!"
2026-08-08 16:36:38,@user8817,Downtown,Building collapse in Downtown due to the fire. Paramedics and Firefighters needed immediately.
2026-08-08 16:37:32,@user8647,Downtown,"Lost dog found near Downtown, please share!"
2026-08-08 16:38:25,@user2497,North Hills,"Car on fire on North Hills, traffic is completely stopped. Send firetrucks!"
2026-08-08 16:39:10,@user7417,Westside,Smell smoke coming from the apartment complex on Westside. Fire alarms are going off!
2026-08-08 16:39:21,@user6890,Suburbs,"Someone collapsed on the sidewalk in Suburbs, they aren't breathing! Need a medic ASAP."
2026-08-08 16:39:31,@user9604,Suburbs,"Lost dog found near Suburbs, please share!"
2026-08-08 16:39:55,@user5150,Old Town,Smell smoke coming from the apartment complex on Old Town. Fire alarms are going off!
2026-08-08 16:40:51,@user2633,North Hills,Building collapse in North Hills due to the fire. Paramedics and Firefighters needed immediately.
2026-08-08 16:40:56,@user6948,Industrial District,Smell smoke coming from the apartment complex on Industrial District. Fire alarms are going off!
2026-08-08 16:41:09,@user7854,Suburbs,Small electrical fire started at the bakery in Suburbs. Needs putting out.
2026-08-08 16:41:44,@user8718,Westside,Small electrical fire started at the bakery in Westside. Needs putting out.
2026-08-08 16:42:11,@user1634,Suburbs,Building collapse in Suburbs due to the fire. Paramedics and Firefighters needed immediately.
2026-08-08 16:42:55,@user9720,Downtown,Anyone know why the power is out in Downtown?
2026-08-08 16:42:58,@user1799,Central Park,Huge flames seen at the Central Park warehouse! Looks like a 3-alarm fire. #fire #emergency
2026-08-08 16:43:52,@user7363,Industrial District,Building collapse in Industrial District due to the fire. Paramedics and Firefighters needed immediately.
2026-08-08 16:44:24,@user1022,Downtown,"Explosion heard near Downtown, now there's a massive fire! People are running."
2026-08-08 16:44:26,@user6178,North Hills,"Lost dog found near North Hills, please share!"
2026-08-08 16:44:56,@user7142,North Hills,"Explosion heard near North Hills, now there's a massive fire! People are running."
2026-08-08 16:45:06,@user1236,Downtown,Anyone know why the power is out in Downtown?
2026-08-08 16:45:27,@user3266,Suburbs,"Explosion heard near Suburbs, now there's a massive fire! People are running."
2026-08-08 16:45:59,@user4507,Central Park,"Explosion heard near Central Park, now there's a massive fire! People are running."
2026-08-08 16:46:52,@user3295,Industrial District,"Heart attack suspected at the gym in Industrial District. CPR in progress, where is the ambulance?!"
2026-08-08 16:47:51,@user3286,Main Street,Roof collapsed at the construction site in Main Street. Multiple workers trapped and injured.
2026-08-08 16:48:41,@user9013,Route 66,Smell smoke coming from the apartment complex on Route 66. Fire alarms are going off!
2026-08-08 16:48:57,@user2754,Downtown,Small electrical fire started at the bakery in Downtown. Needs putting out.
2026-08-08 16:49:01,@user9026,Industrial District,Just got the best coffee in Industrial District. What a beautiful day!
2026-08-08 16:49:30,@user8174,Route 66,"Lost dog found near Route 66, please share!"
2026-08-08 16:49:35,@user9130,Route 66,Roof collapsed at the construction site in Route 66. Multiple workers trapped and injured.
2026-08-08 16:49:50,@user8816,Southside,Major explosion at Southside factory! Massive fire and many people injured. We need fire and medical now!
2026-08-08 16:50:06,@user3833,Southside,Small electrical fire started at the bakery in Southside. Needs putting out.
2026-08-08 16:50:30,@user2412,Downtown,"Car on fire on Downtown, traffic is completely stopped. Send firetrucks!"
2026-08-08 16:50:33,@user4458,Westside,Smell smoke coming from the apartment complex on Westside. Fire alarms are going off!
2026-08-08 16:51:06,@user1267,Westside,"Lost dog found near Westside, please share!"
2026-08-08 16:51:42,@user2491,Industrial District,Small electrical fire started at the bakery in Industrial District. Needs putting out.
2026-08-08 16:52:26,@user4947,Main Street,Pedestrian struck by a speeding car in Main Street. Needs immediate medical attention!
2026-08-08 16:53:04,@user1608,Westside,Small electrical fire started at the bakery in Westside. Needs putting out.
2026-08-08 16:53:13,@user2795,Industrial District,Is something burning in Industrial District? Thick black smoke in the sky.
2026-08-08 16:54:08,@user8187,Suburbs,Is something burning in Suburbs? Thick black smoke in the sky.
2026-08-08 16:54:14,@user7451,Southside,Small electrical fire started at the bakery in Southside. Needs putting out.
2026-08-08 16:55:10,@user9700,Downtown,Massive food poisoning outbreak at the festival in Downtown. Dozens of people need hospitalization.
2026-08-08 16:55:51,@user3186,Suburbs,Just got the best coffee in Suburbs. What a beautiful day!
2026-08-08 16:56:43,@user8117,Suburbs,Anyone know why the power is out in Suburbs?
2026-08-08 16:57:03,@user2732,Downtown,"Lost dog found near Downtown, please share!"
2026-08-08 16:57:57,@user1590,Old Town,Building collapse in Old Town due to the fire. Paramedics and Firefighters needed immediately.
2026-08-08 16:58:53,@user1360,Downtown,"Car on fire on Downtown, traffic is completely stopped. Send firetrucks!"
2026-08-08 16:59:46,@user2330,Main Street,Is something burning in Main Street? Thick black smoke in the sky.
2026-08-08 17:00:30,@user8805,Southside,Anyone know why the power is out in Southside?
2026-08-08 17:01:11,@user2557,Route 66,"Heart attack suspected at the gym in Route 66. CPR in progress, where is the ambulance?!"
2026-08-08 17:02:10,@user9376,Industrial District,"Someone collapsed on the sidewalk in Industrial District, they aren't breathing! Need a medic ASAP."
2026-08-08 17:02:34,@user6710,Suburbs,Major explosion at Suburbs factory! Massive fire and many people injured. We need fire and medical now!
2026-08-08 17:03:29,@user1286,Route 66,Major explosion at Route 66 factory! Massive fire and many people injured. We need fire and medical now!
2026-08-08 17:04:28,@user6362,North Hills,"Explosion heard near North Hills, now there's a massive fire! People are running."
2026-08-08 17:05:21,@user7149,Westside,Massive food poisoning outbreak at the festival in Westside. Dozens of people need hospitalization.
2026-08-08 17:05:32,@user5840,Central Park,Small electrical fire started at the bakery in Central Park. Needs putting out.
2026-08-08 17:06:25,@user2090,Westside,Building collapse in Westside due to the fire. Paramedics and Firefighters needed immediately.
2026-08-08 17:06:47,@user6722,Southside,Building collapse in Southside due to the fire. Paramedics and Firefighters needed immediately.
2026-08-08 17:07:01,@user9323,Southside,"Heart attack suspected at the gym in Southside. CPR in progress, where is the ambulance?!"
2026-08-08 17:07:49,@user1381,Old Town,Is something burning in Old Town? Thick black smoke in the sky.
2026-08-08 17:07:52,@user7954,Industrial District,Is something burning in Industrial District? Thick black smoke in the sky.
2026-08-08 17:08:52,@user4539,Suburbs,Smell smoke coming from the apartment complex on Suburbs. Fire alarms are going off!
2026-08-08 17:09:03,@user5645,Main Street,Smell smoke coming from the apartment complex on Main Street. Fire alarms are going off!
2026-08-08 17:09:50,@user4598,North Hills,Anyone know why the power is out in North Hills?
2026-08-08 17:10:15,@user3627,Central Park,"Someone collapsed on the sidewalk in Central Park, they aren't breathing! Need a medic ASAP."
2026-08-08 17:10:52,@user1133,Downtown,Cyclist hit by a truck at the intersection of Downtown. Looks really bad. @Medical
2026-08-08 17:11:46,@user3045,Downtown,Brush fire spreading fast near Downtown due to the high winds. @FireDept
2026-08-08 17:12:08,@user1705,Main Street,Major explosion at Main Street factory! Massive fire and many people injured. We need fire and medical now!
2026-08-08 17:12:13,@user3671,Suburbs,Small electrical fire started at the bakery in Suburbs. Needs putting out.
2026-08-08 17:13:01,@user9984,North Hills,"Heart attack suspected at the gym in North Hills. CPR in progress, where is the ambulance?!"
2026-08-08 17:13:30,@user8469,Downtown,"Someone collapsed on the sidewalk in Downtown, they aren't breathing! Need a medic ASAP."
2026-08-08 17:13:31,@user3541,Downtown,Is something burning in Downtown? Thick black smoke in the sky.
2026-08-08 17:14:29,@user8175,Suburbs,Major explosion at Suburbs factory! Massive fire and many people injured. We need fire and medical now!
2026-08-08 17:15:12,@user4742,North Hills,Cyclist hit by a truck at the intersection of North Hills. Looks really bad. @Medical
2026-08-08 17:15:57,@user4458,Industrial District,Pedestrian struck by a speeding car in Industrial District. Needs immediate medical attention!
2026-08-08 17:16:04,@user4066,Westside,Massive food poisoning outbreak at the festival in Westside. Dozens of people need hospitalization.
2026-08-08 17:16:06,@user7462,Westside,Small electrical fire started at the bakery in Westside. Needs putting out.
2026-08-08 17:16:45,@user9260,Suburbs,Anyone know why the power is out in Suburbs?
2026-08-08 17:17:22,@user4843,Main Street,"Explosion heard near Main Street, now there's a massive fire! People are running."
2026-08-08 17:17:54,@user3322,Suburbs,Small electrical fire started at the bakery in Suburbs. Needs putting out.
2026-08-08 17:17:57,@user5937,Downtown,"Lost dog found near Downtown, please share!"
2026-08-08 17:18:32,@user3254,Route 66,Anyone know why the power is out in Route 66?
2026-08-08 17:18:39,@user9347,Route 66,"Lost dog found near Route 66, please share!"
2026-08-08 17:18:59,@user7659,Industrial District,Anyone know why the power is out in Industrial District?
2026-08-08 17:19:53,@user3400,Route 66,Major explosion at Route 66 factory! Massive fire and many people injured. We need fire and medical now!
2026-08-08 17:20:02,@user6346,Suburbs,"Lost dog found near Suburbs, please share!"
2026-08-08 17:20:36,@user8082,Route 66,Terrible multi-car crash at Route 66. At least 3 people look badly injured. Send ambulances! #accident
2026-08-08 17:21:21,@user7182,Suburbs,Traffic is terrible around Suburbs today. Ugh.
2026-08-08 17:22:18,@user4519,Southside,"Heart attack suspected at the gym in Southside. CPR in progress, where is the ambulance?!"
2026-08-08 17:23:00,@user9080,Southside,Terrible multi-car crash at Southside. At least 3 people look badly injured. Send ambulances! #accident
2026-08-08 17:23:36,@user7099,Old Town,Huge flames seen at the Old Town warehouse! Looks like a 3-alarm fire. #fire #emergency
2026-08-08 17:24:09,@user4071,Main Street,"Heart attack suspected at the gym in Main Street. CPR in progress, where is the ambulance?!"
2026-08-08 17:25:04,@user6218,Westside,Brush fire spreading fast near Westside due to the high winds. @FireDept
2026-08-08 17:25:26,@user8116,Central Park,"Someone collapsed on the sidewalk in Central Park, they aren't breathing! Need a medic ASAP."
2026-08-08 17:26:04,@user7151,Southside,Cyclist hit by a truck at the intersection of Southside. Looks really bad. @Medical
2026-08-08 17:26:20,@user8690,Downtown,Huge flames seen at the Downtown warehouse! Looks like a 3-alarm fire. #fire #emergency
2026-08-08 17:26:49,@user7499,Industrial District,Cyclist hit by a truck at the intersection of Industrial District. Looks really bad. @Medical
2026-08-08 17:27:19,@user2813,Westside,Brush fire spreading fast near Westside due to the high winds. @FireDept
2026-08-08 17:27:28,@user9300,Southside,"Explosion heard near Southside, now there's a massive fire! People are running."
2026-08-08 17:28:16,@user9122,Southside,Cyclist hit by a truck at the intersection of Southside. Looks really bad. @Medical
2026-08-08 17:28:33,@user8524,Downtown,Is something burning in Downtown? Thick black smoke in the sky.
2026-08-08 17:29:01,@user8192,Industrial District,Pedestrian struck by a speeding car in Industrial District. Needs immediate medical attention!
2026-08-08 17:29:18,@user8302,Southside,Major explosion at Southside factory! Massive fire and many people injured. We need fire and medical now!
2026-08-08 17:29:24,@user9849,Suburbs,Massive food poisoning outbreak at the festival in Suburbs. Dozens of people need hospitalization.
2026-08-08 17:29:41,@user7427,Southside,Pedestrian struck by a speeding car in Southside. Needs immediate medical attention!
2026-08-08 17:29:52,@user9425,Westside,Terrible multi-car crash at Westside. At least 3 people look badly injured. Send ambulances! #accident
2026-08-08 17:30:15,@user5394,Main Street,Just got the best coffee in Main Street. What a beautiful day!
2026-08-08 17:31:13,@user2015,Suburbs,Brush fire spreading fast near Suburbs due to the high winds. @FireDept
2026-08-08 17:31:58,@user3269,Suburbs,Terrible multi-car crash at Suburbs. At least 3 people look badly injured. Send ambulances! #accident
2026-08-08 17:32:40,@user1610,Old Town,Anyone know why the power is out in Old Town?
2026-08-08 17:32:45,@user2875,Suburbs,Pedestrian struck by a speeding car in Suburbs. Needs immediate medical attention!
2026-08-08 17:33:13,@user5051,Suburbs,Pedestrian struck by a speeding car in Suburbs. Needs immediate medical attention!
2026-08-08 17:33:48,@user5323,Westside,Pedestrian struck by a speeding car in Westside. Needs immediate medical attention!
2026-08-08 17:33:53,@user8280,Westside,"Car on fire on Westside, traffic is completely stopped. Send firetrucks!"
2026-08-08 17:34:09,@user5332,Westside,Small electrical fire started at the bakery in Westside. Needs putting out.
2026-08-08 17:34:15,@user5232,Industrial District,Pedestrian struck by a speeding car in Industrial District. Needs immediate medical attention!
2026-08-08 17:34:37,@user8106,Southside,"Someone collapsed on the sidewalk in Southside, they aren't breathing! Need a medic ASAP."
2026-08-08 17:34:38,@user7863,Southside,"Car on fire on Southside, traffic is completely stopped. Send firetrucks!"
2026-08-08 17:35:28,@user4640,Main Street,Massive food poisoning outbreak at the festival in Main Street. Dozens of people need hospitalization.
2026-08-08 17:35:41,@user1340,North Hills,Pedestrian struck by a speeding car in North Hills. Needs immediate medical attention!
2026-08-08 17:36:29,@user4086,Old Town,Cyclist hit by a truck at the intersection of Old Town. Looks really bad. @Medical
2026-08-08 17:37:29,@user3639,Downtown,"Explosion heard near Downtown, now there's a massive fire! People are running."
2026-08-08 17:38:12,@user5101,Main Street,Traffic is terrible around Main Street today. Ugh.
2026-08-08 17:38:42,@user7247,Old Town,"Car on fire on Old Town, traffic is completely stopped. Send firetrucks!"
2026-08-08 17:38:51,@user9892,Westside,"Explosion heard near Westside, now there's a massive fire! People are running."
2026-08-08 17:39:43,@user9248,Southside,Huge flames seen at the Southside warehouse! Looks like a 3-alarm fire. #fire #emergency
2026-08-08 17:40:26,@user9870,North Hills,"Heart attack suspected at the gym in North Hills. CPR in progress, where is the ambulance?!"
2026-08-08 17:41:18,@user6348,Southside,Small electrical fire started at the bakery in Southside. Needs putting out.
2026-08-08 17:41:33,@user2712,Suburbs,Terrible multi-car crash at Suburbs. At least 3 people look badly injured. Send ambulances! #accident
2026-08-08 17:42:26,@user1303,Southside,Terrible multi-car crash at Southside. At least 3 people look badly injured. Send ambulances! #accident
2026-08-08 17:42:58,@user8616,Central Park,"Lost dog found near Central Park, please share!"
2026-08-08 17:43:05,@user5556,Industrial District,Just got the best coffee in Industrial District. What a beautiful day!
2026-08-08 17:43:08,@user7154,Route 66,"Explosion heard near Route 66, now there's a massive fire! People are running."
2026-08-08 17:43:15,@user9497,Main Street,Brush fire spreading fast near Main Street due to the high winds. @FireDept
2026-08-08 17:43:37,@user9492,North Hills,Small electrical fire started at the bakery in North Hills. Needs putting out.
2026-08-08 17:44:34,@user3903,Route 66,"Lost dog found near Route 66, please share!"
2026-08-08 17:45:12,@user4520,Industrial District,"Someone collapsed on the sidewalk in Industrial District, they aren't breathing! Need a medic ASAP."
2026-08-08 17:45:59,@user2942,Suburbs,Massive food poisoning outbreak at the festival in Suburbs. Dozens of people need hospitalization.
2026-08-08 17:46:32,@user9504,Route 66,Pedestrian struck by a speeding car in Route 66. Needs immediate medical attention!
2026-08-08 17:46:54,@user7333,Southside,Anyone know why the power is out in Southside?
2026-08-08 17:47:15,@user4716,Central Park,Major explosion at Central Park factory! Massive fire and many people injured. We need fire and medical now!
2026-08-08 17:47:59,@user7211,Route 66,Roof collapsed at the construction site in Route 66. Multiple workers trapped and injured.
2026-08-08 17:48:47,@user4413,Westside,Roof collapsed at the construction site in Westside. Multiple workers trapped and injured.
2026-08-08 17:49:39,@user7562,Industrial District,Anyone know why the power is out in Industrial District?
2026-08-08 17:50:25,@user4364,Old Town,Anyone know why the power is out in Old Town?
2026-08-08 17:50:41,@user6829,North Hills,Roof collapsed at the construction site in North Hills. Multiple workers trapped and injured.
2026-08-08 17:50:59,@user9294,Central Park,"Heart attack suspected at the gym in Central Park. CPR in progress, where is the ambulance?!"
2026-08-08 17:51:39,@user9158,North Hills,Terrible multi-car crash at North Hills. At least 3 people look badly injured. Send ambulances! #accident
2026-08-08 17:52:07,@user8425,Main Street,Huge flames seen at the Main Street warehouse! Looks like a 3-alarm fire. #fire #emergency
2026-08-08 17:52:31,@user3851,North Hills,Smell smoke coming from the apartment complex on North Hills. Fire alarms are going off!
2026-08-08 17:52:46,@user9033,Central Park,Pedestrian struck by a speeding car in Central Park. Needs immediate medical attention!
2026-08-08 17:53:38,@user6116,Downtown,Traffic is terrible around Downtown today. Ugh.
2026-08-08 17:54:04,@user9012,Downtown,"Lost dog found near Downtown, please share!"
2026-08-08 17:54:45,@user7991,Central Park,Traffic is terrible around Central Park today. Ugh.
2026-08-08 17:55:08,@user6100,Westside,"Explosion heard near Westside, now there's a massive fire! People are running."
2026-08-08 17:55:43,@user5585,Southside,Traffic is terrible around Southside today. Ugh.
2026-08-08 17:56:02,@user1571,Old Town,"Explosion heard near Old Town, now there's a massive fire! People are running."
2026-08-08 17:57:02,@user5421,Suburbs,Just got the best coffee in Suburbs. What a beautiful day!
2026-08-08 17:57:11,@user7142,Suburbs,"Explosion heard near Suburbs, now there's a massive fire! People are running."
2026-08-08 17:57:19,@user9012,Main Street,Huge flames seen at the Main Street warehouse! Looks like a 3-alarm fire. #fire #emergency
2026-08-08 17:57:59,@user6448,Main Street,"Someone collapsed on the sidewalk in Main Street, they aren't breathing! Need a medic ASAP."
2026-08-08 17:58:47,@user4284,Downtown,"Explosion heard near Downtown, now there's a massive fire! People are running."
2026-08-08 17:59:43,@user7120,Suburbs,Terrible multi-car crash at Suburbs. At least 3 people look badly injured. Send ambulances! #accident
2026-08-08 18:00:33,@user7667,Southside,Smell smoke coming from the apartment complex on Southside. Fire alarms are going off!
2026-08-08 18:01:07,@user1176,Southside,Anyone know why the power is out in Southside?
2026-08-08 18:01:35,@user7079,North Hills,Is something burning in North Hills? Thick black smoke in the sky.
2026-08-08 18:02:02,@user1207,Main Street,Smell smoke coming from the apartment complex on Main Street. Fire alarms are going off!
2026-08-08 18:02:06,@user7464,Industrial District,Terrible multi-car crash at Industrial District. At least 3 people look badly injured. Send ambulances! #accident
2026-08-08 18:02:07,@user2451,Southside,Pedestrian struck by a speeding car in Southside. Needs immediate medical attention!
2026-08-08 18:02:57,@user8607,Central Park,Major explosion at Central Park factory! Massive fire and many people injured. We need fire and medical now!
2026-08-08 18:03:42,@user6329,Downtown,Pedestrian struck by a speeding car in Downtown. Needs immediate medical attention!
2026-08-08 18:04:38,@user5968,Industrial District,Small electrical fire started at the bakery in Industrial District. Needs putting out.
2026-08-08 18:04:57,@user1104,Suburbs,"Explosion heard near Suburbs, now there's a massive fire! People are running."
2026-08-08 18:05:45,@user7655,Main Street,Brush fire spreading fast near Main Street due to the high winds. @FireDept
2026-08-08 18:06:01,@user9432,North Hills,Huge flames seen at the North Hills warehouse! Looks like a 3-alarm fire. #fire #emergency
2026-08-08 18:06:55,@user5483,Route 66,Terrible multi-car crash at Route 66. At least 3 people look badly injured. Send ambulances! #accident
2026-08-08 18:07:32,@user7137,North Hills,Massive food poisoning outbreak at the festival in North Hills. Dozens of people need hospitalization.
2026-08-08 18:08:09,@user8633,Westside,"Heart attack suspected at the gym in Westside. CPR in progress, where is the ambulance?!"
2026-08-08 18:08:42,@user9487,Westside,Roof collapsed at the construction site in Westside. Multiple workers trapped and injured.
2026-08-08 18:09:16,@user2450,Downtown,Is something burning in Downtown? Thick black smoke in the sky.
2026-08-08 18:10:14,@user7337,Main Street,"Car on fire on Main Street, traffic is completely stopped. Send firetrucks!"
2026-08-08 18:10:57,@user5654,Westside,Anyone know why the power is out in Westside?
2026-08-08 18:11:36,@user8928,Suburbs,Small electrical fire started at the bakery in Suburbs. Needs putting out.
2026-08-08 18:12:28,@user5883,Route 66,"Lost dog found near Route 66, please share!"
2026-08-08 18:12:50,@user5669,Southside,Cyclist hit by a truck at the intersection of Southside. Looks really bad. @Medical
2026-08-08 18:13:49,@user3136,Route 66,Traffic is terrible around Route 66 today. Ugh.
2026-08-08 18:13:57,@user5683,Main Street,Smell smoke coming from the apartment complex on Main Street. Fire alarms are going off!
2026-08-08 18:14:06,@user1474,Suburbs,Smell smoke coming from the apartment complex on Suburbs. Fire alarms are going off!
2026-08-08 18:14:27,@user8959,Southside,Building collapse in Southside due to the fire. Paramedics and Firefighters needed immediately.
2026-08-08 18:14:50,@user2859,Industrial District,Cyclist hit by a truck at the intersection of Industrial District. Looks really bad. @Medical
2026-08-08 18:15:22,@user3771,Main Street,Brush fire spreading fast near Main Street due to the high winds. @FireDept
2026-08-08 18:15:56,@user7491,Downtown,Small electrical fire started at the bakery in Downtown. Needs putting out.
2026-08-08 18:16:36,@user9838,Suburbs,Smell smoke coming from the apartment complex on Suburbs. Fire alarms are going off!
2026-08-08 18:16:52,@user3171,Westside,Building collapse in Westside due to the fire. Paramedics and Firefighters needed immediately.
2026-08-08 18:17:17,@user6977,Downtown,"Someone collapsed on the sidewalk in Downtown, they aren't breathing! Need a medic ASAP."
2026-08-08 18:18:12,@user2019,Suburbs,Small electrical fire started at the bakery in Suburbs. Needs putting out.
2026-08-08 18:18:39,@user4500,Industrial District,"Lost dog found near Industrial District, please share!"
2026-08-08 18:19:22,@user8975,Central Park,Small electrical fire started at the bakery in Central Park. Needs putting out.
2026-08-08 18:19:26,@user3641,Suburbs,Pedestrian struck by a speeding car in Suburbs. Needs immediate medical attention!
2026-08-08 18:20:25,@user6787,Old Town,Terrible multi-car crash at Old Town. At least 3 people look badly injured. Send ambulances! #accident
2026-08-08 18:21:15,@user4522,Industrial District,Roof collapsed at the construction site in Industrial District. Multiple workers trapped and injured.
2026-08-08 18:22:11,@user9284,Downtown,Brush fire spreading fast near Downtown due to the high winds. @FireDept
2026-08-08 18:23:10,@user2473,Southside,"Lost dog found near Southside, please share!"
2026-08-08 18:23:54,@user9330,Route 66,Pedestrian struck by a speeding car in Route 66. Needs immediate medical attention!
2026-08-08 18:24:23,@user6457,Main Street,Terrible multi-car crash at Main Street. At least 3 people look badly injured. Send ambulances! #accident
2026-08-08 18:24:51,@user6335,Industrial District,Traffic is terrible around Industrial District today. Ugh.
2026-08-08 18:25:47,@user3903,North Hills,Major explosion at North Hills factory! Massive fire and many people injured. We need fire and medical now!
2026-08-08 18:26:03,@user8849,Central Park,"Someone collapsed on the sidewalk in Central Park, they aren't breathing! Need a medic ASAP."
2026-08-08 18:27:01,@user8542,Downtown,Smell smoke coming from the apartment complex on Downtown. Fire alarms are going off!
2026-08-08 18:27:42,@user1284,Downtown,Terrible multi-car crash at Downtown. At least 3 people look badly injured. Send ambulances! #accident
2026-08-08 18:27:53,@user3266,Main Street,Building collapse in Main Street due to the fire. Paramedics and Firefighters needed immediately.
2026-08-08 18:27:58,@user7643,Southside,Building collapse in Southside due to the fire. Paramedics and Firefighters needed immediately.
2026-08-08 18:28:16,@user6520,Main Street,"Lost dog found near Main Street, please share!"
2026-08-08 18:28:57,@user4644,Downtown,Terrible multi-car crash at Downtown. At least 3 people look badly injured. Send ambulances! #accident
2026-08-08 18:29:25,@user9852,Downtown,Just got the best coffee in Downtown. What a beautiful day!
2026-08-08 18:29:26,@user5907,Downtown,Brush fire spreading fast near Downtown due to the high winds. @FireDept
2026-08-08 18:30:24,@user7298,Main Street,"Heart attack suspected at the gym in Main Street. CPR in progress, where is the ambulance?!"
2026-08-08 18:30:55,@user7035,Main Street,"Someone collapsed on the sidewalk in Main Street, they aren't breathing! Need a medic ASAP."
2026-08-08 18:31:00,@user7880,Southside,Brush fire spreading fast near Southside due to the high winds. @FireDept
2026-08-08 18:31:55,@user3764,Industrial District,"Explosion heard near Industrial District, now there's a massive fire! People are running."
2026-08-08 18:32:39,@user3004,Central Park,"Heart attack suspected at the gym in Central Park. CPR in progress, where is the ambulance?!"
2026-08-08 18:32:58,@user5506,Westside,Just got the best coffee in Westside. What a beautiful day!
2026-08-08 18:33:09,@user9139,Route 66,"Car on fire on Route 66, traffic is completely stopped. Send firetrucks!"
2026-08-08 18:33:58,@user4747,Route 66,"Lost dog found near Route 66, please share!"
2026-08-08 18:34:38,@user7190,Westside,Pedestrian struck by a speeding car in Westside. Needs immediate medical attention!
2026-08-08 18:35:03,@user9631,Central Park,Major explosion at Central Park factory! Massive fire and many people injured. We need fire and medical now!
2026-08-08 18:35:54,@user6120,Westside,"Explosion heard near Westside, now there's a massive fire! People are running."
2026-08-08 18:36:22,@user5476,North Hills,Building collapse in North Hills due to the fire. Paramedics and Firefighters needed immediately.
2026-08-08 18:37:17,@user8975,North Hills,Major explosion at North Hills factory! Massive fire and many people injured. We need fire and medical now!
2026-08-08 18:37:23,@user3095,Suburbs,Pedestrian struck by a speeding car in Suburbs. Needs immediate medical attention!
2026-08-08 18:37:46,@user8382,Westside,"Heart attack suspected at the gym in Westside. CPR in progress, where is the ambulance?!"
2026-08-08 18:38:00,@user2026,Suburbs,Building collapse in Suburbs due to the fire. Paramedics and Firefighters needed immediately.
2026-08-08 18:38:30,@user6111,Southside,Huge flames seen at the Southside warehouse! Looks like a 3-alarm fire. #fire #emergency
2026-08-08 18:39:05,@user8349,Downtown,"Heart attack suspected at the gym in Downtown. CPR in progress, where is the ambulance?!"
2026-08-08 18:39:17,@user5927,Industrial District,Is something burning in Industrial District? Thick black smoke in the sky.
2026-08-08 18:40:00,@user9355,Suburbs,Huge flames seen at the Suburbs warehouse! Looks like a 3-alarm fire. #fire #emergency
2026-08-08 18:40:06,@user5536,Old Town,Traffic is terrible around Old Town today. Ugh.
2026-08-08 18:40:11,@user8202,Southside,Anyone know why the power is out in Southside?
2026-08-08 18:40:53,@user7130,North Hills,Building collapse in North Hills due to the fire. Paramedics and Firefighters needed immediately.
2026-08-08 18:40:54,@user5552,Old Town,Smell smoke coming from the apartment complex on Old Town. Fire alarms are going off!
2026-08-08 18:41:08,@user2746,North Hills,Anyone know why the power is out in North Hills?
2026-08-08 18:41:29,@user3407,Old Town,Massive food poisoning outbreak at the festival in Old Town. Dozens of people need hospitalization.
2026-08-08 18:41:36,@user9578,Southside,Just got the best coffee in Southside. What a beautiful day!
2026-08-08 18:41:51,@user1008,North Hills,Traffic is terrible around North Hills today. Ugh.
2026-08-08 18:42:00,@user9964,Westside,"Car on fire on Westside, traffic is completely stopped. Send firetrucks!"
2026-08-08 18:42:02,@user7662,Old Town,Just got the best coffee in Old Town. What a beautiful day!
2026-08-08 18:42:48,@user6139,Industrial District,Terrible multi-car crash at Industrial District. At least 3 people look badly injured. Send ambulances! #accident
2026-08-08 18:43:41,@user4071,Main Street,"Heart attack suspected at the gym in Main Street. CPR in progress, where is the ambulance?!"
2026-08-08 18:44:06,@user1565,Southside,"Heart attack suspected at the gym in Southside. CPR in progress, where is the ambulance?!"
2026-08-08 18:45:06,@user1483,Industrial District,Smell smoke coming from the apartment complex on Industrial District. Fire alarms are going off!
2026-08-08 18:45:07,@user5947,Main Street,Is something burning in Main Street? Thick black smoke in the sky.
2026-08-08 18:45:20,@user7436,Southside,Roof collapsed at the construction site in Southside. Multiple workers trapped and injured.
2026-08-08 18:46:17,@user4392,Old Town,"Someone collapsed on the sidewalk in Old Town, they aren't breathing! Need a medic ASAP."
2026-08-08 18:46:32,@user8740,Old Town,Anyone know why the power is out in Old Town?
2026-08-08 18:46:48,@user6222,Industrial District,Building collapse in Industrial District due to the fire. Paramedics and Firefighters needed immediately.
2026-08-08 18:47:08,@user6979,Southside,Brush fire spreading fast near Southside due to the high winds. @FireDept
2026-08-08 18:47:51,@user6107,Industrial District,Roof collapsed at the construction site in Industrial District. Multiple workers trapped and injured.
2026-08-08 18:48:01,@user4569,Main Street,Cyclist hit by a truck at the intersection of Main Street. Looks really bad. @Medical
2026-08-08 18:48:48,@user6617,North Hills,Terrible multi-car crash at North Hills. At least 3 people look badly injured. Send ambulances! #accident
2026-08-08 18:49:46,@user2682,Industrial District,Small electrical fire started at the bakery in Industrial District. Needs putting out.
2026-08-08 18:49:55,@user8315,Southside,"Someone collapsed on the sidewalk in Southside, they aren't breathing! Need a medic ASAP."
2026-08-08 18:50:14,@user4973,Westside,"Explosion heard near Westside, now there's a massive fire! People are running."
2026-08-08 18:50:27,@user9447,Main Street,Building collapse in Main Street due to the fire. Paramedics and Firefighters needed immediately.
2026-08-08 18:50:28,@user3107,Central Park,Terrible multi-car crash at Central Park. At least 3 people look badly injured. Send ambulances! #accident
2026-08-08 18:50:48,@user4915,Suburbs,Smell smoke coming from the apartment complex on Suburbs. Fire alarms are going off!
2026-08-08 18:51:28,@user4600,Suburbs,Small electrical fire started at the bakery in Suburbs. Needs putting out.
2026-08-08 18:52:10,@user2707,Central Park,Anyone know why the power is out in Central Park?
2026-08-08 18:53:07,@user7293,Main Street,Anyone know why the power is out in Main Street?
2026-08-08 18:53:28,@user1284,Westside,"Heart attack suspected at the gym in Westside. CPR in progress, where is the ambulance?!"
2026-08-08 18:53:52,@user6642,Old Town,Brush fire spreading fast near Old Town due to the high winds. @FireDept
2026-08-08 18:53:56,@user5213,Downtown,Small electrical fire started at the bakery in Downtown. Needs putting out.
2026-08-08 18:54:50,@user2303,Industrial District,Traffic is terrible around Industrial District today. Ugh.
2026-08-08 18:55:43,@user9339,North Hills,Terrible multi-car crash at North Hills. At least 3 people look badly injured. Send ambulances! #accident
2026-08-08 18:56:17,@user3023,Suburbs,Is something burning in Suburbs? Thick black smoke in the sky.
2026-08-08 18:56:27,@user9469,Westside,Roof collapsed at the construction site in Westside. Multiple workers trapped and injured.
2026-08-08 18:57:02,@user1621,Westside,"Someone collapsed on the sidewalk in Westside, they aren't breathing! Need a medic ASAP."
2026-08-08 18:57:22,@user6787,Downtown,Major explosion at Downtown factory! Massive fire and many people injured. We need fire and medical now!
2026-08-08 18:57:33,@user6043,Main Street,Massive food poisoning outbreak at the festival in Main Street. Dozens of people need hospitalization.
2026-08-08 18:58:01,@user3969,Westside,Anyone know why the power is out in Westside?
2026-08-08 18:58:53,@user9134,Industrial District,Major explosion at Industrial District factory! Massive fire and many people injured. We need fire and medical now!
2026-08-08 18:59:18,@user3226,Old Town,Just got the best coffee in Old Town. What a beautiful day!
2026-08-08 18:59:44,@user9677,Old Town,"Heart attack suspected at the gym in Old Town. CPR in progress, where is the ambulance?!"
2026-08-08 19:00:37,@user5262,North Hills,Small electrical fire started at the bakery in North Hills. Needs putting out.
2026-08-08 19:01:36,@user9086,Southside,Anyone know why the power is out in Southside?
2026-08-08 19:01:54,@user5457,Industrial District,Brush fire spreading fast near Industrial District due to the high winds. @FireDept
2026-08-08 19:02:33,@user1050,Main Street,Major explosion at Main Street factory! Massive fire and many people injured. We need fire and medical now!
2026-08-08 19:03:05,@user3380,Central Park,Terrible multi-car crash at Central Park. At least 3 people look badly injured. Send ambulances! #accident
2026-08-08 19:03:53,@user6622,Downtown,"Someone collapsed on the sidewalk in Downtown, they aren't breathing! Need a medic ASAP."
2026-08-08 19:04:23,@user9929,North Hills,Brush fire spreading fast near North Hills due to the high winds. @FireDept
2026-08-08 19:04:52,@user4190,Westside,"Heart attack suspected at the gym in Westside. CPR in progress, where is the ambulance?!"
2026-08-08 19:05:40,@user3348,Downtown,"Someone collapsed on the sidewalk in Downtown, they aren't breathing! Need a medic ASAP."
2026-08-08 19:06:26,@user6709,Main Street,Is something burning in Main Street? Thick black smoke in the sky.
2026-08-08 19:07:24,@user9512,Central Park,Is something burning in Central Park? Thick black smoke in the sky.
2026-08-08 19:08:22,@user9983,Suburbs,Massive food poisoning outbreak at the festival in Suburbs. Dozens of people need hospitalization.
2026-08-08 19:08:33,@user6598,Old Town,"Someone collapsed on the sidewalk in Old Town, they aren't breathing! Need a medic ASAP."
2026-08-08 19:09:33,@user4242,North Hills,Pedestrian struck by a speeding car in North Hills. Needs immediate medical attention!
2026-08-08 19:10:27,@user3150,Westside,Small electrical fire started at the bakery in Westside. Needs putting out.
2026-08-08 19:11:25,@user6689,Downtown,Small electrical fire started at the bakery in Downtown. Needs putting out.
2026-08-08 19:12:24,@user1759,Westside,Terrible multi-car crash at Westside. At least 3 people look badly injured. Send ambulances! #accident
2026-08-08 19:12:48,@user6904,Industrial District,Terrible multi-car crash at Industrial District. At least 3 people look badly injured. Send ambulances! #accident
2026-08-08 19:13:00,@user9730,Main Street,Major explosion at Main Street factory! Massive fire and many people injured. We need fire and medical now!
2026-08-08 19:13:53,@user8752,Southside,"Lost dog found near Southside, please share!"
2026-08-08 19:13:54,@user7666,Old Town,Smell smoke coming from the apartment complex on Old Town. Fire alarms are going off!
2026-08-08 19:14:23,@user2486,North Hills,Cyclist hit by a truck at the intersection of North Hills. Looks really bad. @Medical
2026-08-08 19:14:26,@user4218,Main Street,Cyclist hit by a truck at the intersection of Main Street. Looks really bad. @Medical
2026-08-08 19:15:02,@user2311,Westside,Brush fire spreading fast near Westside due to the high winds. @FireDept
2026-08-08 19:15:12,@user1045,Industrial District,"Car on fire on Industrial District, traffic is completely stopped. Send firetrucks!"
2026-08-08 19:15:25,@user9260,Suburbs,Traffic is terrible around Suburbs today. Ugh.
2026-08-08 19:15:48,@user7020,Route 66,Pedestrian struck by a speeding car in Route 66. Needs immediate medical attention!
2026-08-08 19:16:06,@user3290,Main Street,Traffic is terrible around Main Street today. Ugh.
2026-08-08 19:16:47,@user8110,Westside,Terrible multi-car crash at Westside. At least 3 people look badly injured. Send ambulances! #accident
2026-08-08 19:16:56,@user9548,Old Town,"Someone collapsed on the sidewalk in Old Town, they aren't breathing! Need a medic ASAP."
2026-08-08 19:16:57,@user4524,Suburbs,Small electrical fire started at the bakery in Suburbs. Needs putting out.
2026-08-08 19:17:27,@user9872,Downtown,Massive food poisoning outbreak at the festival in Downtown. Dozens of people need hospitalization.
2026-08-08 19:17:43,@user2283,Downtown,"Car on fire on Downtown, traffic is completely stopped. Send firetrucks!"
2026-08-08 19:17:58,@user4127,Central Park,Terrible multi-car crash at Central Park. At least 3 people look badly injured. Send ambulances! #accident
2026-08-08 19:18:23,@user2009,Old Town,Just got the best coffee in Old Town. What a beautiful day!
2026-08-08 19:18:46,@user2967,Main Street,Massive food poisoning outbreak at the festival in Main Street. Dozens of people need hospitalization.
2026-08-08 19:19:07,@user6459,Old Town,Just got the best coffee in Old Town. What a beautiful day!
2026-08-08 19:19:56,@user7713,Main Street,Anyone know why the power is out in Main Street?
2026-08-08 19:20:16,@user3308,Old Town,Pedestrian struck by a speeding car in Old Town. Needs immediate medical attention!
2026-08-08 19:20:33,@user3044,Main Street,Roof collapsed at the construction site in Main Street. Multiple workers trapped and injured.
2026-08-08 19:21:08,@user8856,Route 66,"Car on fire on Route 66, traffic is completely stopped. Send firetrucks!"
2026-08-08 19:21:21,@user3926,Southside,"Heart attack suspected at the gym in Southside. CPR in progress, where is the ambulance?!"
2026-08-08 19:21:49,@user4409,Main Street,"Lost dog found near Main Street, please share!"
2026-08-08 19:22:01,@user5214,Central Park,Cyclist hit by a truck at the intersection of Central Park. Looks really bad. @Medical
2026-08-08 19:22:51,@user8387,Southside,Anyone know why the power is out in Southside?
2026-08-08 19:23:12,@user4275,Westside,Major explosion at Westside factory! Massive fire and many people injured. We need fire and medical now!
2026-08-08 19:23:33,@user9369,Old Town,"Explosion heard near Old Town, now there's a massive fire! People are running."
2026-08-08 19:23:41,@user3858,Main Street,Is something burning in Main Street? Thick black smoke in the sky.
2026-08-08 19:23:42,@user1540,Industrial District,"Explosion heard near Industrial District, now there's a massive fire! People are running."
2026-08-08 19:24:30,@user7305,Central Park,Terrible multi-car crash at Central Park. At least 3 people look badly injured. Send ambulances! #accident
2026-08-08 19:25:30,@user5812,Central Park,"Heart attack suspected at the gym in Central Park. CPR in progress, where is the ambulance?!"
2026-08-08 19:26:13,@user5369,Westside,Anyone know why the power is out in Westside?
2026-08-08 19:26:54,@user4898,North Hills,"Explosion heard near North Hills, now there's a massive fire! People are running."
2026-08-08 19:27:09,@user7496,Downtown,Major explosion at Downtown factory! Massive fire and many people injured. We need fire and medical now!
2026-08-08 19:28:00,@user1963,Suburbs,Roof collapsed at the construction site in Suburbs. Multiple workers trapped and injured.
2026-08-08 19:28:30,@user7227,North Hills,Building collapse in North Hills due to the fire. Paramedics and Firefighters needed immediately.
2026-08-08 19:28:47,@user6024,Industrial District,Building collapse in Industrial District due to the fire. Paramedics and Firefighters needed immediately.
2026-08-08 19:29:24,@user8901,Southside,Cyclist hit by a truck at the intersection of Southside. Looks really bad. @Medical
2026-08-08 19:29:41,@user7745,Industrial District,Traffic is terrible around Industrial District today. Ugh.
2026-08-08 19:30:37,@user9067,Route 66,Huge flames seen at the Route 66 warehouse! Looks like a 3-alarm fire. #fire #emergency
2026-08-08 19:31:34,@user5410,Route 66,Huge flames seen at the Route 66 warehouse! Looks like a 3-alarm fire. #fire #emergency
2026-08-08 19:31:45,@user6503,Downtown,Just got the best coffee in Downtown. What a beautiful day!
2026-08-08 19:32:38,@user7086,North Hills,Is something burning in North Hills? Thick black smoke in the sky.
2026-08-08 19:32:41,@user5468,Downtown,"Lost dog found near Downtown, please share!"
2026-08-08 19:33:33,@user5441,Downtown,Just got the best coffee in Downtown. What a beautiful day!
2026-08-08 19:34:22,@user5409,Route 66,"Car on fire on Route 66, traffic is completely stopped. Send firetrucks!"
2026-08-08 19:34:53,@user3303,Central Park,"Car on fire on Central Park, traffic is completely stopped. Send firetrucks!"
2026-08-08 19:34:58,@user1030,Southside,Massive food poisoning outbreak at the festival in Southside. Dozens of people need hospitalization.
2026-08-08 19:35:11,@user6310,Westside,Is something burning in Westside? Thick black smoke in the sky.
2026-08-08 19:35:21,@user2002,Southside,Roof collapsed at the construction site in Southside. Multiple workers trapped and injured.
2026-08-08 19:35:27,@user6042,Suburbs,Massive food poisoning outbreak at the festival in Suburbs. Dozens of people need hospitalization.
2026-08-08 19:36:10,@user4058,Suburbs,Small electrical fire started at the bakery in Suburbs. Needs putting out.
2026-08-08 19:37:02,@user1568,Industrial District,Pedestrian struck by a speeding car in Industrial District. Needs immediate medical attention!
2026-08-08 19:37:36,@user1075,Main Street,Cyclist hit by a truck at the intersection of Main Street. Looks really bad. @Medical
2026-08-08 19:37:40,@user4900,Central Park,Is something burning in Central Park? Thick black smoke in the sky.
2026-08-08 19:37:45,@user4430,Main Street,Traffic is terrible around Main Street today. Ugh.
2026-08-08 19:38:09,@user1205,Industrial District,Small electrical fire started at the bakery in Industrial District. Needs putting out.
2026-08-08 19:38:33,@user7555,Central Park,"Car on fire on Central Park, traffic is completely stopped. Send firetrucks!"
2026-08-08 19:39:08,@user9148,Westside,"Lost dog found near Westside, please share!"
2026-08-08 19:39:31,@user3928,North Hills,Traffic is terrible around North Hills today. Ugh.
2026-08-08 19:40:29,@user8863,North Hills,Small electrical fire started at the bakery in North Hills. Needs putting out.
2026-08-08 19:41:23,@user9131,Central Park,Small electrical fire started at the bakery in Central Park. Needs putting out.
2026-08-08 19:41:40,@user8054,Route 66,Is something burning in Route 66? Thick black smoke in the sky.
2026-08-08 19:41:59,@user8024,Old Town,"Heart attack suspected at the gym in Old Town. CPR in progress, where is the ambulance?!"
2026-08-08 19:42:56,@user5758,Route 66,Small electrical fire started at the bakery in Route 66. Needs putting out.
2026-08-08 19:43:00,@user3969,North Hills,"Someone collapsed on the sidewalk in North Hills, they aren't breathing! Need a medic ASAP."
2026-08-08 19:43:25,@user6030,Central Park,Cyclist hit by a truck at the intersection of Central Park. Looks really bad. @Medical
2026-08-08 19:43:27,@user2706,Route 66,Terrible multi-car crash at Route 66. At least 3 people look badly injured. Send ambulances! #accident
2026-08-08 19:44:17,@user3662,Route 66,Major explosion at Route 66 factory! Massive fire and many people injured. We need fire and medical now!
2026-08-08 19:44:41,@user8627,North Hills,Just got the best coffee in North Hills. What a beautiful day!
2026-08-08 19:45:35,@user9756,Westside,Massive food poisoning outbreak at the festival in Westside. Dozens of people need hospitalization.
2026-08-08 19:46:18,@user3573,Westside,Huge flames seen at the Westside warehouse! Looks like a 3-alarm fire. #fire #emergency
2026-08-08 19:47:15,@user2241,Westside,Just got the best coffee in Westside. What a beautiful day!
2026-08-08 19:48:00,@user2015,Central Park,Pedestrian struck by a speeding car in Central Park. Needs immediate medical attention!
2026-08-08 19:48:30,@user7153,Downtown,Just got the best coffee in Downtown. What a beautiful day!
2026-08-08 19:48:56,@user1483,Suburbs,Is something burning in Suburbs? Thick black smoke in the sky.
2026-08-08 19:49:26,@user2994,Main Street,"Lost dog found near Main Street, please share!"
2026-08-08 19:50:03,@user1467,Central Park,Roof collapsed at the construction site in Central Park. Multiple workers trapped and injured.
2026-08-08 19:50:55,@user5248,Old Town,Massive food poisoning outbreak at the festival in Old Town. Dozens of people need hospitalization.
2026-08-08 19:51:51,@user4578,Industrial District,"Car on fire on Industrial District, traffic is completely stopped. Send firetrucks!"
2026-08-08 19:52:19,@user3664,Old Town,Terrible multi-car crash at Old Town. At least 3 people look badly injured. Send ambulances! #accident
2026-08-08 19:52:44,@user6151,Route 66,"Heart attack suspected at the gym in Route 66. CPR in progress, where is the ambulance?!"
2026-08-08 19:53:24,@user9020,Westside,Terrible multi-car crash at Westside. At least 3 people look badly injured. Send ambulances! #accident
2026-08-08 19:54:15,@user2149,Southside,Massive food poisoning outbreak at the festival in Southside. Dozens of people need hospitalization.
2026-08-08 19:54:31,@user8748,Industrial District,Huge flames seen at the Industrial District warehouse! Looks like a 3-alarm fire. #fire #emergency
2026-08-08 19:55:22,@user8612,Westside,Terrible multi-car crash at Westside. At least 3 people look badly injured. Send ambulances! #accident
2026-08-08 19:56:22,@user9099,Downtown,Smell smoke coming from the apartment complex on Downtown. Fire alarms are going off!
2026-08-08 19:56:37,@user7876,Old Town,Is something burning in Old Town? Thick black smoke in the sky.
2026-08-08 19:57:25,@user7220,Central Park,"Lost dog found near Central Park, please share!"
2026-08-08 19:58:24,@user7928,Route 66,Major explosion at Route 66 factory! Massive fire and many people injured. We need fire and medical now!
2026-08-08 19:58:47,@user4840,Suburbs,"Lost dog found near Suburbs, please share!"
2026-08-08 19:59:10,@user8219,Suburbs,Huge flames seen at the Suburbs warehouse! Looks like a 3-alarm fire. #fire #emergency
2026-08-08 19:59:31,@user5150,Main Street,Traffic is terrible around Main Street today. Ugh.
2026-08-08 19:59:51,@user1095,Downtown,"Heart attack suspected at the gym in Downtown. CPR in progress, where is the ambulance?!"
2026-08-08 20:00:37,@user6725,Central Park,Huge flames seen at the Central Park warehouse! Looks like a 3-alarm fire. #fire #emergency
2026-08-08 20:00:54,@user8858,Suburbs,"Lost dog found near Suburbs, please share!"
2026-08-08 20:01:21,@user6109,Suburbs,Cyclist hit by a truck at the intersection of Suburbs. Looks really bad. @Medical
2026-08-08 20:02:20,@user6048,North Hills,Major explosion at North Hills factory! Massive fire and many people injured. We need fire and medical now!
2026-08-08 20:02:31,@user9009,North Hills,"Car on fire on North Hills, traffic is completely stopped. Send firetrucks!"
2026-08-08 20:03:25,@user9969,Old Town,Major explosion at Old Town factory! Massive fire and many people injured. We need fire and medical now!
2026-08-08 20:03:42,@user6943,Downtown,Brush fire spreading fast near Downtown due to the high winds. @FireDept
2026-08-08 20:04:08,@user7148,Southside,Massive food poisoning outbreak at the festival in Southside. Dozens of people need hospitalization.
2026-08-08 20:04:44,@user7757,North Hills,"Lost dog found near North Hills, please share!"
2026-08-08 20:04:51,@user1172,Westside,Is something burning in Westside? Thick black smoke in the sky.
2026-08-08 20:05:29,@user1157,Downtown,Huge flames seen at the Downtown warehouse! Looks like a 3-alarm fire. #fire #emergency
2026-08-08 20:05:50,@user5595,Westside,"Heart attack suspected at the gym in Westside. CPR in progress, where is the ambulance?!"
2026-08-08 20:06:12,@user3367,Main Street,"Someone collapsed on the sidewalk in Main Street, they aren't breathing! Need a medic ASAP."
2026-08-08 20:06:38,@user4335,Downtown,"Explosion heard near Downtown, now there's a massive fire! People are running."
2026-08-08 20:07:12,@user6418,Downtown,Brush fire spreading fast near Downtown due to the high winds. @FireDept
2026-08-08 20:07:36,@user6055,Main Street,Major explosion at Main Street factory! Massive fire and many people injured. We need fire and medical now!
2026-08-08 20:08:01,@user4226,Old Town,Terrible multi-car crash at Old Town. At least 3 people look badly injured. Send ambulances! #accident
2026-08-08 20:08:24,@user6446,Westside,Cyclist hit by a truck at the intersection of Westside. Looks really bad. @Medical
2026-08-08 20:08:56,@user8375,Route 66,"Someone collapsed on the sidewalk in Route 66, they aren't breathing! Need a medic ASAP."
2026-08-08 20:09:23,@user1337,Westside,Pedestrian struck by a speeding car in Westside. Needs immediate medical attention!
2026-08-08 20:09:50,@user7098,Central Park,Brush fire spreading fast near Central Park due to the high winds. @FireDept
2026-08-08 20:10:02,@user1198,Westside,Huge flames seen at the Westside warehouse! Looks like a 3-alarm fire. #fire #emergency
2026-08-08 20:10:37,@user9868,Main Street,Just got the best coffee in Main Street. What a beautiful day!
2026-08-08 20:10:49,@user8275,North Hills,"Car on fire on North Hills, traffic is completely stopped. Send firetrucks!"
2026-08-08 20:11:40,@user9067,Southside,"Heart attack suspected at the gym in Southside. CPR in progress, where is the ambulance?!"
2026-08-08 20:11:46,@user2132,Route 66,Terrible multi-car crash at Route 66. At least 3 people look badly injured. Send ambulances! #accident
2026-08-08 20:12:22,@user1328,Southside,Major explosion at Southside factory! Massive fire and many people injured. We need fire and medical now!
2026-08-08 20:12:28,@user7510,Central Park,Traffic is terrible around Central Park today. Ugh.
2026-08-08 20:13:20,@user8991,Southside,"Someone collapsed on the sidewalk in Southside, they aren't breathing! Need a medic ASAP."
2026-08-08 20:13:59,@user6303,Downtown,"Someone collapsed on the sidewalk in Downtown, they aren't breathing! Need a medic ASAP."
2026-08-08 20:14:06,@user1247,Suburbs,Just got the best coffee in Suburbs. What a beautiful day!
2026-08-08 20:14:58,@user9044,North Hills,"Heart attack suspected at the gym in North Hills. CPR in progress, where is the ambulance?!"
2026-08-08 20:15:45,@user2850,Southside,"Lost dog found near Southside, please share!"
2026-08-08 20:15:56,@user1923,Central Park,"Explosion heard near Central Park, now there's a massive fire! People are running."
2026-08-08 20:16:13,@user8703,Old Town,Major explosion at Old Town factory! Massive fire and many people injured. We need fire and medical now!
2026-08-08 20:17:01,@user9525,Central Park,Pedestrian struck by a speeding car in Central Park. Needs immediate medical attention!
2026-08-08 20:17:23,@user4445,Route 66,Massive food poisoning outbreak at the festival in Route 66. Dozens of people need hospitalization.
2026-08-08 20:17:31,@user7557,Westside,Just got the best coffee in Westside. What a beautiful day!
2026-08-08 20:17:35,@user1423,Industrial District,"Explosion heard near Industrial District, now there's a massive fire! People are running."
2026-08-08 20:18:21,@user2119,Industrial District,Brush fire spreading fast near Industrial District due to the high winds. @FireDept
2026-08-08 20:19:09,@user2230,Old Town,"Explosion heard near Old Town, now there's a massive fire! People are running."
2026-08-08 20:19:40,@user5333,Westside,Anyone know why the power is out in Westside?
2026-08-08 20:20:32,@user8975,Route 66,"Lost dog found near Route 66, please share!"
2026-08-08 20:21:31,@user7992,Route 66,"Heart attack suspected at the gym in Route 66. CPR in progress, where is the ambulance?!"
2026-08-08 20:21:34,@user5419,Route 66,Building collapse in Route 66 due to the fire. Paramedics and Firefighters needed immediately.
2026-08-08 20:22:17,@user3706,Westside,Major explosion at Westside factory! Massive fire and many people injured. We need fire and medical now!
2026-08-08 20:23:14,@user1804,Industrial District,Huge flames seen at the Industrial District warehouse! Looks like a 3-alarm fire. #fire #emergency
2026-08-08 20:23:22,@user8386,Old Town,Major explosion at Old Town factory! Massive fire and many people injured. We need fire and medical now!
2026-08-08 20:23:25,@user8804,Main Street,Is something burning in Main Street? Thick black smoke in the sky.
2026-08-08 20:24:23,@user6080,North Hills,Is something burning in North Hills? Thick black smoke in the sky.
2026-08-08 20:24:35,@user3656,Central Park,"Car on fire on Central Park, traffic is completely stopped. Send firetrucks!"
2026-08-08 20:25:02,@user7034,Old Town,Pedestrian struck by a speeding car in Old Town. Needs immediate medical attention!
2026-08-08 20:25:10,@user2087,Industrial District,Is something burning in Industrial District? Thick black smoke in the sky.
2026-08-08 20:25:11,@user1065,Suburbs,Massive food poisoning outbreak at the festival in Suburbs. Dozens of people need hospitalization.
2026-08-08 20:25:39,@user6229,Old Town,Huge flames seen at the Old Town warehouse! Looks like a 3-alarm fire. #fire #emergency
2026-08-08 20:26:27,@user5767,North Hills,Huge flames seen at the North Hills warehouse! Looks like a 3-alarm fire. #fire #emergency
2026-08-08 20:26:42,@user6400,Main Street,Anyone know why the power is out in Main Street?
2026-08-08 20:27:03,@user8911,Southside,"Lost dog found near Southside, please share!"
2026-08-08 20:27:29,@user6316,North Hills,Is something burning in North Hills? Thick black smoke in the sky.
2026-08-08 20:27:36,@user3638,Westside,"Lost dog found near Westside, please share!"
2026-08-08 20:28:36,@user9765,North Hills,Roof collapsed at the construction site in North Hills. Multiple workers trapped and injured.
2026-08-08 20:28:41,@user9611,North Hills,Major explosion at North Hills factory! Massive fire and many people injured. We need fire and medical now!
2026-08-08 20:28:50,@user9993,Main Street,Is something burning in Main Street? Thick black smoke in the sky.
2026-08-08 20:29:44,@user9694,Downtown,Small electrical fire started at the bakery in Downtown. Needs putting out.
2026-08-08 20:30:41,@user6530,Central Park,Cyclist hit by a truck at the intersection of Central Park. Looks really bad. @Medical
2026-08-08 20:31:06,@user8920,Downtown,Smell smoke coming from the apartment complex on Downtown. Fire alarms are going off!
2026-08-08 20:32:01,@user4594,Route 66,Smell smoke coming from the apartment complex on Route 66. Fire alarms are going off!
2026-08-08 20:32:56,@user2876,Central Park,Is something burning in Central Park? Thick black smoke in the sky.
2026-08-08 20:33:02,@user3831,Main Street,Massive food poisoning outbreak at the festival in Main Street. Dozens of people need hospitalization.
2026-08-08 20:33:41,@user6930,Central Park,"Heart attack suspected at the gym in Central Park. CPR in progress, where is the ambulance?!"
2026-08-08 20:34:02,@user4064,Main Street,"Someone collapsed on the sidewalk in Main Street, they aren't breathing! Need a medic ASAP."
2026-08-08 20:34:55,@user3574,Suburbs,Major explosion at Suburbs factory! Massive fire and many people injured. We need fire and medical now!
2026-08-08 20:35:31,@user2073,Main Street,Massive food poisoning outbreak at the festival in Main Street. Dozens of people need hospitalization.
2026-08-08 20:35:46,@user5705,Old Town,Is something burning in Old Town? Thick black smoke in the sky.
2026-08-08 20:35:53,@user2751,Southside,Is something burning in Southside? Thick black smoke in the sky.
2026-08-08 20:36:31,@user4604,Old Town,Huge flames seen at the Old Town warehouse! Looks like a 3-alarm fire. #fire #emergency
2026-08-08 20:36:48,@user1680,Route 66,"Someone collapsed on the sidewalk in Route 66, they aren't breathing! Need a medic ASAP."
2026-08-08 20:37:47,@user1224,Southside,Is something burning in Southside? Thick black smoke in the sky.
2026-08-08 20:37:58,@user3050,Old Town,Anyone know why the power is out in Old Town?
2026-08-08 20:38:57,@user7817,Suburbs,Roof collapsed at the construction site in Suburbs. Multiple workers trapped and injured.
2026-08-08 20:39:25,@user2198,North Hills,Anyone know why the power is out in North Hills?
2026-08-08 20:39:45,@user7121,Westside,Pedestrian struck by a speeding car in Westside. Needs immediate medical attention!
2026-08-08 20:39:50,@user9637,Suburbs,Just got the best coffee in Suburbs. What a beautiful day!
2026-08-08 20:40:33,@user2340,Route 66,"Heart attack suspected at the gym in Route 66. CPR in progress, where is the ambulance?!"
2026-08-08 20:41:08,@user8102,Central Park,Pedestrian struck by a speeding car in Central Park. Needs immediate medical attention!
2026-08-08 20:41:09,@user3508,Southside,Roof collapsed at the construction site in Southside. Multiple workers trapped and injured.
2026-08-08 20:41:40,@user8069,Old Town,Is something burning in Old Town? Thick black smoke in the sky.
2026-08-08 20:42:06,@user6034,Downtown,Smell smoke coming from the apartment complex on Downtown. Fire alarms are going off!
2026-08-08 20:42:15,@user5631,Southside,"Someone collapsed on the sidewalk in Southside, they aren't breathing! Need a medic ASAP."
2026-08-08 20:42:43,@user1979,Central Park,Roof collapsed at the construction site in Central Park. Multiple workers trapped and injured.
2026-08-08 20:43:43,@user5572,Main Street,Is something burning in Main Street? Thick black smoke in the sky.
2026-08-08 20:44:28,@user3988,Westside,Building collapse in Westside due to the fire. Paramedics and Firefighters needed immediately.
2026-08-08 20:44:34,@user4574,Route 66,Pedestrian struck by a speeding car in Route 66. Needs immediate medical attention!
2026-08-08 20:45:21,@user3445,Westside,Roof collapsed at the construction site in Westside. Multiple workers trapped and injured.
2026-08-08 20:45:49,@user1011,Main Street,Terrible multi-car crash at Main Street. At least 3 people look badly injured. Send ambulances! #accident
2026-08-08 20:46:41,@user5150,Southside,Smell smoke coming from the apartment complex on Southside. Fire alarms are going off!
2026-08-08 20:46:53,@user3482,Industrial District,"Lost dog found near Industrial District, please share!"
2026-08-08 20:47:03,@user4939,Central Park,Anyone know why the power is out in Central Park?
2026-08-08 20:47:40,@user5127,Route 66,Smell smoke coming from the apartment complex on Route 66. Fire alarms are going off!
2026-08-08 20:47:56,@user8521,Central Park,Major explosion at Central Park factory! Massive fire and many people injured. We need fire and medical now!
2026-08-08 20:48:03,@user7824,Westside,Is something burning in Westside? Thick black smoke in the sky.
2026-08-08 20:48:40,@user9505,Main Street,Brush fire spreading fast near Main Street due to the high winds. @FireDept
2026-08-08 20:48:54,@user5400,Industrial District,Is something burning in Industrial District? Thick black smoke in the sky.
2026-08-08 20:49:18,@user5293,Downtown,Huge flames seen at the Downtown warehouse! Looks like a 3-alarm fire. #fire #emergency
2026-08-08 20:49:55,@user5491,Main Street,"Explosion heard near Main Street, now there's a massive fire! People are running."
2026-08-08 20:50:31,@user4714,Suburbs,Small electrical fire started at the bakery in Suburbs. Needs putting out.
2026-08-08 20:51:06,@user8409,Industrial District,Building collapse in Industrial District due to the fire. Paramedics and Firefighters needed immediately.
2026-08-08 20:51:29,@user5592,Southside,Building collapse in Southside due to the fire. Paramedics and Firefighters needed immediately.
2026-08-08 20:51:50,@user1307,Downtown,Cyclist hit by a truck at the intersection of Downtown. Looks really bad. @Medical
2026-08-08 20:52:26,@user3204,Old Town,Cyclist hit by a truck at the intersection of Old Town. Looks really bad. @Medical
2026-08-08 20:53:06,@user3945,Main Street,"Car on fire on Main Street, traffic is completely stopped. Send firetrucks!"
2026-08-08 20:54:01,@user6863,Suburbs,Building collapse in Suburbs due to the fire. Paramedics and Firefighters needed immediately.
2026-08-08 20:54:58,@user6501,Westside,"Explosion heard near Westside, now there's a massive fire! People are running."
2026-08-08 20:55:35,@user4812,Main Street,"Lost dog found near Main Street, please share!"
2026-08-08 20:56:05,@user8477,Southside,"Explosion heard near Southside, now there's a massive fire! People are running."
2026-08-08 20:56:51,@user5389,Industrial District,"Car on fire on Industrial District, traffic is completely stopped. Send firetrucks!"
2026-08-08 20:57:35,@user7175,Route 66,Pedestrian struck by a speeding car in Route 66. Needs immediate medical attention!
2026-08-08 20:57:41,@user1170,Downtown,Small electrical fire started at the bakery in Downtown. Needs putting out.
2026-08-08 20:58:07,@user7653,Downtown,Pedestrian struck by a speeding car in Downtown. Needs immediate medical attention!
2026-08-08 20:58:36,@user5871,North Hills,Major explosion at North Hills factory! Massive fire and many people injured. We need fire and medical now!
2026-08-08 20:59:09,@user3764,Westside,"Car on fire on Westside, traffic is completely stopped. Send firetrucks!"
2026-08-08 20:59:32,@user5221,Central Park,Small electrical fire started at the bakery in Central Park. Needs putting out.
2026-08-08 21:00:25,@user6710,Old Town,Just got the best coffee in Old Town. What a beautiful day!
2026-08-08 21:01:04,@user2521,Central Park,Building collapse in Central Park due to the fire. Paramedics and Firefighters needed immediately.
2026-08-08 21:01:24,@user2426,Central Park,Roof collapsed at the construction site in Central Park. Multiple workers trapped and injured.
2026-08-08 21:01:33,@user5902,Suburbs,Major explosion at Suburbs factory! Massive fire and many people injured. We need fire and medical now!
2026-08-08 21:02:22,@user8681,North Hills,"Someone collapsed on the sidewalk in North Hills, they aren't breathing! Need a medic ASAP."
2026-08-08 21:02:37,@user5481,Southside,Major explosion at Southside factory! Massive fire and many people injured. We need fire and medical now!
2026-08-08 21:02:49,@user1581,Central Park,Smell smoke coming from the apartment complex on Central Park. Fire alarms are going off!
2026-08-08 21:03:38,@user2809,Suburbs,Major explosion at Suburbs factory! Massive fire and many people injured. We need fire and medical now!
2026-08-08 21:04:19,@user1131,Downtown,Traffic is terrible around Downtown today. Ugh.
2026-08-08 21:04:35,@user1689,Main Street,Brush fire spreading fast near Main Street due to the high winds. @FireDept
2026-08-08 21:05:19,@user4973,Old Town,Massive food poisoning outbreak at the festival in Old Town. Dozens of people need hospitalization.
2026-08-08 21:05:34,@user2682,Route 66,"Car on fire on Route 66, traffic is completely stopped. Send firetrucks!"
2026-08-08 21:05:42,@user6032,North Hills,"Explosion heard near North Hills, now there's a massive fire! People are running."
2026-08-08 21:06:17,@user4805,Central Park,Major explosion at Central Park factory! Massive fire and many people injured. We need fire and medical now!
2026-08-08 21:06:19,@user4669,Southside,Small electrical fire started at the bakery in Southside. Needs putting out.
2026-08-08 21:06:58,@user6427,North Hills,Anyone know why the power is out in North Hills?
2026-08-08 21:07:34,@user5688,Central Park,Major explosion at Central Park factory! Massive fire and many people injured. We need fire and medical now!
2026-08-08 21:08:28,@user6800,Old Town,Massive food poisoning outbreak at the festival in Old Town. Dozens of people need hospitalization.
2026-08-08 21:08:42,@user1444,Downtown,Huge flames seen at the Downtown warehouse! Looks like a 3-alarm fire. #fire #emergency
2026-08-08 21:09:01,@user2755,Westside,Cyclist hit by a truck at the intersection of Westside. Looks really bad. @Medical
2026-08-08 21:09:39,@user5019,Downtown,Is something burning in Downtown? Thick black smoke in the sky.
2026-08-08 21:09:58,@user9397,Westside,Smell smoke coming from the apartment complex on Westside. Fire alarms are going off!
2026-08-08 21:10:17,@user1809,Route 66,Roof collapsed at the construction site in Route 66. Multiple workers trapped and injured.
2026-08-08 21:10:32,@user4210,Old Town,"Heart attack suspected at the gym in Old Town. CPR in progress, where is the ambulance?!"
2026-08-08 21:10:54,@user5057,Suburbs,"Heart attack suspected at the gym in Suburbs. CPR in progress, where is the ambulance?!"
2026-08-08 21:11:04,@user4952,Old Town,Just got the best coffee in Old Town. What a beautiful day!
2026-08-08 21:11:54,@user2400,North Hills,Just got the best coffee in North Hills. What a beautiful day!
2026-08-08 21:12:01,@user2113,Suburbs,"Someone collapsed on the sidewalk in Suburbs, they aren't breathing! Need a medic ASAP."
2026-08-08 21:12:57,@user7764,Central Park,Cyclist hit by a truck at the intersection of Central Park. Looks really bad. @Medical
2026-08-08 21:13:29,@user4207,Route 66,Building collapse in Route 66 due to the fire. Paramedics and Firefighters needed immediately.
2026-08-08 21:13:56,@user1618,Downtown,Pedestrian struck by a speeding car in Downtown. Needs immediate medical attention!
2026-08-08 21:14:06,@user1636,North Hills,Terrible multi-car crash at North Hills. At least 3 people look badly injured. Send ambulances! #accident
2026-08-08 21:14:54,@user7302,Suburbs,Smell smoke coming from the apartment complex on Suburbs. Fire alarms are going off!
2026-08-08 21:15:37,@user5791,Central Park,Huge flames seen at the Central Park warehouse! Looks like a 3-alarm fire. #fire #emergency
2026-08-08 21:15:40,@user9275,Main Street,"Lost dog found near Main Street, please share!"
2026-08-08 21:16:23,@user5615,Westside,Is something burning in Westside? Thick black smoke in the sky.
2026-08-08 21:17:12,@user2627,Central Park,"Someone collapsed on the sidewalk in Central Park, they aren't breathing! Need a medic ASAP."
2026-08-08 21:18:05,@user5936,Downtown,Just got the best coffee in Downtown. What a beautiful day!
2026-08-08 21:18:20,@user9804,Main Street,Anyone know why the power is out in Main Street?
2026-08-08 21:18:36,@user7831,Main Street,"Someone collapsed on the sidewalk in Main Street, they aren't breathing! Need a medic ASAP."
2026-08-08 21:19:12,@user4264,Main Street,Anyone know why the power is out in Main Street?
2026-08-08 21:19:18,@user7354,Old Town,"Someone collapsed on the sidewalk in Old Town, they aren't breathing! Need a medic ASAP."
2026-08-08 21:20:14,@user4497,Route 66,"Explosion heard near Route 66, now there's a massive fire! People are running."
2026-08-08 21:20:41,@user2974,Southside,"Car on fire on Southside, traffic is completely stopped. Send firetrucks!"
2026-08-08 21:20:58,@user1739,Old Town,"Car on fire on Old Town, traffic is completely stopped. Send firetrucks!"
2026-08-08 21:21:32,@user1099,Route 66,"Car on fire on Route 66, traffic is completely stopped. Send firetrucks!"
2026-08-08 21:21:50,@user7556,Main Street,Anyone know why the power is out in Main Street?
2026-08-08 21:21:54,@user4778,Old Town,Smell smoke coming from the apartment complex on Old Town. Fire alarms are going off!
2026-08-08 21:22:06,@user3187,Downtown,"Someone collapsed on the sidewalk in Downtown, they aren't breathing! Need a medic ASAP."
2026-08-08 21:23:04,@user4027,Industrial District,"Lost dog found near Industrial District, please share!"
2026-08-08 21:23:19,@user5712,Southside,Cyclist hit by a truck at the intersection of Southside. Looks really bad. @Medical
2026-08-08 21:24:05,@user7314,Southside,"Explosion heard near Southside, now there's a massive fire! People are running."
2026-08-08 21:24:42,@user8394,Industrial District,Huge flames seen at the Industrial District warehouse! Looks like a 3-alarm fire. #fire #emergency
2026-08-08 21:24:51,@user9172,Route 66,Building collapse in Route 66 due to the fire. Paramedics and Firefighters needed immediately.
2026-08-08 21:25:15,@user7059,Central Park,Small electrical fire started at the bakery in Central Park. Needs putting out.
2026-08-08 21:25:57,@user1696,Industrial District,"Lost dog found near Industrial District, please share!"
2026-08-08 21:26:55,@user8181,Downtown,"Explosion heard near Downtown, now there's a massive fire! People are running."
2026-08-08 21:27:00,@user9386,Southside,Small electrical fire started at the bakery in Southside. Needs putting out.
2026-08-08 21:27:20,@user3621,North Hills,"Someone collapsed on the sidewalk in North Hills, they aren't breathing! Need a medic ASAP."
2026-08-08 21:28:20,@user5811,Westside,Anyone know why the power is out in Westside?
2026-08-08 21:29:11,@user5620,Central Park,Pedestrian struck by a speeding car in Central Park. Needs immediate medical attention!
2026-08-08 21:29:47,@user4718,Westside,Is something burning in Westside? Thick black smoke in the sky.
2026-08-08 21:30:41,@user9729,North Hills,Major explosion at North Hills factory! Massive fire and many people injured. We need fire and medical now!
2026-08-08 21:31:24,@user7981,Main Street,Traffic is terrible around Main Street today. Ugh.
2026-08-08 21:32:02,@user3041,Suburbs,Massive food poisoning outbreak at the festival in Suburbs. Dozens of people need hospitalization.
2026-08-08 21:32:07,@user8504,Downtown,Massive food poisoning outbreak at the festival in Downtown. Dozens of people need hospitalization.
2026-08-08 21:32:58,@user6039,Industrial District,"Car on fire on Industrial District, traffic is completely stopped. Send firetrucks!"
2026-08-08 21:33:51,@user5818,Central Park,Just got the best coffee in Central Park. What a beautiful day!
2026-08-08 21:34:27,@user8026,Industrial District,"Someone collapsed on the sidewalk in Industrial District, they aren't breathing! Need a medic ASAP."
2026-08-08 21:34:33,@user7645,Southside,Pedestrian struck by a speeding car in Southside. Needs immediate medical attention!
2026-08-08 21:35:33,@user8058,Central Park,Building collapse in Central Park due to the fire. Paramedics and Firefighters needed immediately.
2026-08-08 21:36:18,@user3724,Westside,"Heart attack suspected at the gym in Westside. CPR in progress, where is the ambulance?!"
2026-08-08 21:36:30,@user5661,Industrial District,Terrible multi-car crash at Industrial District. At least 3 people look badly injured. Send ambulances! #accident
2026-08-08 21:37:22,@user7749,North Hills,Just got the best coffee in North Hills. What a beautiful day!
2026-08-08 21:37:52,@user9204,Main Street,Is something burning in Main Street? Thick black smoke in the sky.
2026-08-08 21:38:52,@user5670,North Hills,Just got the best coffee in North Hills. What a beautiful day!
2026-08-08 21:39:21,@user5134,Suburbs,Traffic is terrible around Suburbs today. Ugh.
2026-08-08 21:40:13,@user5680,Southside,"Heart attack suspected at the gym in Southside. CPR in progress, where is the ambulance?!"
2026-08-08 21:41:12,@user5983,Southside,"Lost dog found near Southside, please share!"
2026-08-08 21:42:09,@user4610,Downtown,Huge flames seen at the Downtown warehouse! Looks like a 3-alarm fire. #fire #emergency
2026-08-08 21:43:04,@user7415,Main Street,Building collapse in Main Street due to the fire. Paramedics and Firefighters needed immediately.
2026-08-08 21:43:48,@user1643,Route 66,"Car on fire on Route 66, traffic is completely stopped. Send firetrucks!"
2026-08-08 21:43:51,@user8876,Westside,Anyone know why the power is out in Westside?
2026-08-08 21:44:05,@user2411,North Hills,Major explosion at North Hills factory! Massive fire and many people injured. We need fire and medical now!
2026-08-08 21:44:44,@user2843,Southside,"Explosion heard near Southside, now there's a massive fire! People are running."
2026-08-08 21:45:12,@user6593,Central Park,Brush fire spreading fast near Central Park due to the high winds. @FireDept
2026-08-08 21:45:44,@user1129,Old Town,Massive food poisoning outbreak at the festival in Old Town. Dozens of people need hospitalization.
2026-08-08 21:46:20,@user9630,Downtown,Huge flames seen at the Downtown warehouse! Looks like a 3-alarm fire. #fire #emergency
2026-08-08 21:46:38,@user9186,Downtown,Anyone know why the power is out in Downtown?
2026-08-08 21:47:07,@user3913,Old Town,"Heart attack suspected at the gym in Old Town. CPR in progress, where is the ambulance?!"
2026-08-08 21:47:52,@user1105,Downtown,Traffic is terrible around Downtown today. Ugh.
2026-08-08 21:48:02,@user2774,Main Street,Building collapse in Main Street due to the fire. Paramedics and Firefighters needed immediately.
2026-08-08 21:48:47,@user5231,Southside,"Heart attack suspected at the gym in Southside. CPR in progress, where is the ambulance?!"
2026-08-08 21:49:14,@user3900,Downtown,Anyone know why the power is out in Downtown?
2026-08-08 21:50:00,@user6544,Westside,"Car on fire on Westside, traffic is completely stopped. Send firetrucks!"
2026-08-08 21:50:09,@user5840,Suburbs,Cyclist hit by a truck at the intersection of Suburbs. Looks really bad. @Medical
2026-08-08 21:50:53,@user7688,Main Street,Major explosion at Main Street factory! Massive fire and many people injured. We need fire and medical now!
2026-08-08 21:51:40,@user2796,Downtown,"Lost dog found near Downtown, please share!"
2026-08-08 21:52:28,@user7743,Southside,"Heart attack suspected at the gym in Southside. CPR in progress, where is the ambulance?!"
2026-08-08 21:53:09,@user6189,Downtown,Small electrical fire started at the bakery in Downtown. Needs putting out.
2026-08-08 21:53:54,@user8653,Suburbs,"Explosion heard near Suburbs, now there's a massive fire! People are running."
2026-08-08 21:54:40,@user4141,Industrial District,Roof collapsed at the construction site in Industrial District. Multiple workers trapped and injured.
2026-08-08 21:55:19,@user8180,Central Park,"Explosion heard near Central Park, now there's a massive fire! People are running."
2026-08-08 21:55:49,@user4072,Downtown,Building collapse in Downtown due to the fire. Paramedics and Firefighters needed immediately.
2026-08-08 21:56:27,@user8065,Westside,Terrible multi-car crash at Westside. At least 3 people look badly injured. Send ambulances! #accident
2026-08-08 21:56:57,@user1164,Westside,Brush fire spreading fast near Westside due to the high winds. @FireDept
2026-08-08 21:57:47,@user2230,Route 66,Brush fire spreading fast near Route 66 due to the high winds. @FireDept
2026-08-08 21:57:51,@user7454,Southside,Is something burning in Southside? Thick black smoke in the sky.
2026-08-08 21:58:04,@user1387,Industrial District,Roof collapsed at the construction site in Industrial District. Multiple workers trapped and injured.
2026-08-08 21:58:50,@user4128,Central Park,Cyclist hit by a truck at the intersection of Central Park. Looks really bad. @Medical
2026-08-08 21:59:07,@user5916,Southside,Building collapse in Southside due to the fire. Paramedics and Firefighters needed immediately.
2026-08-08 21:59:56,@user8213,Main Street,"Explosion heard near Main Street, now there's a massive fire! People are running."
2026-08-08 22:00:21,@user4490,Old Town,"Heart attack suspected at the gym in Old Town. CPR in progress, where is the ambulance?!"
2026-08-08 22:00:58,@user3520,Central Park,Massive food poisoning outbreak at the festival in Central Park. Dozens of people need hospitalization.
2026-08-08 22:01:42,@user6091,Westside,"Explosion heard near Westside, now there's a massive fire! People are running."
2026-08-08 22:02:28,@user2617,Old Town,"Heart attack suspected at the gym in Old Town. CPR in progress, where is the ambulance?!"
2026-08-08 22:03:28,@user3243,Suburbs,Cyclist hit by a truck at the intersection of Suburbs. Looks really bad. @Medical
2026-08-08 22:04:25,@user2220,Industrial District,Pedestrian struck by a speeding car in Industrial District. Needs immediate medical attention!
2026-08-08 22:05:03,@user8511,Central Park,Terrible multi-car crash at Central Park. At least 3 people look badly injured. Send ambulances! #accident
2026-08-08 22:05:34,@user4303,Old Town,"Car on fire on Old Town, traffic is completely stopped. Send firetrucks!"
2026-08-08 22:05:36,@user8261,Southside,"Car on fire on Southside, traffic is completely stopped. Send firetrucks!"
2026-08-08 22:05:43,@user5362,Suburbs,Roof collapsed at the construction site in Suburbs. Multiple workers trapped and injured.
2026-08-08 22:06:39,@user2716,Industrial District,Cyclist hit by a truck at the intersection of Industrial District. Looks really bad. @Medical
2026-08-08 22:06:42,@user7605,Downtown,Major explosion at Downtown factory! Massive fire and many people injured. We need fire and medical now!
2026-08-08 22:06:57,@user5672,Industrial District,Huge flames seen at the Industrial District warehouse! Looks like a 3-alarm fire. #fire #emergency
2026-08-08 22:07:31,@user4487,Old Town,Traffic is terrible around Old Town today. Ugh.
2026-08-08 22:07:33,@user4846,Southside,Just got the best coffee in Southside. What a beautiful day!
2026-08-08 22:07:51,@user1039,Downtown,"Car on fire on Downtown, traffic is completely stopped. Send firetrucks!"
2026-08-08 22:08:47,@user5501,North Hills,Huge flames seen at the North Hills warehouse! Looks like a 3-alarm fire. #fire #emergency
2026-08-08 22:09:17,@user4742,Central Park,Brush fire spreading fast near Central Park due to the high winds. @FireDept
2026-08-08 22:09:25,@user6401,Suburbs,"Someone collapsed on the sidewalk in Suburbs, they aren't breathing! Need a medic ASAP."
2026-08-08 22:10:10,@user1299,Westside,"Car on fire on Westside, traffic is completely stopped. Send firetrucks!"
2026-08-08 22:10:40,@user2161,North Hills,"Lost dog found near North Hills, please share!"
2026-08-08 22:11:31,@user9495,Central Park,"Heart attack suspected at the gym in Central Park. CPR in progress, where is the ambulance?!"
2026-08-08 22:12:05,@user6741,Route 66,Major explosion at Route 66 factory! Massive fire and many people injured. We need fire and medical now!
2026-08-08 22:13:04,@user2827,North Hills,"Explosion heard near North Hills, now there's a massive fire! People are running."
2026-08-08 22:13:09,@user8525,Southside,Major explosion at Southside factory! Massive fire and many people injured. We need fire and medical now!
2026-08-08 22:14:08,@user9773,Southside,"Someone collapsed on the sidewalk in Southside, they aren't breathing! Need a medic ASAP."
2026-08-08 22:14:20,@user7124,Downtown,"Lost dog found near Downtown, please share!"
2026-08-08 22:14:58,@user8373,North Hills,Small electrical fire started at the bakery in North Hills. Needs putting out.
2026-08-08 22:15:01,@user3753,Westside,"Heart attack suspected at the gym in Westside. CPR in progress, where is the ambulance?!"
2026-08-08 22:15:46,@user7070,Industrial District,Terrible multi-car crash at Industrial District. At least 3 people look badly injured. Send ambulances! #accident
2026-08-08 22:16:17,@user3161,Suburbs,"Car on fire on Suburbs, traffic is completely stopped. Send firetrucks!"
2026-08-08 22:16:46,@user8077,Westside,Huge flames seen at the Westside warehouse! Looks like a 3-alarm fire. #fire #emergency
2026-08-08 22:17:13,@user9348,North Hills,"Heart attack suspected at the gym in North Hills. CPR in progress, where is the ambulance?!"
2026-08-08 22:17:42,@user4893,Westside,Just got the best coffee in Westside. What a beautiful day!
2026-08-08 22:18:28,@user8434,Main Street,"Someone collapsed on the sidewalk in Main Street, they aren't breathing! Need a medic ASAP."
2026-08-08 22:18:52,@user9752,Suburbs,Brush fire spreading fast near Suburbs due to the high winds. @FireDept
2026-08-08 22:19:09,@user4512,Westside,Major explosion at Westside factory! Massive fire and many people injured. We need fire and medical now!
2026-08-08 22:19:29,@user6243,Downtown,"Heart attack suspected at the gym in Downtown. CPR in progress, where is the ambulance?!"
2026-08-08 22:19:38,@user7697,North Hills,Anyone know why the power is out in North Hills?
2026-08-08 22:19:49,@user8952,Industrial District,Pedestrian struck by a speeding car in Industrial District. Needs immediate medical attention!
2026-08-08 22:20:28,@user9790,Suburbs,Building collapse in Suburbs due to the fire. Paramedics and Firefighters needed immediately.
2026-08-08 22:20:33,@user6021,Industrial District,Pedestrian struck by a speeding car in Industrial District. Needs immediate medical attention!
2026-08-08 22:20:55,@user1895,Industrial District,Roof collapsed at the construction site in Industrial District. Multiple workers trapped and injured.
2026-08-08 22:21:35,@user5570,North Hills,Cyclist hit by a truck at the intersection of North Hills. Looks really bad. @Medical
2026-08-08 22:22:31,@user6167,Southside,Smell smoke coming from the apartment complex on Southside. Fire alarms are going off!
2026-08-08 22:23:13,@user3283,Central Park,Major explosion at Central Park factory! Massive fire and many people injured. We need fire and medical now!
2026-08-08 22:23:51,@user4296,Central Park,Is something burning in Central Park? Thick black smoke in the sky.
2026-08-08 22:23:52,@user7013,Main Street,Huge flames seen at the Main Street warehouse! Looks like a 3-alarm fire. #fire #emergency
2026-08-08 22:24:01,@user4618,Route 66,Building collapse in Route 66 due to the fire. Paramedics and Firefighters needed immediately.
2026-08-08 22:24:13,@user3520,Southside,Small electrical fire started at the bakery in Southside. Needs putting out.
2026-08-08 22:24:41,@user6837,Suburbs,Smell smoke coming from the apartment complex on Suburbs. Fire alarms are going off!
2026-08-08 22:25:15,@user4708,Old Town,Major explosion at Old Town factory! Massive fire and many people injured. We need fire and medical now!
2026-08-08 22:25:18,@user6827,Central Park,Traffic is terrible around Central Park today. Ugh.
2026-08-08 22:25:32,@user1257,Main Street,Is something burning in Main Street? Thick black smoke in the sky.
2026-08-08 22:26:22,@user4062,Southside,"Heart attack suspected at the gym in Southside. CPR in progress, where is the ambulance?!"
2026-08-08 22:26:27,@user1527,Downtown,Terrible multi-car crash at Downtown. At least 3 people look badly injured. Send ambulances! #accident
2026-08-08 22:26:48,@user8838,Main Street,"Someone collapsed on the sidewalk in Main Street, they aren't breathing! Need a medic ASAP."
2026-08-08 22:26:55,@user3513,Downtown,Building collapse in Downtown due to the fire. Paramedics and Firefighters needed immediately.
2026-08-08 22:27:21,@user5732,Industrial District,Brush fire spreading fast near Industrial District due to the high winds. @FireDept
2026-08-08 22:27:39,@user4118,Southside,Anyone know why the power is out in Southside?
2026-08-08 22:28:01,@user7255,Main Street,Major explosion at Main Street factory! Massive fire and many people injured. We need fire and medical now!
2026-08-08 22:28:59,@user7903,North Hills,"Lost dog found near North Hills, please share!"
2026-08-08 22:29:37,@user6503,North Hills,Is something burning in North Hills? Thick black smoke in the sky.
2026-08-08 22:29:43,@user5643,Route 66,Major explosion at Route 66 factory! Massive fire and many people injured. We need fire and medical now!
2026-08-08 22:30:31,@user5610,Downtown,Roof collapsed at the construction site in Downtown. Multiple workers trapped and injured.
2026-08-08 22:30:36,@user3334,Downtown,Huge flames seen at the Downtown warehouse! Looks like a 3-alarm fire. #fire #emergency
2026-08-08 22:30:43,@user5801,North Hills,Just got the best coffee in North Hills. What a beautiful day!
2026-08-08 22:31:26,@user9972,North Hills,Anyone know why the power is out in North Hills?
2026-08-08 22:32:21,@user9768,North Hills,Pedestrian struck by a speeding car in North Hills. Needs immediate medical attention!
2026-08-08 22:32:56,@user1160,Downtown,Roof collapsed at the construction site in Downtown. Multiple workers trapped and injured.
2026-08-08 22:33:37,@user7812,Main Street,Cyclist hit by a truck at the intersection of Main Street. Looks really bad. @Medical
2026-08-08 22:34:36,@user2206,Main Street,Brush fire spreading fast near Main Street due to the high winds. @FireDept
2026-08-08 22:34:47,@user5947,Old Town,"Car on fire on Old Town, traffic is completely stopped. Send firetrucks!"
2026-08-08 22:35:44,@user5207,Industrial District,Terrible multi-car crash at Industrial District. At least 3 people look badly injured. Send ambulances! #accident
2026-08-08 22:36:20,@user1810,North Hills,Terrible multi-car crash at North Hills. At least 3 people look badly injured. Send ambulances! #accident
2026-08-08 22:37:07,@user3242,Old Town,Traffic is terrible around Old Town today. Ugh.
2026-08-08 22:37:46,@user6665,Southside,Small electrical fire started at the bakery in Southside. Needs putting out.
2026-08-08 22:37:55,@user3145,Industrial District,Brush fire spreading fast near Industrial District due to the high winds. @FireDept
2026-08-08 22:38:46,@user9588,Southside,Pedestrian struck by a speeding car in Southside. Needs immediate medical attention!
2026-08-08 22:39:21,@user9607,Westside,Cyclist hit by a truck at the intersection of Westside. Looks really bad. @Medical
2026-08-08 22:39:32,@user4815,Route 66,Roof collapsed at the construction site in Route 66. Multiple workers trapped and injured.
2026-08-08 22:40:22,@user5871,Central Park,Major explosion at Central Park factory! Massive fire and many people injured. We need fire and medical now!
2026-08-08 22:40:51,@user4828,Suburbs,Traffic is terrible around Suburbs today. Ugh.
2026-08-08 22:41:37,@user2770,Downtown,"Car on fire on Downtown, traffic is completely stopped. Send firetrucks!"
2026-08-08 22:42:19,@user1083,Downtown,"Car on fire on Downtown, traffic is completely stopped. Send firetrucks!"
2026-08-08 22:43:02,@user9097,Industrial District,"Car on fire on Industrial District, traffic is completely stopped. Send firetrucks!"
2026-08-08 22:43:32,@user7136,Route 66,Small electrical fire started at the bakery in Route 66. Needs putting out.
2026-08-08 22:44:25,@user8934,Old Town,Anyone know why the power is out in Old Town?
2026-08-08 22:44:38,@user8344,Old Town,Brush fire spreading fast near Old Town due to the high winds. @FireDept
2026-08-08 22:45:07,@user2019,Old Town,"Car on fire on Old Town, traffic is completely stopped. Send firetrucks!"
2026-08-08 22:45:41,@user5640,Suburbs,Huge flames seen at the Suburbs warehouse! Looks like a 3-alarm fire. #fire #emergency
2026-08-08 22:46:18,@user4612,North Hills,Traffic is terrible around North Hills today. Ugh.
2026-08-08 22:47:07,@user8857,Southside,Roof collapsed at the construction site in Southside. Multiple workers trapped and injured.
2026-08-08 22:47:47,@user9294,Southside,Smell smoke coming from the apartment complex on Southside. Fire alarms are going off!
2026-08-08 22:48:30,@user4866,Central Park,Brush fire spreading fast near Central Park due to the high winds. @FireDept
2026-08-08 22:49:24,@user1102,Route 66,"Explosion heard near Route 66, now there's a massive fire! People are running."
2026-08-08 22:49:40,@user1570,North Hills,Roof collapsed at the construction site in North Hills. Multiple workers trapped and injured.
2026-08-08 22:50:26,@user9637,Suburbs,Massive food poisoning outbreak at the festival in Suburbs. Dozens of people need hospitalization.
2026-08-08 22:50:39,@user9329,Southside,Massive food poisoning outbreak at the festival in Southside. Dozens of people need hospitalization.
2026-08-08 22:50:48,@user8723,Central Park,"Heart attack suspected at the gym in Central Park. CPR in progress, where is the ambulance?!"
2026-08-08 22:51:33,@user7596,Central Park,Pedestrian struck by a speeding car in Central Park. Needs immediate medical attention!
2026-08-08 22:51:53,@user1344,Westside,Just got the best coffee in Westside. What a beautiful day!
2026-08-08 22:52:07,@user6123,Old Town,"Car on fire on Old Town, traffic is completely stopped. Send firetrucks!"
2026-08-08 22:52:35,@user3090,Southside,Building collapse in Southside due to the fire. Paramedics and Firefighters needed immediately.
2026-08-08 22:52:56,@user4576,Route 66,Smell smoke coming from the apartment complex on Route 66. Fire alarms are going off!
2026-08-08 22:53:46,@user1040,Industrial District,Massive food poisoning outbreak at the festival in Industrial District. Dozens of people need hospitalization.
2026-08-08 22:54:12,@user7073,Downtown,Brush fire spreading fast near Downtown due to the high winds. @FireDept
2026-08-08 22:54:58,@user5291,Industrial District,Huge flames seen at the Industrial District warehouse! Looks like a 3-alarm fire. #fire #emergency
2026-08-08 22:55:27,@user6131,Suburbs,Small electrical fire started at the bakery in Suburbs. Needs putting out.
2026-08-08 22:55:48,@user6408,Central Park,Roof collapsed at the construction site in Central Park. Multiple workers trapped and injured.
2026-08-08 22:56:10,@user3346,Central Park,Pedestrian struck by a speeding car in Central Park. Needs immediate medical attention!
2026-08-08 22:56:23,@user1012,Main Street,"Someone collapsed on the sidewalk in Main Street, they aren't breathing! Need a medic ASAP."
2026-08-08 22:56:59,@user3511,Old Town,Huge flames seen at the Old Town warehouse! Looks like a 3-alarm fire. #fire #emergency
2026-08-08 22:57:30,@user8589,Suburbs,Anyone know why the power is out in Suburbs?
2026-08-08 22:57:59,@user2437,Route 66,"Car on fire on Route 66, traffic is completely stopped. Send firetrucks!"
2026-08-08 22:58:01,@user7586,Main Street,Cyclist hit by a truck at the intersection of Main Street. Looks really bad. @Medical
2026-08-08 22:58:27,@user9497,Main Street,Just got the best coffee in Main Street. What a beautiful day!
2026-08-08 22:58:52,@user5312,Industrial District,"Lost dog found near Industrial District, please share!"
2026-08-08 22:59:07,@user5343,Industrial District,Small electrical fire started at the bakery in Industrial District. Needs putting out.
2026-08-08 22:59:23,@user9831,Route 66,Just got the best coffee in Route 66. What a beautiful day!
2026-08-08 22:59:34,@user2665,Suburbs,Is something burning in Suburbs? Thick black smoke in the sky.
2026-08-08 22:59:54,@user4599,Main Street,Huge flames seen at the Main Street warehouse! Looks like a 3-alarm fire. #fire #emergency
2026-08-08 23:00:04,@user3005,Westside,Brush fire spreading fast near Westside due to the high winds. @FireDept
2026-08-08 23:00:41,@user3032,Southside,Pedestrian struck by a speeding car in Southside. Needs immediate medical attention!
2026-08-08 23:01:05,@user9219,Suburbs,Major explosion at Suburbs factory! Massive fire and many people injured. We need fire and medical now!
2026-08-08 23:01:39,@user1063,North Hills,Traffic is terrible around North Hills today. Ugh.
2026-08-08 23:02:23,@user3267,Westside,"Someone collapsed on the sidewalk in Westside, they aren't breathing! Need a medic ASAP."
2026-08-08 23:02:35,@user3224,Downtown,Smell smoke coming from the apartment complex on Downtown. Fire alarms are going off!
2026-08-08 23:02:40,@user3618,Central Park,Massive food poisoning outbreak at the festival in Central Park. Dozens of people need hospitalization.
2026-08-08 23:03:29,@user5424,North Hills,"Heart attack suspected at the gym in North Hills. CPR in progress, where is the ambulance?!"
2026-08-08 23:03:58,@user1976,North Hills,Terrible multi-car crash at North Hills. At least 3 people look badly injured. Send ambulances! #accident
2026-08-08 23:04:20,@user3974,Route 66,Terrible multi-car crash at Route 66. At least 3 people look badly injured. Send ambulances! #accident
2026-08-08 23:04:57,@user7918,Main Street,Just got the best coffee in Main Street. What a beautiful day!
2026-08-08 23:05:15,@user6735,Old Town,Huge flames seen at the Old Town warehouse! Looks like a 3-alarm fire. #fire #emergency
2026-08-08 23:05:22,@user9963,North Hills,"Someone collapsed on the sidewalk in North Hills, they aren't breathing! Need a medic ASAP."
2026-08-08 23:06:04,@user9125,Westside,"Heart attack suspected at the gym in Westside. CPR in progress, where is the ambulance?!"
2026-08-08 23:07:02,@user7092,Southside,"Explosion heard near Southside, now there's a massive fire! People are running."
2026-08-08 23:07:22,@user8489,Southside,Smell smoke coming from the apartment complex on Southside. Fire alarms are going off!
2026-08-08 23:07:50,@user9363,Central Park,Smell smoke coming from the apartment complex on Central Park. Fire alarms are going off!
2026-08-08 23:08:21,@user9034,Downtown,Anyone know why the power is out in Downtown?
2026-08-08 23:09:06,@user7083,Route 66,Anyone know why the power is out in Route 66?
2026-08-08 23:09:26,@user5456,Southside,Traffic is terrible around Southside today. Ugh.
2026-08-08 23:10:11,@user9847,Main Street,"Someone collapsed on the sidewalk in Main Street, they aren't breathing! Need a medic ASAP."
2026-08-08 23:11:07,@user7164,Industrial District,"Lost dog found near Industrial District, please share!"
2026-08-08 23:11:11,@user3706,Central Park,Major explosion at Central Park factory! Massive fire and many people injured. We need fire and medical now!
2026-08-08 23:11:15,@user5520,Southside,Smell smoke coming from the apartment complex on Southside. Fire alarms are going off!
2026-08-08 23:11:24,@user4089,Main Street,"Car on fire on Main Street, traffic is completely stopped. Send firetrucks!"
2026-08-08 23:12:08,@user7315,Route 66,Anyone know why the power is out in Route 66?
2026-08-08 23:12:33,@user9880,Downtown,Is something burning in Downtown? Thick black smoke in the sky.
2026-08-08 23:13:14,@user5547,Southside,Small electrical fire started at the bakery in Southside. Needs putting out.
2026-08-08 23:14:13,@user4340,Route 66,Is something burning in Route 66? Thick black smoke in the sky.
2026-08-08 23:14:14,@user2279,Southside,Roof collapsed at the construction site in Southside. Multiple workers trapped and injured.
2026-08-08 23:14:48,@user8243,Suburbs,"Someone collapsed on the sidewalk in Suburbs, they aren't breathing! Need a medic ASAP."
2026-08-08 23:15:05,@user2434,Downtown,"Someone collapsed on the sidewalk in Downtown, they aren't breathing! Need a medic ASAP."
2026-08-08 23:15:18,@user8129,Downtown,Smell smoke coming from the apartment complex on Downtown. Fire alarms are going off!
2026-08-08 23:15:45,@user8274,Route 66,Just got the best coffee in Route 66. What a beautiful day!
2026-08-08 23:16:00,@user9013,Suburbs,Major explosion at Suburbs factory! Massive fire and many people injured. We need fire and medical now!
2026-08-08 23:16:09,@user2396,Westside,Smell smoke coming from the apartment complex on Westside. Fire alarms are going off!
2026-08-08 23:16:38,@user7204,Old Town,"Someone collapsed on the sidewalk in Old Town, they aren't breathing! Need a medic ASAP."
2026-08-08 23:16:47,@user7769,North Hills,Small electrical fire started at the bakery in North Hills. Needs putting out.
2026-08-08 23:17:05,@user9984,Downtown,Brush fire spreading fast near Downtown due to the high winds. @FireDept
2026-08-08 23:17:48,@user5944,Westside,Huge flames seen at the Westside warehouse! Looks like a 3-alarm fire. #fire #emergency
2026-08-08 23:18:15,@user2545,Westside,Pedestrian struck by a speeding car in Westside. Needs immediate medical attention!
2026-08-08 23:19:00,@user4185,Downtown,Smell smoke coming from the apartment complex on Downtown. Fire alarms are going off!
2026-08-08 23:20:00,@user2260,Main Street,Smell smoke coming from the apartment complex on Main Street. Fire alarms are going off!
2026-08-08 23:20:24,@user9322,Westside,Major explosion at Westside factory! Massive fire and many people injured. We need fire and medical now!
2026-08-08 23:21:10,@user1880,Route 66,Building collapse in Route 66 due to the fire. Paramedics and Firefighters needed immediately.
2026-08-08 23:21:28,@user9621,Main Street,Is something burning in Main Street? Thick black smoke in the sky.
2026-08-08 23:21:36,@user5990,Westside,Smell smoke coming from the apartment complex on Westside. Fire alarms are going off!
2026-08-08 23:22:16,@user5826,Southside,"Lost dog found near Southside, please share!"
2026-08-08 23:22:36,@user5448,Old Town,Massive food poisoning outbreak at the festival in Old Town. Dozens of people need hospitalization.
2026-08-08 23:22:43,@user5904,Southside,Smell smoke coming from the apartment complex on Southside. Fire alarms are going off!
2026-08-08 23:23:39,@user1912,Main Street,Terrible multi-car crash at Main Street. At least 3 people look badly injured. Send ambulances! #accident
2026-08-08 23:23:59,@user4725,Southside,Is something burning in Southside? Thick black smoke in the sky.
2026-08-08 23:24:11,@user4678,Route 66,Is something burning in Route 66? Thick black smoke in the sky.
2026-08-08 23:25:00,@user1558,North Hills,Just got the best coffee in North Hills. What a beautiful day!
2026-08-08 23:25:11,@user1024,Downtown,"Heart attack suspected at the gym in Downtown. CPR in progress, where is the ambulance?!"
2026-08-08 23:25:27,@user5269,Route 66,Just got the best coffee in Route 66. What a beautiful day!
2026-08-08 23:26:20,@user8944,Route 66,Brush fire spreading fast near Route 66 due to the high winds. @FireDept
2026-08-08 23:26:45,@user2989,Industrial District,Major explosion at Industrial District factory! Massive fire and many people injured. We need fire and medical now!
2026-08-08 23:27:19,@user9151,Industrial District,Terrible multi-car crash at Industrial District. At least 3 people look badly injured. Send ambulances! #accident
2026-08-08 23:28:17,@user3228,Old Town,"Car on fire on Old Town, traffic is completely stopped. Send firetrucks!"
2026-08-08 23:28:27,@user8395,Industrial District,Just got the best coffee in Industrial District. What a beautiful day!
2026-08-08 23:28:56,@user6762,Route 66,Major explosion at Route 66 factory! Massive fire and many people injured. We need fire and medical now!
2026-08-08 23:29:55,@user8818,Old Town,Traffic is terrible around Old Town today. Ugh.
2026-08-08 23:30:09,@user3356,Southside,Huge flames seen at the Southside warehouse! Looks like a 3-alarm fire. #fire #emergency
2026-08-08 23:30:27,@user7310,North Hills,Traffic is terrible around North Hills today. Ugh.
2026-08-08 23:30:44,@user1014,Westside,Anyone know why the power is out in Westside?
2026-08-08 23:31:36,@user6453,Central Park,Smell smoke coming from the apartment complex on Central Park. Fire alarms are going off!
2026-08-08 23:31:53,@user4818,Downtown,Massive food poisoning outbreak at the festival in Downtown. Dozens of people need hospitalization.
2026-08-08 23:32:28,@user4252,Main Street,Anyone know why the power is out in Main Street?
2026-08-08 23:32:34,@user1506,Downtown,Building collapse in Downtown due to the fire. Paramedics and Firefighters needed immediately.
2026-08-08 23:33:31,@user3376,Route 66,Building collapse in Route 66 due to the fire. Paramedics and Firefighters needed immediately.
2026-08-08 23:33:34,@user7110,Industrial District,Building collapse in Industrial District due to the fire. Paramedics and Firefighters needed immediately.
2026-08-08 23:33:47,@user5110,Downtown,Massive food poisoning outbreak at the festival in Downtown. Dozens of people need hospitalization.
2026-08-08 23:34:17,@user7433,North Hills,"Explosion heard near North Hills, now there's a massive fire! People are running."
2026-08-08 23:34:32,@user2947,Westside,Cyclist hit by a truck at the intersection of Westside. Looks really bad. @Medical
2026-08-08 23:34:34,@user8097,Southside,Anyone know why the power is out in Southside?
2026-08-08 23:34:59,@user6246,Suburbs,Pedestrian struck by a speeding car in Suburbs. Needs immediate medical attention!
2026-08-08 23:35:37,@user1561,Industrial District,Anyone know why the power is out in Industrial District?
2026-08-08 23:35:59,@user2973,Route 66,"Explosion heard near Route 66, now there's a massive fire! People are running."
2026-08-08 23:36:50,@user2110,Suburbs,Just got the best coffee in Suburbs. What a beautiful day!
2026-08-08 23:37:02,@user6841,Westside,"Someone collapsed on the sidewalk in Westside, they aren't breathing! Need a medic ASAP."
2026-08-08 23:37:37,@user2293,Old Town,Just got the best coffee in Old Town. What a beautiful day!
2026-08-08 23:38:22,@user2911,Old Town,"Explosion heard near Old Town, now there's a massive fire! People are running."
2026-08-08 23:39:20,@user9165,Southside,"Lost dog found near Southside, please share!"
2026-08-08 23:39:40,@user2748,Old Town,"Car on fire on Old Town, traffic is completely stopped. Send firetrucks!"
2026-08-08 23:39:53,@user7988,Westside,Pedestrian struck by a speeding car in Westside. Needs immediate medical attention!
2026-08-08 23:40:43,@user8195,Industrial District,Traffic is terrible around Industrial District today. Ugh.
2026-08-08 23:41:15,@user4061,Main Street,"Explosion heard near Main Street, now there's a massive fire! People are running."
2026-08-08 23:41:37,@user7355,Southside,"Heart attack suspected at the gym in Southside. CPR in progress, where is the ambulance?!"
2026-08-08 23:42:06,@user9266,Route 66,Brush fire spreading fast near Route 66 due to the high winds. @FireDept
2026-08-08 23:42:16,@user9299,Industrial District,"Heart attack suspected at the gym in Industrial District. CPR in progress, where is the ambulance?!"
2026-08-08 23:43:14,@user4966,Industrial District,Terrible multi-car crash at Industrial District. At least 3 people look badly injured. Send ambulances! #accident
2026-08-08 23:44:00,@user5728,Old Town,Just got the best coffee in Old Town. What a beautiful day!
2026-08-08 23:44:44,@user7869,Main Street,"Explosion heard near Main Street, now there's a massive fire! People are running."
2026-08-08 23:45:25,@user4388,Route 66,"Lost dog found near Route 66, please share!"
2026-08-08 23:46:02,@user4545,Suburbs,Is something burning in Suburbs? Thick black smoke in the sky.
2026-08-08 23:46:47,@user4505,North Hills,Traffic is terrible around North Hills today. Ugh.
2026-08-08 23:46:54,@user7759,Industrial District,Building collapse in Industrial District due to the fire. Paramedics and Firefighters needed immediately.
2026-08-08 23:47:48,@user6218,Old Town,Smell smoke coming from the apartment complex on Old Town. Fire alarms are going off!
2026-08-08 23:48:48,@user2304,Main Street,Terrible multi-car crash at Main Street. At least 3 people look badly injured. Send ambulances! #accident
2026-08-08 23:49:09,@user4282,Main Street,"Car on fire on Main Street, traffic is completely stopped. Send firetrucks!"
2026-08-08 23:49:29,@user1503,Industrial District,Roof collapsed at the construction site in Industrial District. Multiple workers trapped and injured.
2026-08-08 23:50:13,@user9145,Downtown,"Lost dog found near Downtown, please share!"
2026-08-08 23:50:20,@user2297,Suburbs,Cyclist hit by a truck at the intersection of Suburbs. Looks really bad. @Medical
2026-08-08 23:50:43,@user2343,Route 66,"Someone collapsed on the sidewalk in Route 66, they aren't breathing! Need a medic ASAP."
2026-08-08 23:51:42,@user3481,North Hills,Small electrical fire started at the bakery in North Hills. Needs putting out.
2026-08-08 23:52:13,@user7973,Main Street,"Someone collapsed on the sidewalk in Main Street, they aren't breathing! Need a medic ASAP."
2026-08-08 23:52:52,@user1682,Old Town,"Car on fire on Old Town, traffic is completely stopped. Send firetrucks!"
2026-08-08 23:53:17,@user6712,Downtown,Major explosion at Downtown factory! Massive fire and many people injured. We need fire and medical now!
2026-08-08 23:54:10,@user5207,Southside,"Someone collapsed on the sidewalk in Southside, they aren't breathing! Need a medic ASAP."
2026-08-08 23:54:54,@user4102,Southside,"Explosion heard near Southside, now there's a massive fire! People are running."
2026-08-08 23:55:20,@user5542,Central Park,Terrible multi-car crash at Central Park. At least 3 people look badly injured. Send ambulances! #accident
2026-08-08 23:55:36,@user4485,Southside,Just got the best coffee in Southside. What a beautiful day!
2026-08-08 23:55:50,@user7869,Industrial District,"Explosion heard near Industrial District, now there's a massive fire! People are running."
2026-08-08 23:56:06,@user1770,Southside,"Lost dog found near Southside, please share!"
2026-08-08 23:56:13,@user8507,North Hills,Is something burning in North Hills? Thick black smoke in the sky.
2026-08-08 23:57:12,@user8504,Central Park,Traffic is terrible around Central Park today. Ugh.
2026-08-08 23:57:20,@user6500,North Hills,Cyclist hit by a truck at the intersection of North Hills. Looks really bad. @Medical
2026-08-08 23:57:32,@user3433,Southside,Smell smoke coming from the apartment complex on Southside. Fire alarms are going off!
2026-08-08 23:58:10,@user8181,Westside,Terrible multi-car crash at Westside. At least 3 people look badly injured. Send ambulances! #accident
2026-08-08 23:58:33,@user7550,Downtown,Just got the best coffee in Downtown. What a beautiful day!
2026-08-08 23:58:52,@user7881,Westside,"Car on fire on Westside, traffic is completely stopped. Send firetrucks!"
2026-08-08 23:59:08,@user8239,Downtown,"Lost dog found near Downtown, please share!"
2026-08-09 00:00:02,@user3578,Central Park,Huge flames seen at the Central Park warehouse! Looks like a 3-alarm fire. #fire #emergency
2026-08-09 00:00:25,@user6414,Suburbs,Massive food poisoning outbreak at the festival in Suburbs. Dozens of people need hospitalization.
2026-08-09 00:00:56,@user6821,Central Park,Brush fire spreading fast near Central Park due to the high winds. @FireDept
2026-08-09 00:01:04,@user1367,Westside,"Lost dog found near Westside, please share!"
2026-08-09 00:02:00,@user5973,North Hills,Traffic is terrible around North Hills today. Ugh.
2026-08-09 00:02:45,@user3649,Main Street,Is something burning in Main Street? Thick black smoke in the sky.
2026-08-09 00:03:44,@user5852,Industrial District,Roof collapsed at the construction site in Industrial District. Multiple workers trapped and injured.
2026-08-09 00:04:06,@user2812,Central Park,Roof collapsed at the construction site in Central Park. Multiple workers trapped and injured.
2026-08-09 00:05:01,@user4971,Route 66,Pedestrian struck by a speeding car in Route 66. Needs immediate medical attention!
2026-08-09 00:05:52,@user3349,Suburbs,Building collapse in Suburbs due to the fire. Paramedics and Firefighters needed immediately.
2026-08-09 00:06:14,@user6004,Southside,Smell smoke coming from the apartment complex on Southside. Fire alarms are going off!
2026-08-09 00:07:01,@user7747,Downtown,Brush fire spreading fast near Downtown due to the high winds. @FireDept
2026-08-09 00:07:53,@user3658,Suburbs,Smell smoke coming from the apartment complex on Suburbs. Fire alarms are going off!
2026-08-09 00:08:08,@user2083,Industrial District,Huge flames seen at the Industrial District warehouse! Looks like a 3-alarm fire. #fire #emergency
2026-08-09 00:08:31,@user5441,Westside,Traffic is terrible around Westside today. Ugh.
2026-08-09 00:09:24,@user6050,Westside,Massive food poisoning outbreak at the festival in Westside. Dozens of people need hospitalization.
2026-08-09 00:09:27,@user3533,Downtown,Smell smoke coming from the apartment complex on Downtown. Fire alarms are going off!
2026-08-09 00:10:24,@user6838,Southside,Massive food poisoning outbreak at the festival in Southside. Dozens of people need hospitalization.
2026-08-09 00:10:49,@user6909,Industrial District,Pedestrian struck by a speeding car in Industrial District. Needs immediate medical attention!
2026-08-09 00:11:21,@user6792,Central Park,Building collapse in Central Park due to the fire. Paramedics and Firefighters needed immediately.
2026-08-09 00:11:36,@user9778,Suburbs,Pedestrian struck by a speeding car in Suburbs. Needs immediate medical attention!
2026-08-09 00:11:38,@user7487,Downtown,"Lost dog found near Downtown, please share!"
2026-08-09 00:11:58,@user8004,Route 66,"Someone collapsed on the sidewalk in Route 66, they aren't breathing! Need a medic ASAP."
2026-08-09 00:12:57,@user9731,Route 66,Building collapse in Route 66 due to the fire. Paramedics and Firefighters needed immediately.
2026-08-09 00:13:53,@user3943,Route 66,Small electrical fire started at the bakery in Route 66. Needs putting out.
2026-08-09 00:13:57,@user6363,North Hills,Cyclist hit by a truck at the intersection of North Hills. Looks really bad. @Medical
2026-08-09 00:14:47,@user8141,Downtown,"Someone collapsed on the sidewalk in Downtown, they aren't breathing! Need a medic ASAP."
2026-08-09 00:15:17,@user1580,Route 66,Small electrical fire started at the bakery in Route 66. Needs putting out.
2026-08-09 00:16:01,@user8021,Main Street,Is something burning in Main Street? Thick black smoke in the sky.
2026-08-09 00:16:31,@user5006,Suburbs,Just got the best coffee in Suburbs. What a beautiful day!
2026-08-09 00:16:56,@user5295,Central Park,"Car on fire on Central Park, traffic is completely stopped. Send firetrucks!"
2026-08-09 00:17:46,@user1520,Main Street,Massive food poisoning outbreak at the festival in Main Street. Dozens of people need hospitalization.
2026-08-09 00:18:16,@user1349,Central Park,Huge flames seen at the Central Park warehouse! Looks like a 3-alarm fire. #fire #emergency
2026-08-09 00:18:39,@user1341,Westside,Smell smoke coming from the apartment complex on Westside. Fire alarms are going off!
2026-08-09 00:19:15,@user2664,North Hills,Huge flames seen at the North Hills warehouse! Looks like a 3-alarm fire. #fire #emergency
2026-08-09 00:19:21,@user2297,Suburbs,Is something burning in Suburbs? Thick black smoke in the sky.
2026-08-09 00:19:52,@user8172,Main Street,Building collapse in Main Street due to the fire. Paramedics and Firefighters needed immediately.
2026-08-09 00:20:30,@user5056,Suburbs,"Someone collapsed on the sidewalk in Suburbs, they aren't breathing! Need a medic ASAP."
2026-08-09 00:20:52,@user1185,Westside,Brush fire spreading fast near Westside due to the high winds. @FireDept
2026-08-09 00:21:18,@user2680,Main Street,"Someone collapsed on the sidewalk in Main Street, they aren't breathing! Need a medic ASAP."
2026-08-09 00:22:05,@user5755,Central Park,Pedestrian struck by a speeding car in Central Park. Needs immediate medical attention!
2026-08-09 00:22:36,@user8965,Old Town,Building collapse in Old Town due to the fire. Paramedics and Firefighters needed immediately.
2026-08-09 00:22:58,@user2866,Southside,Roof collapsed at the construction site in Southside. Multiple workers trapped and injured.
2026-08-09 00:23:07,@user4516,Southside,"Lost dog found near Southside, please share!"
2026-08-09 00:23:17,@user3621,Old Town,"Someone collapsed on the sidewalk in Old Town, they aren't breathing! Need a medic ASAP."
2026-08-09 00:24:03,@user9689,Route 66,Building collapse in Route 66 due to the fire. Paramedics and Firefighters needed immediately.
2026-08-09 00:25:01,@user9266,Old Town,Pedestrian struck by a speeding car in Old Town. Needs immediate medical attention!
2026-08-09 00:25:43,@user2562,Main Street,Brush fire spreading fast near Main Street due to the high winds. @FireDept
2026-08-09 00:25:44,@user6657,Main Street,Major explosion at Main Street factory! Massive fire and many people injured. We need fire and medical now!
2026-08-09 00:26:23,@user7043,North Hills,Just got the best coffee in North Hills. What a beautiful day!
2026-08-09 00:27:09,@user7308,Industrial District,Is something burning in Industrial District? Thick black smoke in the sky.
2026-08-09 00:27:53,@user7710,Route 66,Just got the best coffee in Route 66. What a beautiful day!
2026-08-09 00:27:56,@user2984,Southside,Small electrical fire started at the bakery in Southside. Needs putting out.
2026-08-09 00:28:23,@user3884,Downtown,Huge flames seen at the Downtown warehouse! Looks like a 3-alarm fire. #fire #emergency
2026-08-09 00:28:35,@user2323,Southside,Major explosion at Southside factory! Massive fire and many people injured. We need fire and medical now!
2026-08-09 00:28:44,@user5452,Central Park,Pedestrian struck by a speeding car in Central Park. Needs immediate medical attention!
2026-08-09 00:29:32,@user7565,Main Street,Huge flames seen at the Main Street warehouse! Looks like a 3-alarm fire. #fire #emergency
2026-08-09 00:29:44,@user9415,North Hills,Anyone know why the power is out in North Hills?
2026-08-09 00:30:24,@user9468,Industrial District,Huge flames seen at the Industrial District warehouse! Looks like a 3-alarm fire. #fire #emergency
2026-08-09 00:31:04,@user8549,Downtown,Pedestrian struck by a speeding car in Downtown. Needs immediate medical attention!
2026-08-09 00:31:27,@user1415,Southside,Roof collapsed at the construction site in Southside. Multiple workers trapped and injured.
2026-08-09 00:31:58,@user6651,Main Street,"Heart attack suspected at the gym in Main Street. CPR in progress, where is the ambulance?!"
2026-08-09 00:32:30,@user9292,Suburbs,Traffic is terrible around Suburbs today. Ugh.
2026-08-09 00:32:51,@user9781,Main Street,Traffic is terrible around Main Street today. Ugh.
2026-08-09 00:33:35,@user4867,Old Town,Huge flames seen at the Old Town warehouse! Looks like a 3-alarm fire. #fire #emergency
2026-08-09 00:34:27,@user4339,Industrial District,Major explosion at Industrial District factory! Massive fire and many people injured. We need fire and medical now!
2026-08-09 00:35:12,@user4014,Downtown,Massive food poisoning outbreak at the festival in Downtown. Dozens of people need hospitalization.
2026-08-09 00:35:28,@user4094,Old Town,Small electrical fire started at the bakery in Old Town. Needs putting out.
2026-08-09 00:36:26,@user4002,Suburbs,Smell smoke coming from the apartment complex on Suburbs. Fire alarms are going off!
2026-08-09 00:36:39,@user3731,Old Town,Roof collapsed at the construction site in Old Town. Multiple workers trapped and injured.
2026-08-09 00:37:29,@user7051,North Hills,"Lost dog found near North Hills, please share!"
2026-08-09 00:37:47,@user8894,Westside,"Car on fire on Westside, traffic is completely stopped. Send firetrucks!"
2026-08-09 00:37:53,@user1054,Industrial District,"Someone collapsed on the sidewalk in Industrial District, they aren't breathing! Need a medic ASAP."
2026-08-09 00:38:35,@user9875,Southside,Small electrical fire started at the bakery in Southside. Needs putting out.
2026-08-09 00:38:39,@user3038,Suburbs,Building collapse in Suburbs due to the fire. Paramedics and Firefighters needed immediately.
2026-08-09 00:39:10,@user9902,Suburbs,Just got the best coffee in Suburbs. What a beautiful day!
2026-08-09 00:40:10,@user2653,Old Town,"Explosion heard near Old Town, now there's a massive fire! People are running."
2026-08-09 00:40:13,@user7876,Southside,Massive food poisoning outbreak at the festival in Southside. Dozens of people need hospitalization.
2026-08-09 00:40:59,@user2356,Old Town,"Lost dog found near Old Town, please share!"
2026-08-09 00:41:16,@user3917,Industrial District,Smell smoke coming from the apartment complex on Industrial District. Fire alarms are going off!
2026-08-09 00:41:30,@user2031,Old Town,Massive food poisoning outbreak at the festival in Old Town. Dozens of people need hospitalization.
2026-08-09 00:42:29,@user2628,Industrial District,Huge flames seen at the Industrial District warehouse! Looks like a 3-alarm fire. #fire #emergency
2026-08-09 00:42:42,@user3910,Old Town,"Explosion heard near Old Town, now there's a massive fire! People are running."
2026-08-09 00:43:32,@user8742,Downtown,"Car on fire on Downtown, traffic is completely stopped. Send firetrucks!"
2026-08-09 00:43:53,@user6951,Southside,Small electrical fire started at the bakery in Southside. Needs putting out.
2026-08-09 00:43:58,@user3066,Old Town,Just got the best coffee in Old Town. What a beautiful day!
2026-08-09 00:44:55,@user7059,Route 66,Anyone know why the power is out in Route 66?
2026-08-09 00:45:33,@user5896,Route 66,Major explosion at Route 66 factory! Massive fire and many people injured. We need fire and medical now!
2026-08-09 00:45:56,@user8462,Central Park,Building collapse in Central Park due to the fire. Paramedics and Firefighters needed immediately.
2026-08-09 00:46:26,@user5297,North Hills,"Someone collapsed on the sidewalk in North Hills, they aren't breathing! Need a medic ASAP."
2026-08-09 00:47:03,@user7627,Industrial District,Huge flames seen at the Industrial District warehouse! Looks like a 3-alarm fire. #fire #emergency
2026-08-09 00:47:20,@user4774,Westside,"Lost dog found near Westside, please share!"
2026-08-09 00:47:56,@user3853,North Hills,Cyclist hit by a truck at the intersection of North Hills. Looks really bad. @Medical
2026-08-09 00:48:21,@user5456,Downtown,Roof collapsed at the construction site in Downtown. Multiple workers trapped and injured.
2026-08-09 00:49:05,@user7347,Old Town,Traffic is terrible around Old Town today. Ugh.
2026-08-09 00:49:53,@user8427,Central Park,Is something burning in Central Park? Thick black smoke in the sky.
2026-08-09 00:50:51,@user3397,Southside,Roof collapsed at the construction site in Southside. Multiple workers trapped and injured.
2026-08-09 00:51:22,@user7584,Southside,"Someone collapsed on the sidewalk in Southside, they aren't breathing! Need a medic ASAP."
2026-08-09 00:51:59,@user6224,Old Town,Smell smoke coming from the apartment complex on Old Town. Fire alarms are going off!
2026-08-09 00:52:34,@user2074,North Hills,Anyone know why the power is out in North Hills?
2026-08-09 00:53:18,@user3247,Southside,Massive food poisoning outbreak at the festival in Southside. Dozens of people need hospitalization.
2026-08-09 00:54:02,@user1090,Southside,"Lost dog found near Southside, please share!"
2026-08-09 00:54:22,@user7708,Central Park,Small electrical fire started at the bakery in Central Park. Needs putting out.
2026-08-09 00:55:00,@user9724,Suburbs,"Heart attack suspected at the gym in Suburbs. CPR in progress, where is the ambulance?!"
2026-08-09 00:55:40,@user3152,Downtown,"Explosion heard near Downtown, now there's a massive fire! People are running."
2026-08-09 00:55:59,@user8862,Old Town,Cyclist hit by a truck at the intersection of Old Town. Looks really bad. @Medical
2026-08-09 00:56:40,@user5728,Westside,"Explosion heard near Westside, now there's a massive fire! People are running."
2026-08-09 00:57:16,@user7017,Suburbs,Small electrical fire started at the bakery in Suburbs. Needs putting out.
2026-08-09 00:57:56,@user9892,Old Town,Pedestrian struck by a speeding car in Old Town. Needs immediate medical attention!
2026-08-09 00:58:17,@user7134,Suburbs,Brush fire spreading fast near Suburbs due to the high winds. @FireDept
2026-08-09 00:59:07,@user8970,Downtown,"Someone collapsed on the sidewalk in Downtown, they aren't breathing! Need a medic ASAP."
2026-08-09 00:59:18,@user2420,Main Street,Traffic is terrible around Main Street today. Ugh.
2026-08-09 01:00:13,@user1974,Downtown,Smell smoke coming from the apartment complex on Downtown. Fire alarms are going off!
2026-08-09 01:00:42,@user4225,Route 66,Pedestrian struck by a speeding car in Route 66. Needs immediate medical attention!
2026-08-09 01:01:35,@user4630,Route 66,Major explosion at Route 66 factory! Massive fire and many people injured. We need fire and medical now!
2026-08-09 01:01:55,@user3454,Downtown,Pedestrian struck by a speeding car in Downtown. Needs immediate medical attention!
2026-08-09 01:02:40,@user5712,Central Park,"Explosion heard near Central Park, now there's a massive fire! People are running."
2026-08-09 01:02:51,@user4622,Route 66,Pedestrian struck by a speeding car in Route 66. Needs immediate medical attention!
2026-08-09 01:03:29,@user4736,Central Park,Traffic is terrible around Central Park today. Ugh.
2026-08-09 01:03:54,@user9609,Route 66,"Heart attack suspected at the gym in Route 66. CPR in progress, where is the ambulance?!"
2026-08-09 01:04:33,@user1654,Westside,Just got the best coffee in Westside. What a beautiful day!
2026-08-09 01:04:58,@user3467,Downtown,Building collapse in Downtown due to the fire. Paramedics and Firefighters needed immediately.
2026-08-09 01:05:17,@user7737,Downtown,Traffic is terrible around Downtown today. Ugh.
2026-08-09 01:05:32,@user6620,Southside,Roof collapsed at the construction site in Southside. Multiple workers trapped and injured.
2026-08-09 01:06:12,@user1764,Old Town,Building collapse in Old Town due to the fire. Paramedics and Firefighters needed immediately.
2026-08-09 01:06:43,@user2640,Westside,Is something burning in Westside? Thick black smoke in the sky.
2026-08-09 01:07:17,@user9737,North Hills,Small electrical fire started at the bakery in North Hills. Needs putting out.
2026-08-09 01:07:49,@user6692,North Hills,"Someone collapsed on the sidewalk in North Hills, they aren't breathing! Need a medic ASAP."
2026-08-09 01:07:55,@user7390,Southside,Brush fire spreading fast near Southside due to the high winds. @FireDept
2026-08-09 01:08:31,@user2702,Downtown,"Explosion heard near Downtown, now there's a massive fire! People are running."
2026-08-09 01:09:13,@user1692,Suburbs,Terrible multi-car crash at Suburbs. At least 3 people look badly injured. Send ambulances! #accident
2026-08-09 01:09:54,@user4966,Westside,Brush fire spreading fast near Westside due to the high winds. @FireDept
2026-08-09 01:10:35,@user9783,Suburbs,Terrible multi-car crash at Suburbs. At least 3 people look badly injured. Send ambulances! #accident
2026-08-09 01:11:23,@user8638,Industrial District,"Lost dog found near Industrial District, please share!"
2026-08-09 01:12:05,@user2431,Westside,Is something burning in Westside? Thick black smoke in the sky.
2026-08-09 01:13:05,@user3222,Southside,Massive food poisoning outbreak at the festival in Southside. Dozens of people need hospitalization.
2026-08-09 01:13:18,@user8555,Central Park,Traffic is terrible around Central Park today. Ugh.
2026-08-09 01:13:59,@user1812,Central Park,Anyone know why the power is out in Central Park?
2026-08-09 01:14:20,@user2952,Old Town,Is something burning in Old Town? Thick black smoke in the sky.
2026-08-09 01:14:44,@user4176,North Hills,Huge flames seen at the North Hills warehouse! Looks like a 3-alarm fire. #fire #emergency
2026-08-09 01:14:46,@user5439,Central Park,Roof collapsed at the construction site in Central Park. Multiple workers trapped and injured.
2026-08-09 01:14:55,@user3501,Southside,Massive food poisoning outbreak at the festival in Southside. Dozens of people need hospitalization.
2026-08-09 01:15:09,@user2571,Downtown,Traffic is terrible around Downtown today. Ugh.
2026-08-09 01:15:28,@user9332,Westside,Massive food poisoning outbreak at the festival in Westside. Dozens of people need hospitalization.
2026-08-09 01:16:05,@user8049,Main Street,Pedestrian struck by a speeding car in Main Street. Needs immediate medical attention!
2026-08-09 01:16:36,@user1091,Main Street,Traffic is terrible around Main Street today. Ugh.
2026-08-09 01:17:05,@user5360,Southside,Pedestrian struck by a speeding car in Southside. Needs immediate medical attention!
2026-08-09 01:17:33,@user2366,Route 66,Brush fire spreading fast near Route 66 due to the high winds. @FireDept
2026-08-09 01:17:59,@user7093,Westside,Is something burning in Westside? Thick black smoke in the sky.
2026-08-09 01:18:29,@user9240,Main Street,Anyone know why the power is out in Main Street?
2026-08-09 01:19:10,@user8052,Route 66,"Explosion heard near Route 66, now there's a massive fire! People are running."
2026-08-09 01:19:14,@user9931,Downtown,"Lost dog found near Downtown, please share!"
2026-08-09 01:19:25,@user6455,Old Town,Is something burning in Old Town? Thick black smoke in the sky.
2026-08-09 01:20:02,@user6662,North Hills,Cyclist hit by a truck at the intersection of North Hills. Looks really bad. @Medical
2026-08-09 01:20:21,@user5537,Route 66,Building collapse in Route 66 due to the fire. Paramedics and Firefighters needed immediately.
2026-08-09 01:20:48,@user6170,Old Town,Small electrical fire started at the bakery in Old Town. Needs putting out.
2026-08-09 01:21:28,@user3950,Central Park,Traffic is terrible around Central Park today. Ugh.
2026-08-09 01:21:59,@user2321,Central Park,Roof collapsed at the construction site in Central Park. Multiple workers trapped and injured.
2026-08-09 01:22:31,@user2758,Old Town,Cyclist hit by a truck at the intersection of Old Town. Looks really bad. @Medical
2026-08-09 01:22:51,@user2918,Westside,Smell smoke coming from the apartment complex on Westside. Fire alarms are going off!
2026-08-09 01:23:22,@user4812,Westside,Roof collapsed at the construction site in Westside. Multiple workers trapped and injured.
2026-08-09 01:24:19,@user6749,Westside,Just got the best coffee in Westside. What a beautiful day!
2026-08-09 01:24:31,@user1657,North Hills,Anyone know why the power is out in North Hills?
2026-08-09 01:25:30,@user7149,Downtown,Anyone know why the power is out in Downtown?
2026-08-09 01:25:47,@user7744,North Hills,Is something burning in North Hills? Thick black smoke in the sky.
2026-08-09 01:26:10,@user3547,Industrial District,"Car on fire on Industrial District, traffic is completely stopped. Send firetrucks!"
2026-08-09 01:26:39,@user6261,North Hills,"Car on fire on North Hills, traffic is completely stopped. Send firetrucks!"
2026-08-09 01:27:13,@user9733,Westside,"Lost dog found near Westside, please share!"
2026-08-09 01:27:50,@user4064,Industrial District,Pedestrian struck by a speeding car in Industrial District. Needs immediate medical attention!
2026-08-09 01:28:41,@user6441,Old Town,Traffic is terrible around Old Town today. Ugh.
2026-08-09 01:29:18,@user2111,Industrial District,Traffic is terrible around Industrial District today. Ugh.
2026-08-09 01:29:26,@user5431,Route 66,"Lost dog found near Route 66, please share!"
2026-08-09 01:30:09,@user4026,North Hills,Terrible multi-car crash at North Hills. At least 3 people look badly injured. Send ambulances! #accident
2026-08-09 01:31:07,@user5968,Route 66,Pedestrian struck by a speeding car in Route 66. Needs immediate medical attention!
2026-08-09 01:31:15,@user9244,Downtown,Anyone know why the power is out in Downtown?
2026-08-09 01:31:28,@user7574,Southside,Roof collapsed at the construction site in Southside. Multiple workers trapped and injured.
2026-08-09 01:31:34,@user4784,Downtown,Cyclist hit by a truck at the intersection of Downtown. Looks really bad. @Medical
2026-08-09 01:32:18,@user1597,Main Street,Traffic is terrible around Main Street today. Ugh.
2026-08-09 01:33:17,@user3947,Route 66,Pedestrian struck by a speeding car in Route 66. Needs immediate medical attention!
2026-08-09 01:33:36,@user6488,Southside,Huge flames seen at the Southside warehouse! Looks like a 3-alarm fire. #fire #emergency
2026-08-09 01:34:03,@user6333,Westside,"Someone collapsed on the sidewalk in Westside, they aren't breathing! Need a medic ASAP."
2026-08-09 01:34:34,@user6914,Westside,Brush fire spreading fast near Westside due to the high winds. @FireDept
2026-08-09 01:35:18,@user2291,Route 66,Massive food poisoning outbreak at the festival in Route 66. Dozens of people need hospitalization.
2026-08-09 01:36:18,@user4587,Main Street,Small electrical fire started at the bakery in Main Street. Needs putting out.
2026-08-09 01:36:59,@user5304,Route 66,Smell smoke coming from the apartment complex on Route 66. Fire alarms are going off!
2026-08-09 01:37:29,@user7030,Downtown,Traffic is terrible around Downtown today. Ugh.
2026-08-09 01:38:10,@user4983,Old Town,Pedestrian struck by a speeding car in Old Town. Needs immediate medical attention!
2026-08-09 01:38:37,@user5981,Main Street,Huge flames seen at the Main Street warehouse! Looks like a 3-alarm fire. #fire #emergency
2026-08-09 01:39:21,@user2647,Downtown,Major explosion at Downtown factory! Massive fire and many people injured. We need fire and medical now!
2026-08-09 01:39:57,@user2198,Downtown,Building collapse in Downtown due to the fire. Paramedics and Firefighters needed immediately.
2026-08-09 01:40:49,@user9860,Suburbs,Traffic is terrible around Suburbs today. Ugh.
2026-08-09 01:41:07,@user4998,Southside,Massive food poisoning outbreak at the festival in Southside. Dozens of people need hospitalization.
2026-08-09 01:41:33,@user8854,Industrial District,Anyone know why the power is out in Industrial District?
2026-08-09 01:42:20,@user9612,Downtown,Major explosion at Downtown factory! Massive fire and many people injured. We need fire and medical now!
2026-08-09 01:43:05,@user5879,Downtown,Terrible multi-car crash at Downtown. At least 3 people look badly injured. Send ambulances! #accident
2026-08-09 01:43:49,@user4518,Westside,"Car on fire on Westside, traffic is completely stopped. Send firetrucks!"
2026-08-09 01:44:43,@user7924,Suburbs,"Explosion heard near Suburbs, now there's a massive fire! People are running."
2026-08-09 01:45:41,@user7323,Westside,Smell smoke coming from the apartment complex on Westside. Fire alarms are going off!
2026-08-09 01:45:42,@user9200,Suburbs,Small electrical fire started at the bakery in Suburbs. Needs putting out.
2026-08-09 01:45:48,@user3116,North Hills,Anyone know why the power is out in North Hills?
2026-08-09 01:46:19,@user2686,Westside,Pedestrian struck by a speeding car in Westside. Needs immediate medical attention!
2026-08-09 01:47:09,@user5720,Suburbs,Small electrical fire started at the bakery in Suburbs. Needs putting out.
2026-08-09 01:47:47,@user2040,Downtown,"Lost dog found near Downtown, please share!"
2026-08-09 01:48:43,@user7706,Downtown,Pedestrian struck by a speeding car in Downtown. Needs immediate medical attention!
2026-08-09 01:48:57,@user5698,Old Town,Is something burning in Old Town? Thick black smoke in the sky.
2026-08-09 01:49:08,@user9066,North Hills,Pedestrian struck by a speeding car in North Hills. Needs immediate medical attention!
2026-08-09 01:49:47,@user5463,Downtown,"Explosion heard near Downtown, now there's a massive fire! People are running."
2026-08-09 01:50:44,@user1074,Downtown,Cyclist hit by a truck at the intersection of Downtown. Looks really bad. @Medical
2026-08-09 01:51:11,@user5629,Downtown,Is something burning in Downtown? Thick black smoke in the sky.
2026-08-09 01:51:29,@user4840,Downtown,"Explosion heard near Downtown, now there's a massive fire! People are running."
2026-08-09 01:52:07,@user7341,Route 66,"Explosion heard near Route 66, now there's a massive fire! People are running."
2026-08-09 01:53:01,@user8913,Southside,"Lost dog found near Southside, please share!"
2026-08-09 01:53:47,@user1751,Main Street,Traffic is terrible around Main Street today. Ugh.
2026-08-09 01:54:19,@user7325,Central Park,"Someone collapsed on the sidewalk in Central Park, they aren't breathing! Need a medic ASAP."
2026-08-09 01:55:08,@user2716,Main Street,Huge flames seen at the Main Street warehouse! Looks like a 3-alarm fire. #fire #emergency
2026-08-09 01:55:11,@user1376,Industrial District,Traffic is terrible around Industrial District today. Ugh.
2026-08-09 01:55:36,@user5508,Southside,Anyone know why the power is out in Southside?
2026-08-09 01:55:59,@user6123,North Hills,"Explosion heard near North Hills, now there's a massive fire! People are running."
2026-08-09 01:56:48,@user9393,North Hills,Pedestrian struck by a speeding car in North Hills. Needs immediate medical attention!
2026-08-09 01:57:33,@user2365,Downtown,Anyone know why the power is out in Downtown?
2026-08-09 01:58:27,@user2335,Central Park,Is something burning in Central Park? Thick black smoke in the sky.
2026-08-09 01:58:29,@user8996,North Hills,Is something burning in North Hills? Thick black smoke in the sky.
2026-08-09 01:59:16,@user9456,Main Street,Just got the best coffee in Main Street. What a beautiful day!
2026-08-09 02:00:12,@user4785,North Hills,Massive food poisoning outbreak at the festival in North Hills. Dozens of people need hospitalization.
2026-08-09 02:00:49,@user9322,Southside,Cyclist hit by a truck at the intersection of Southside. Looks really bad. @Medical
2026-08-09 02:01:21,@user1484,Westside,Huge flames seen at the Westside warehouse! Looks like a 3-alarm fire. #fire #emergency
2026-08-09 02:01:57,@user2385,Main Street,Massive food poisoning outbreak at the festival in Main Street. Dozens of people need hospitalization.
2026-08-09 02:02:03,@user8916,Industrial District,Terrible multi-car crash at Industrial District. At least 3 people look badly injured. Send ambulances! #accident
2026-08-09 02:02:41,@user8420,Westside,Smell smoke coming from the apartment complex on Westside. Fire alarms are going off!
2026-08-09 02:03:11,@user1920,Southside,"Heart attack suspected at the gym in Southside. CPR in progress, where is the ambulance?!"
2026-08-09 02:03:46,@user3374,Old Town,Brush fire spreading fast near Old Town due to the high winds. @FireDept
2026-08-09 02:04:07,@user6293,Old Town,Huge flames seen at the Old Town warehouse! Looks like a 3-alarm fire. #fire #emergency
2026-08-09 02:04:21,@user7647,Central Park,Just got the best coffee in Central Park. What a beautiful day!
2026-08-09 02:04:24,@user5847,Southside,Massive food poisoning outbreak at the festival in Southside. Dozens of people need hospitalization.
2026-08-09 02:05:11,@user9546,Southside,Terrible multi-car crash at Southside. At least 3 people look badly injured. Send ambulances! #accident
2026-08-09 02:05:45,@user6131,North Hills,Huge flames seen at the North Hills warehouse! Looks like a 3-alarm fire. #fire #emergency
2026-08-09 02:06:17,@user6219,Westside,Traffic is terrible around Westside today. Ugh.
2026-08-09 02:06:37,@user6161,Southside,Huge flames seen at the Southside warehouse! Looks like a 3-alarm fire. #fire #emergency
2026-08-09 02:07:03,@user4748,Westside,Is something burning in Westside? Thick black smoke in the sky.
2026-08-09 02:07:16,@user3732,Industrial District,Cyclist hit by a truck at the intersection of Industrial District. Looks really bad. @Medical
2026-08-09 02:08:08,@user3985,Southside,Pedestrian struck by a speeding car in Southside. Needs immediate medical attention!
2026-08-09 02:08:55,@user5101,Southside,"Heart attack suspected at the gym in Southside. CPR in progress, where is the ambulance?!"
2026-08-09 02:09:38,@user4297,North Hills,Terrible multi-car crash at North Hills. At least 3 people look badly injured. Send ambulances! #accident
2026-08-09 02:09:53,@user1130,Downtown,Building collapse in Downtown due to the fire. Paramedics and Firefighters needed immediately.
2026-08-09 02:10:27,@user5221,Main Street,"Someone collapsed on the sidewalk in Main Street, they aren't breathing! Need a medic ASAP."
2026-08-09 02:10:57,@user1040,Central Park,Smell smoke coming from the apartment complex on Central Park. Fire alarms are going off!
2026-08-09 02:11:37,@user8530,Central Park,"Lost dog found near Central Park, please share!"
2026-08-09 02:11:56,@user9362,Industrial District,Is something burning in Industrial District? Thick black smoke in the sky.
2026-08-09 02:12:47,@user8200,Main Street,Major explosion at Main Street factory! Massive fire and many people injured. We need fire and medical now!
2026-08-09 02:13:08,@user2679,Suburbs,Pedestrian struck by a speeding car in Suburbs. Needs immediate medical attention!
2026-08-09 02:13:43,@user6141,Main Street,"Car on fire on Main Street, traffic is completely stopped. Send firetrucks!"
2026-08-09 02:14:33,@user1453,Route 66,Building collapse in Route 66 due to the fire. Paramedics and Firefighters needed immediately.
2026-08-09 02:15:22,@user1983,Industrial District,"Heart attack suspected at the gym in Industrial District. CPR in progress, where is the ambulance?!"
2026-08-09 02:16:08,@user5452,Industrial District,Massive food poisoning outbreak at the festival in Industrial District. Dozens of people need hospitalization.
2026-08-09 02:16:17,@user4318,Main Street,Roof collapsed at the construction site in Main Street. Multiple workers trapped and injured.
2026-08-09 02:16:36,@user3096,Central Park,Massive food poisoning outbreak at the festival in Central Park. Dozens of people need hospitalization.
2026-08-09 02:17:35,@user3050,Industrial District,Small electrical fire started at the bakery in Industrial District. Needs putting out.
2026-08-09 02:18:35,@user2241,North Hills,Massive food poisoning outbreak at the festival in North Hills. Dozens of people need hospitalization.
2026-08-09 02:18:58,@user6227,Central Park,Smell smoke coming from the apartment complex on Central Park. Fire alarms are going off!
2026-08-09 02:19:02,@user5605,Southside,Massive food poisoning outbreak at the festival in Southside. Dozens of people need hospitalization.
2026-08-09 02:19:11,@user4594,Industrial District,Massive food poisoning outbreak at the festival in Industrial District. Dozens of people need hospitalization.
2026-08-09 02:19:35,@user4530,Main Street,Just got the best coffee in Main Street. What a beautiful day!
2026-08-09 02:20:28,@user8943,Route 66,Cyclist hit by a truck at the intersection of Route 66. Looks really bad. @Medical
2026-08-09 02:20:51,@user8107,Southside,Pedestrian struck by a speeding car in Southside. Needs immediate medical attention!
2026-08-09 02:21:15,@user9068,Westside,Is something burning in Westside? Thick black smoke in the sky.
2026-08-09 02:21:17,@user6155,Suburbs,Cyclist hit by a truck at the intersection of Suburbs. Looks really bad. @Medical
2026-08-09 02:22:05,@user2702,Westside,Traffic is terrible around Westside today. Ugh.
2026-08-09 02:22:46,@user8334,Old Town,Small electrical fire started at the bakery in Old Town. Needs putting out.
2026-08-09 02:22:51,@user5654,Central Park,Major explosion at Central Park factory! Massive fire and many people injured. We need fire and medical now!
2026-08-09 02:23:39,@user6596,Main Street,Traffic is terrible around Main Street today. Ugh.
2026-08-09 02:23:55,@user6293,Route 66,Building collapse in Route 66 due to the fire. Paramedics and Firefighters needed immediately.
2026-08-09 02:23:58,@user3437,Main Street,"Lost dog found near Main Street, please share!"
2026-08-09 02:24:46,@user2870,Main Street,Brush fire spreading fast near Main Street due to the high winds. @FireDept
2026-08-09 02:25:33,@user1521,Industrial District,Massive food poisoning outbreak at the festival in Industrial District. Dozens of people need hospitalization.
2026-08-09 02:26:03,@user2188,North Hills,"Lost dog found near North Hills, please share!"
2026-08-09 02:26:42,@user5983,Southside,Traffic is terrible around Southside today. Ugh.
2026-08-09 02:26:51,@user2559,North Hills,Smell smoke coming from the apartment complex on North Hills. Fire alarms are going off!
2026-08-09 02:27:20,@user1259,Old Town,Huge flames seen at the Old Town warehouse! Looks like a 3-alarm fire. #fire #emergency
2026-08-09 02:27:49,@user8751,Downtown,Small electrical fire started at the bakery in Downtown. Needs putting out.
2026-08-09 02:27:58,@user8040,Central Park,Brush fire spreading fast near Central Park due to the high winds. @FireDept
2026-08-09 02:28:30,@user8943,Main Street,Is something burning in Main Street? Thick black smoke in the sky.
2026-08-09 02:29:12,@user3169,Central Park,Brush fire spreading fast near Central Park due to the high winds. @FireDept
2026-08-09 02:29:54,@user4996,Route 66,Anyone know why the power is out in Route 66?
2026-08-09 02:30:44,@user7418,North Hills,Building collapse in North Hills due to the fire. Paramedics and Firefighters needed immediately.
2026-08-09 02:31:31,@user1789,Suburbs,Pedestrian struck by a speeding car in Suburbs. Needs immediate medical attention!
2026-08-09 02:31:37,@user1729,Old Town,Terrible multi-car crash at Old Town. At least 3 people look badly injured. Send ambulances! #accident
2026-08-09 02:31:48,@user9537,Downtown,Anyone know why the power is out in Downtown?
2026-08-09 02:32:20,@user1094,Westside,Anyone know why the power is out in Westside?
2026-08-09 02:33:20,@user4543,Main Street,Traffic is terrible around Main Street today. Ugh.
2026-08-09 02:33:51,@user3964,Downtown,Cyclist hit by a truck at the intersection of Downtown. Looks really bad. @Medical
2026-08-09 02:34:48,@user6649,Downtown,Traffic is terrible around Downtown today. Ugh.
2026-08-09 02:35:48,@user3088,Southside,Anyone know why the power is out in Southside?
2026-08-09 02:36:27,@user9933,North Hills,Major explosion at North Hills factory! Massive fire and many people injured. We need fire and medical now!
2026-08-09 02:36:45,@user8223,Route 66,Is something burning in Route 66? Thick black smoke in the sky.
2026-08-09 02:37:43,@user5538,Suburbs,Brush fire spreading fast near Suburbs due to the high winds. @FireDept
2026-08-09 02:38:20,@user3738,Downtown,Building collapse in Downtown due to the fire. Paramedics and Firefighters needed immediately.
2026-08-09 02:39:18,@user4913,North Hills,Massive food poisoning outbreak at the festival in North Hills. Dozens of people need hospitalization.
2026-08-09 02:39:24,@user9456,Main Street,Massive food poisoning outbreak at the festival in Main Street. Dozens of people need hospitalization.
2026-08-09 02:39:41,@user1705,Westside,Is something burning in Westside? Thick black smoke in the sky.
2026-08-09 02:40:10,@user9378,Main Street,Building collapse in Main Street due to the fire. Paramedics and Firefighters needed immediately.
2026-08-09 02:40:41,@user7194,Southside,Traffic is terrible around Southside today. Ugh.
2026-08-09 02:41:19,@user2091,Central Park,Is something burning in Central Park? Thick black smoke in the sky.
2026-08-09 02:41:46,@user8407,Old Town,"Explosion heard near Old Town, now there's a massive fire! People are running."
2026-08-09 02:42:31,@user1409,Old Town,Huge flames seen at the Old Town warehouse! Looks like a 3-alarm fire. #fire #emergency
2026-08-09 02:42:49,@user6217,Suburbs,Smell smoke coming from the apartment complex on Suburbs. Fire alarms are going off!
2026-08-09 02:43:21,@user5022,Suburbs,Smell smoke coming from the apartment complex on Suburbs. Fire alarms are going off!
2026-08-09 02:43:44,@user6061,Westside,Smell smoke coming from the apartment complex on Westside. Fire alarms are going off!
2026-08-09 02:43:56,@user9943,Route 66,"Heart attack suspected at the gym in Route 66. CPR in progress, where is the ambulance?!"
2026-08-09 02:44:18,@user9745,Central Park,Just got the best coffee in Central Park. What a beautiful day!
2026-08-09 02:44:24,@user2176,North Hills,Traffic is terrible around North Hills today. Ugh.
2026-08-09 02:44:31,@user4453,North Hills,Major explosion at North Hills factory! Massive fire and many people injured. We need fire and medical now!
2026-08-09 02:45:24,@user9616,Suburbs,"Someone collapsed on the sidewalk in Suburbs, they aren't breathing! Need a medic ASAP."
2026-08-09 02:45:31,@user9027,Suburbs,Smell smoke coming from the apartment complex on Suburbs. Fire alarms are going off!
2026-08-09 02:46:26,@user9499,Central Park,Pedestrian struck by a speeding car in Central Park. Needs immediate medical attention!
2026-08-09 02:46:56,@user4959,North Hills,"Car on fire on North Hills, traffic is completely stopped. Send firetrucks!"
2026-08-09 02:47:24,@user8947,Westside,Is something burning in Westside? Thick black smoke in the sky.
2026-08-09 02:48:24,@user3589,Industrial District,Just got the best coffee in Industrial District. What a beautiful day!
2026-08-09 02:49:05,@user5203,Main Street,Small electrical fire started at the bakery in Main Street. Needs putting out.
2026-08-09 02:49:22,@user8534,Central Park,"Car on fire on Central Park, traffic is completely stopped. Send firetrucks!"
2026-08-09 02:49:42,@user7634,Central Park,Major explosion at Central Park factory! Massive fire and many people injured. We need fire and medical now!
2026-08-09 02:50:37,@user3927,Westside,Major explosion at Westside factory! Massive fire and many people injured. We need fire and medical now!
2026-08-09 02:50:40,@user1887,Central Park,"Lost dog found near Central Park, please share!"
2026-08-09 02:51:21,@user5369,Suburbs,Building collapse in Suburbs due to the fire. Paramedics and Firefighters needed immediately.
2026-08-09 02:51:40,@user6916,Industrial District,Traffic is terrible around Industrial District today. Ugh.
2026-08-09 02:51:57,@user7516,Route 66,Cyclist hit by a truck at the intersection of Route 66. Looks really bad. @Medical
2026-08-09 02:52:04,@user5815,Southside,Building collapse in Southside due to the fire. Paramedics and Firefighters needed immediately.
2026-08-09 02:52:43,@user8902,Southside,Roof collapsed at the construction site in Southside. Multiple workers trapped and injured.
2026-08-09 02:53:18,@user2631,Route 66,Building collapse in Route 66 due to the fire. Paramedics and Firefighters needed immediately.
2026-08-09 02:53:19,@user8927,Industrial District,"Car on fire on Industrial District, traffic is completely stopped. Send firetrucks!"
2026-08-09 02:54:11,@user2350,Suburbs,Roof collapsed at the construction site in Suburbs. Multiple workers trapped and injured.
2026-08-09 02:55:00,@user4331,Old Town,Building collapse in Old Town due to the fire. Paramedics and Firefighters needed immediately.
2026-08-09 02:55:15,@user8311,Westside,Brush fire spreading fast near Westside due to the high winds. @FireDept
2026-08-09 02:56:00,@user4198,Old Town,Terrible multi-car crash at Old Town. At least 3 people look badly injured. Send ambulances! #accident
2026-08-09 02:56:42,@user2878,Central Park,Massive food poisoning outbreak at the festival in Central Park. Dozens of people need hospitalization.
2026-08-09 02:57:40,@user2069,North Hills,Anyone know why the power is out in North Hills?
2026-08-09 02:58:13,@user9764,Main Street,Anyone know why the power is out in Main Street?
2026-08-09 02:58:48,@user5427,Old Town,Huge flames seen at the Old Town warehouse! Looks like a 3-alarm fire. #fire #emergency
2026-08-09 02:59:34,@user2157,Downtown,Major explosion at Downtown factory! Massive fire and many people injured. We need fire and medical now!
2026-08-09 02:59:52,@user2439,Southside,Huge flames seen at the Southside warehouse! Looks like a 3-alarm fire. #fire #emergency
2026-08-09 02:59:57,@user3607,Old Town,"Car on fire on Old Town, traffic is completely stopped. Send firetrucks!"
2026-08-09 03:00:53,@user2326,Route 66,Massive food poisoning outbreak at the festival in Route 66. Dozens of people need hospitalization.
2026-08-09 03:01:43,@user7937,North Hills,"Heart attack suspected at the gym in North Hills. CPR in progress, where is the ambulance?!"
2026-08-09 03:01:53,@user8552,Downtown,Building collapse in Downtown due to the fire. Paramedics and Firefighters needed immediately.
2026-08-09 03:02:46,@user8666,Route 66,Roof collapsed at the construction site in Route 66. Multiple workers trapped and injured.
2026-08-09 03:03:27,@user2144,Downtown,Brush fire spreading fast near Downtown due to the high winds. @FireDept
2026-08-09 03:04:10,@user2727,Suburbs,Major explosion at Suburbs factory! Massive fire and many people injured. We need fire and medical now!
2026-08-09 03:04:57,@user9996,Westside,"Heart attack suspected at the gym in Westside. CPR in progress, where is the ambulance?!"
2026-08-09 03:05:35,@user5626,Southside,Is something burning in Southside? Thick black smoke in the sky.
2026-08-09 03:06:28,@user3094,Westside,Cyclist hit by a truck at the intersection of Westside. Looks really bad. @Medical
2026-08-09 03:06:41,@user5943,Main Street,Is something burning in Main Street? Thick black smoke in the sky.
2026-08-09 03:07:16,@user2131,Industrial District,Massive food poisoning outbreak at the festival in Industrial District. Dozens of people need hospitalization.
2026-08-09 03:08:05,@user9135,Route 66,Cyclist hit by a truck at the intersection of Route 66. Looks really bad. @Medical
2026-08-09 03:08:36,@user7053,Southside,Cyclist hit by a truck at the intersection of Southside. Looks really bad. @Medical
2026-08-09 03:08:53,@user8413,Westside,"Explosion heard near Westside, now there's a massive fire! People are running."
2026-08-09 03:09:29,@user3923,Main Street,Is something burning in Main Street? Thick black smoke in the sky.
2026-08-09 03:10:09,@user1176,Old Town,Roof collapsed at the construction site in Old Town. Multiple workers trapped and injured.
2026-08-09 03:11:06,@user1712,Downtown,"Lost dog found near Downtown, please share!"
2026-08-09 03:11:45,@user9518,Downtown,"Lost dog found near Downtown, please share!"
2026-08-09 03:12:03,@user6989,Main Street,Traffic is terrible around Main Street today. Ugh.
2026-08-09 03:12:45,@user9105,Old Town,Terrible multi-car crash at Old Town. At least 3 people look badly injured. Send ambulances! #accident
2026-08-09 03:13:29,@user3306,North Hills,"Explosion heard near North Hills, now there's a massive fire! People are running."
2026-08-09 03:14:16,@user3098,Downtown,Massive food poisoning outbreak at the festival in Downtown. Dozens of people need hospitalization.
2026-08-09 03:14:22,@user2850,Westside,Roof collapsed at the construction site in Westside. Multiple workers trapped and injured.
2026-08-09 03:14:39,@user5941,Main Street,Terrible multi-car crash at Main Street. At least 3 people look badly injured. Send ambulances! #accident
2026-08-09 03:14:49,@user3073,Central Park,"Car on fire on Central Park, traffic is completely stopped. Send firetrucks!"
2026-08-09 03:15:14,@user2223,Suburbs,"Someone collapsed on the sidewalk in Suburbs, they aren't breathing! Need a medic ASAP."
2026-08-09 03:15:54,@user6588,Industrial District,Small electrical fire started at the bakery in Industrial District. Needs putting out.
2026-08-09 03:16:13,@user4652,Industrial District,Terrible multi-car crash at Industrial District. At least 3 people look badly injured. Send ambulances! #accident
2026-08-09 03:16:17,@user4046,Route 66,Cyclist hit by a truck at the intersection of Route 66. Looks really bad. @Medical
2026-08-09 03:17:01,@user3207,Southside,"Lost dog found near Southside, please share!"
2026-08-09 03:17:09,@user5827,Suburbs,Brush fire spreading fast near Suburbs due to the high winds. @FireDept
2026-08-09 03:18:01,@user5384,Westside,Traffic is terrible around Westside today. Ugh.
2026-08-09 03:18:46,@user1926,Southside,"Someone collapsed on the sidewalk in Southside, they aren't breathing! Need a medic ASAP."
2026-08-09 03:19:33,@user5971,Route 66,"Heart attack suspected at the gym in Route 66. CPR in progress, where is the ambulance?!"
2026-08-09 03:20:13,@user1726,Downtown,Just got the best coffee in Downtown. What a beautiful day!
2026-08-09 03:20:39,@user5859,Westside,Brush fire spreading fast near Westside due to the high winds. @FireDept
2026-08-09 03:21:19,@user6170,North Hills,Building collapse in North Hills due to the fire. Paramedics and Firefighters needed immediately.
2026-08-09 03:21:36,@user6743,Old Town,Traffic is terrible around Old Town today. Ugh.
2026-08-09 03:21:43,@user6529,Westside,Huge flames seen at the Westside warehouse! Looks like a 3-alarm fire. #fire #emergency
2026-08-09 03:22:39,@user5506,Suburbs,Cyclist hit by a truck at the intersection of Suburbs. Looks really bad. @Medical
2026-08-09 03:23:23,@user6268,Westside,"Heart attack suspected at the gym in Westside. CPR in progress, where is the ambulance?!"
2026-08-09 03:23:27,@user4076,Suburbs,Terrible multi-car crash at Suburbs. At least 3 people look badly injured. Send ambulances! #accident
2026-08-09 03:24:12,@user3055,North Hills,Just got the best coffee in North Hills. What a beautiful day!
2026-08-09 03:24:37,@user6784,Old Town,"Explosion heard near Old Town, now there's a massive fire! People are running."
2026-08-09 03:24:38,@user2163,Central Park,Traffic is terrible around Central Park today. Ugh.
2026-08-09 03:25:13,@user6374,Route 66,Cyclist hit by a truck at the intersection of Route 66. Looks really bad. @Medical
2026-08-09 03:25:16,@user9935,Suburbs,"Lost dog found near Suburbs, please share!"
2026-08-09 03:26:00,@user9213,Central Park,Terrible multi-car crash at Central Park. At least 3 people look badly injured. Send ambulances! #accident
2026-08-09 03:26:55,@user1199,Old Town,Terrible multi-car crash at Old Town. At least 3 people look badly injured. Send ambulances! #accident
2026-08-09 03:27:17,@user3261,Suburbs,Smell smoke coming from the apartment complex on Suburbs. Fire alarms are going off!
2026-08-09 03:28:13,@user4988,Route 66,"Someone collapsed on the sidewalk in Route 66, they aren't breathing! Need a medic ASAP."
2026-08-09 03:29:07,@user8512,North Hills,Roof collapsed at the construction site in North Hills. Multiple workers trapped and injured.
2026-08-09 03:29:26,@user8341,Westside,Small electrical fire started at the bakery in Westside. Needs putting out.
2026-08-09 03:30:15,@user2023,North Hills,Just got the best coffee in North Hills. What a beautiful day!
2026-08-09 03:30:37,@user4161,Westside,Building collapse in Westside due to the fire. Paramedics and Firefighters needed immediately.
2026-08-09 03:31:07,@user1078,Industrial District,"Explosion heard near Industrial District, now there's a massive fire! People are running."
2026-08-09 03:31:46,@user8110,Suburbs,"Explosion heard near Suburbs, now there's a massive fire! People are running."
2026-08-09 03:32:16,@user3609,North Hills,Anyone know why the power is out in North Hills?
2026-08-09 03:32:48,@user6380,Central Park,Just got the best coffee in Central Park. What a beautiful day!
2026-08-09 03:33:40,@user4164,Industrial District,Cyclist hit by a truck at the intersection of Industrial District. Looks really bad. @Medical
2026-08-09 03:34:06,@user4469,Southside,Major explosion at Southside factory! Massive fire and many people injured. We need fire and medical now!
2026-08-09 03:34:33,@user5754,Central Park,Building collapse in Central Park due to the fire. Paramedics and Firefighters needed immediately.
2026-08-09 03:35:10,@user3073,Westside,Terrible multi-car crash at Westside. At least 3 people look badly injured. Send ambulances! #accident
2026-08-09 03:35:21,@user8802,Main Street,"Someone collapsed on the sidewalk in Main Street, they aren't breathing! Need a medic ASAP."
2026-08-09 03:36:21,@user9204,Suburbs,Small electrical fire started at the bakery in Suburbs. Needs putting out.
2026-08-09 03:37:00,@user8322,Central Park,Massive food poisoning outbreak at the festival in Central Park. Dozens of people need hospitalization.
2026-08-09 03:37:59,@user3471,Main Street,Terrible multi-car crash at Main Street. At least 3 people look badly injured. Send ambulances! #accident
2026-08-09 03:38:48,@user8433,Westside,Is something burning in Westside? Thick black smoke in the sky.
2026-08-09 03:39:29,@user6156,Suburbs,Brush fire spreading fast near Suburbs due to the high winds. @FireDept
2026-08-09 03:40:15,@user5919,Downtown,Anyone know why the power is out in Downtown?
2026-08-09 03:40:39,@user6060,Southside,Brush fire spreading fast near Southside due to the high winds. @FireDept
2026-08-09 03:41:10,@user3662,Old Town,"Heart attack suspected at the gym in Old Town. CPR in progress, where is the ambulance?!"
2026-08-09 03:41:59,@user8851,Suburbs,"Heart attack suspected at the gym in Suburbs. CPR in progress, where is the ambulance?!"
2026-08-09 03:42:48,@user7496,Southside,Is something burning in Southside? Thick black smoke in the sky.
2026-08-09 03:43:28,@user7961,North Hills,Is something burning in North Hills? Thick black smoke in the sky.
2026-08-09 03:43:54,@user8548,Downtown,Smell smoke coming from the apartment complex on Downtown. Fire alarms are going off!
2026-08-09 03:44:13,@user2181,Old Town,Smell smoke coming from the apartment complex on Old Town. Fire alarms are going off!
2026-08-09 03:45:05,@user2898,Route 66,"Heart attack suspected at the gym in Route 66. CPR in progress, where is the ambulance?!"
2026-08-09 03:45:49,@user8357,Route 66,Anyone know why the power is out in Route 66?
2026-08-09 03:46:40,@user3086,Suburbs,Pedestrian struck by a speeding car in Suburbs. Needs immediate medical attention!
2026-08-09 03:46:44,@user8918,Downtown,"Someone collapsed on the sidewalk in Downtown, they aren't breathing! Need a medic ASAP."
2026-08-09 03:46:50,@user5607,Central Park,Just got the best coffee in Central Park. What a beautiful day!
2026-08-09 03:46:59,@user8384,Southside,Brush fire spreading fast near Southside due to the high winds. @FireDept
2026-08-09 03:47:15,@user6395,Main Street,Just got the best coffee in Main Street. What a beautiful day!
2026-08-09 03:48:02,@user6050,Downtown,Building collapse in Downtown due to the fire. Paramedics and Firefighters needed immediately.
2026-08-09 03:49:02,@user9769,Old Town,"Someone collapsed on the sidewalk in Old Town, they aren't breathing! Need a medic ASAP."
2026-08-09 03:49:46,@user8254,Old Town,Roof collapsed at the construction site in Old Town. Multiple workers trapped and injured.
2026-08-09 03:50:35,@user2216,Route 66,Massive food poisoning outbreak at the festival in Route 66. Dozens of people need hospitalization.
2026-08-09 03:51:05,@user6367,Southside,Major explosion at Southside factory! Massive fire and many people injured. We need fire and medical now!
2026-08-09 03:51:14,@user1437,Downtown,Brush fire spreading fast near Downtown due to the high winds. @FireDept
2026-08-09 03:51:15,@user2506,Westside,Building collapse in Westside due to the fire. Paramedics and Firefighters needed immediately.
2026-08-09 03:51:17,@user1813,Downtown,"Heart attack suspected at the gym in Downtown. CPR in progress, where is the ambulance?!"
2026-08-09 03:51:56,@user6123,Westside,Anyone know why the power is out in Westside?
2026-08-09 03:52:13,@user1300,Central Park,Anyone know why the power is out in Central Park?
2026-08-09 03:52:41,@user6405,Route 66,Huge flames seen at the Route 66 warehouse! Looks like a 3-alarm fire. #fire #emergency
2026-08-09 03:53:26,@user9095,Industrial District,"Lost dog found near Industrial District, please share!"
2026-08-09 03:53:44,@user6595,Southside,Roof collapsed at the construction site in Southside. Multiple workers trapped and injured.
2026-08-09 03:54:18,@user5291,Westside,"Explosion heard near Westside, now there's a massive fire! People are running."
2026-08-09 03:54:22,@user5492,Downtown,Traffic is terrible around Downtown today. Ugh.
2026-08-09 03:54:44,@user6447,Route 66,Just got the best coffee in Route 66. What a beautiful day!
2026-08-09 03:55:35,@user2004,Industrial District,"Someone collapsed on the sidewalk in Industrial District, they aren't breathing! Need a medic ASAP."
2026-08-09 03:56:25,@user1324,Main Street,"Lost dog found near Main Street, please share!"
2026-08-09 03:56:27,@user6673,Industrial District,Building collapse in Industrial District due to the fire. Paramedics and Firefighters needed immediately.
2026-08-09 03:57:19,@user4154,Main Street,Brush fire spreading fast near Main Street due to the high winds. @FireDept
2026-08-09 03:57:39,@user6434,Suburbs,"Lost dog found near Suburbs, please share!"
2026-08-09 03:58:28,@user1806,North Hills,Huge flames seen at the North Hills warehouse! Looks like a 3-alarm fire. #fire #emergency
2026-08-09 03:58:34,@user6735,Southside,Massive food poisoning outbreak at the festival in Southside. Dozens of people need hospitalization.
2026-08-09 03:58:56,@user9421,Downtown,Cyclist hit by a truck at the intersection of Downtown. Looks really bad. @Medical
2026-08-09 03:58:58,@user7829,Southside,Anyone know why the power is out in Southside?
2026-08-09 03:59:31,@user9445,Southside,Massive food poisoning outbreak at the festival in Southside. Dozens of people need hospitalization.
2026-08-09 03:59:57,@user7138,North Hills,Cyclist hit by a truck at the intersection of North Hills. Looks really bad. @Medical
2026-08-09 04:00:09,@user4043,Route 66,"Car on fire on Route 66, traffic is completely stopped. Send firetrucks!"
2026-08-09 04:00:58,@user2538,Route 66,"Lost dog found near Route 66, please share!"
2026-08-09 04:01:24,@user3854,Downtown,Small electrical fire started at the bakery in Downtown. Needs putting out.
2026-08-09 04:01:56,@user2033,Southside,Huge flames seen at the Southside warehouse! Looks like a 3-alarm fire. #fire #emergency
2026-08-09 04:02:33,@user7167,Route 66,"Car on fire on Route 66, traffic is completely stopped. Send firetrucks!"
2026-08-09 04:03:02,@user3755,Southside,Roof collapsed at the construction site in Southside. Multiple workers trapped and injured.
2026-08-09 04:03:32,@user4247,Main Street,Traffic is terrible around Main Street today. Ugh.
2026-08-09 04:04:05,@user4781,Industrial District,Brush fire spreading fast near Industrial District due to the high winds. @FireDept
2026-08-09 04:04:14,@user2746,Westside,Cyclist hit by a truck at the intersection of Westside. Looks really bad. @Medical
2026-08-09 04:04:32,@user8176,Southside,Roof collapsed at the construction site in Southside. Multiple workers trapped and injured.
2026-08-09 04:04:43,@user4322,Industrial District,"Explosion heard near Industrial District, now there's a massive fire! People are running."
2026-08-09 04:05:07,@user4562,Route 66,Major explosion at Route 66 factory! Massive fire and many people injured. We need fire and medical now!
2026-08-09 04:05:21,@user4583,Central Park,"Lost dog found near Central Park, please share!"
2026-08-09 04:05:24,@user2813,Route 66,Brush fire spreading fast near Route 66 due to the high winds. @FireDept
2026-08-09 04:05:43,@user8150,Downtown,Small electrical fire started at the bakery in Downtown. Needs putting out.
2026-08-09 04:05:45,@user7269,Old Town,Just got the best coffee in Old Town. What a beautiful day!
2026-08-09 04:06:09,@user3838,North Hills,"Lost dog found near North Hills, please share!"
2026-08-09 04:06:13,@user1892,Old Town,Pedestrian struck by a speeding car in Old Town. Needs immediate medical attention!
2026-08-09 04:06:57,@user9756,Route 66,Smell smoke coming from the apartment complex on Route 66. Fire alarms are going off!
2026-08-09 04:07:26,@user2893,North Hills,Pedestrian struck by a speeding car in North Hills. Needs immediate medical attention!
2026-08-09 04:08:14,@user1384,Old Town,Building collapse in Old Town due to the fire. Paramedics and Firefighters needed immediately.
2026-08-09 04:08:33,@user3673,Central Park,Roof collapsed at the construction site in Central Park. Multiple workers trapped and injured.
2026-08-09 04:09:25,@user1714,Southside,"Someone collapsed on the sidewalk in Southside, they aren't breathing! Need a medic ASAP."
2026-08-09 04:10:10,@user2620,Route 66,Building collapse in Route 66 due to the fire. Paramedics and Firefighters needed immediately.
2026-08-09 04:10:55,@user5585,Central Park,Traffic is terrible around Central Park today. Ugh.
2026-08-09 04:11:53,@user5922,Southside,"Explosion heard near Southside, now there's a massive fire! People are running."
2026-08-09 04:12:42,@user6221,Southside,"Lost dog found near Southside, please share!"
2026-08-09 04:13:14,@user2511,Downtown,Cyclist hit by a truck at the intersection of Downtown. Looks really bad. @Medical
2026-08-09 04:13:28,@user9458,Industrial District,Brush fire spreading fast near Industrial District due to the high winds. @FireDept
2026-08-09 04:13:36,@user1436,Central Park,Smell smoke coming from the apartment complex on Central Park. Fire alarms are going off!
2026-08-09 04:14:31,@user9792,Southside,"Lost dog found near Southside, please share!"
2026-08-09 04:14:53,@user9351,Route 66,"Someone collapsed on the sidewalk in Route 66, they aren't breathing! Need a medic ASAP."
2026-08-09 04:15:48,@user2927,Central Park,Building collapse in Central Park due to the fire. Paramedics and Firefighters needed immediately.
2026-08-09 04:16:36,@user8273,Route 66,Massive food poisoning outbreak at the festival in Route 66. Dozens of people need hospitalization.
2026-08-09 04:16:46,@user4551,Downtown,Building collapse in Downtown due to the fire. Paramedics and Firefighters needed immediately.
2026-08-09 04:17:27,@user1983,Industrial District,Huge flames seen at the Industrial District warehouse! Looks like a 3-alarm fire. #fire #emergency
2026-08-09 04:17:45,@user5654,Route 66,Pedestrian struck by a speeding car in Route 66. Needs immediate medical attention!
2026-08-09 04:17:56,@user6638,Main Street,Terrible multi-car crash at Main Street. At least 3 people look badly injured. Send ambulances! #accident
2026-08-09 04:17:57,@user7255,Industrial District,Pedestrian struck by a speeding car in Industrial District. Needs immediate medical attention!
2026-08-09 04:18:32,@user9880,North Hills,"Someone collapsed on the sidewalk in North Hills, they aren't breathing! Need a medic ASAP."
2026-08-09 04:18:56,@user7971,Industrial District,Terrible multi-car crash at Industrial District. At least 3 people look badly injured. Send ambulances! #accident
2026-08-09 04:19:27,@user3271,Industrial District,Anyone know why the power is out in Industrial District?
2026-08-09 04:19:42,@user3204,Old Town,Just got the best coffee in Old Town. What a beautiful day!
2026-08-09 04:19:43,@user5300,Southside,Roof collapsed at the construction site in Southside. Multiple workers trapped and injured.
2026-08-09 04:20:23,@user5632,Route 66,Smell smoke coming from the apartment complex on Route 66. Fire alarms are going off!
2026-08-09 04:21:11,@user7647,Old Town,Is something burning in Old Town? Thick black smoke in the sky.
2026-08-09 04:21:37,@user2345,Route 66,Cyclist hit by a truck at the intersection of Route 66. Looks really bad. @Medical
2026-08-09 04:22:34,@user7746,Suburbs,Smell smoke coming from the apartment complex on Suburbs. Fire alarms are going off!
2026-08-09 04:22:48,@user7170,North Hills,Huge flames seen at the North Hills warehouse! Looks like a 3-alarm fire. #fire #emergency
2026-08-09 04:23:47,@user9321,Southside,Major explosion at Southside factory! Massive fire and many people injured. We need fire and medical now!
2026-08-09 04:24:25,@user1976,Westside,"Heart attack suspected at the gym in Westside. CPR in progress, where is the ambulance?!"
2026-08-09 04:24:37,@user1812,Route 66,Is something burning in Route 66? Thick black smoke in the sky.
2026-08-09 04:24:42,@user8782,Central Park,Major explosion at Central Park factory! Massive fire and many people injured. We need fire and medical now!
2026-08-09 04:24:46,@user1625,Westside,Huge flames seen at the Westside warehouse! Looks like a 3-alarm fire. #fire #emergency
2026-08-09 04:25:27,@user6482,Main Street,Terrible multi-car crash at Main Street. At least 3 people look badly injured. Send ambulances! #accident
2026-08-09 04:25:31,@user4867,Suburbs,Traffic is terrible around Suburbs today. Ugh.
2026-08-09 04:25:45,@user8295,Westside,Anyone know why the power is out in Westside?
2026-08-09 04:26:08,@user9458,Southside,Huge flames seen at the Southside warehouse! Looks like a 3-alarm fire. #fire #emergency
2026-08-09 04:26:58,@user8649,Main Street,Major explosion at Main Street factory! Massive fire and many people injured. We need fire and medical now!
2026-08-09 04:26:59,@user5433,Suburbs,Anyone know why the power is out in Suburbs?
2026-08-09 04:27:59,@user2935,Central Park,Brush fire spreading fast near Central Park due to the high winds. @FireDept
2026-08-09 04:28:55,@user3711,Industrial District,"Lost dog found near Industrial District, please share!"
2026-08-09 04:29:09,@user3181,Industrial District,Small electrical fire started at the bakery in Industrial District. Needs putting out.
2026-08-09 04:29:25,@user4600,Central Park,Anyone know why the power is out in Central Park?
2026-08-09 04:30:24,@user5828,Westside,Is something burning in Westside? Thick black smoke in the sky.
2026-08-09 04:31:03,@user3616,Westside,"Car on fire on Westside, traffic is completely stopped. Send firetrucks!"
2026-08-09 04:31:47,@user4555,Southside,Small electrical fire started at the bakery in Southside. Needs putting out.
2026-08-09 04:32:26,@user6538,North Hills,"Car on fire on North Hills, traffic is completely stopped. Send firetrucks!"
2026-08-09 04:32:37,@user6347,Downtown,"Heart attack suspected at the gym in Downtown. CPR in progress, where is the ambulance?!"
2026-08-09 04:33:25,@user4153,Route 66,Building collapse in Route 66 due to the fire. Paramedics and Firefighters needed immediately.
2026-08-09 04:33:37,@user4403,Downtown,"Car on fire on Downtown, traffic is completely stopped. Send firetrucks!"
2026-08-09 04:34:14,@user1976,Westside,Small electrical fire started at the bakery in Westside. Needs putting out.
2026-08-09 04:35:00,@user4430,Westside,Traffic is terrible around Westside today. Ugh.
2026-08-09 04:35:42,@user1290,Central Park,"Lost dog found near Central Park, please share!"
2026-08-09 04:36:20,@user1802,Route 66,Just got the best coffee in Route 66. What a beautiful day!
2026-08-09 04:37:14,@user3612,Main Street,Cyclist hit by a truck at the intersection of Main Street. Looks really bad. @Medical
2026-08-09 04:37:43,@user9066,Old Town,Traffic is terrible around Old Town today. Ugh.
2026-08-09 04:37:47,@user7788,Suburbs,"Heart attack suspected at the gym in Suburbs. CPR in progress, where is the ambulance?!"
2026-08-09 04:38:42,@user4368,Suburbs,Smell smoke coming from the apartment complex on Suburbs. Fire alarms are going off!
2026-08-09 04:38:47,@user6018,North Hills,Traffic is terrible around North Hills today. Ugh.
2026-08-09 04:39:46,@user8986,Westside,Just got the best coffee in Westside. What a beautiful day!
2026-08-09 04:40:40,@user6739,North Hills,"Lost dog found near North Hills, please share!"
2026-08-09 04:41:24,@user4981,Main Street,"Someone collapsed on the sidewalk in Main Street, they aren't breathing! Need a medic ASAP."
2026-08-09 04:41:55,@user4319,Suburbs,Brush fire spreading fast near Suburbs due to the high winds. @FireDept
2026-08-09 04:42:03,@user3922,Central Park,Terrible multi-car crash at Central Park. At least 3 people look badly injured. Send ambulances! #accident
2026-08-09 04:42:46,@user5731,Old Town,Is something burning in Old Town? Thick black smoke in the sky.
2026-08-09 04:42:57,@user3073,Westside,Anyone know why the power is out in Westside?
2026-08-09 04:43:54,@user2407,Old Town,"Someone collapsed on the sidewalk in Old Town, they aren't breathing! Need a medic ASAP."
2026-08-09 04:44:51,@user8622,Suburbs,"Heart attack suspected at the gym in Suburbs. CPR in progress, where is the ambulance?!"
2026-08-09 04:45:37,@user6995,North Hills,Small electrical fire started at the bakery in North Hills. Needs putting out.
2026-08-09 04:45:41,@user2185,Central Park,Building collapse in Central Park due to the fire. Paramedics and Firefighters needed immediately.
2026-08-09 04:46:36,@user3346,Suburbs,Huge flames seen at the Suburbs warehouse! Looks like a 3-alarm fire. #fire #emergency
2026-08-09 04:46:38,@user3101,Suburbs,"Someone collapsed on the sidewalk in Suburbs, they aren't breathing! Need a medic ASAP."
2026-08-09 04:46:43,@user2904,Downtown,Building collapse in Downtown due to the fire. Paramedics and Firefighters needed immediately.
2026-08-09 04:47:30,@user6192,Central Park,Anyone know why the power is out in Central Park?
2026-08-09 04:47:46,@user3635,Route 66,Pedestrian struck by a speeding car in Route 66. Needs immediate medical attention!
2026-08-09 04:48:09,@user8848,Southside,Just got the best coffee in Southside. What a beautiful day!
2026-08-09 04:48:53,@user3270,Industrial District,Huge flames seen at the Industrial District warehouse! Looks like a 3-alarm fire. #fire #emergency
2026-08-09 04:49:36,@user2798,Industrial District,Small electrical fire started at the bakery in Industrial District. Needs putting out.
2026-08-09 04:50:17,@user6972,Downtown,Brush fire spreading fast near Downtown due to the high winds. @FireDept
2026-08-09 04:50:49,@user8065,Central Park,Major explosion at Central Park factory! Massive fire and many people injured. We need fire and medical now!
2026-08-09 04:51:23,@user9246,Main Street,Brush fire spreading fast near Main Street due to the high winds. @FireDept
2026-08-09 04:51:45,@user2412,Route 66,Smell smoke coming from the apartment complex on Route 66. Fire alarms are going off!
2026-08-09 04:51:50,@user1389,Westside,Traffic is terrible around Westside today. Ugh.
2026-08-09 04:51:59,@user2865,Suburbs,Brush fire spreading fast near Suburbs due to the high winds. @FireDept
2026-08-09 04:52:58,@user2719,Suburbs,Major explosion at Suburbs factory! Massive fire and many people injured. We need fire and medical now!
2026-08-09 04:53:50,@user1079,Main Street,Massive food poisoning outbreak at the festival in Main Street. Dozens of people need hospitalization.
2026-08-09 04:54:09,@user1796,Southside,Just got the best coffee in Southside. What a beautiful day!
2026-08-09 04:54:52,@user5599,Old Town,Just got the best coffee in Old Town. What a beautiful day!
2026-08-09 04:55:48,@user1359,Main Street,"Heart attack suspected at the gym in Main Street. CPR in progress, where is the ambulance?!"
2026-08-09 04:55:51,@user2028,Downtown,"Heart attack suspected at the gym in Downtown. CPR in progress, where is the ambulance?!"
2026-08-09 04:56:24,@user1415,Westside,Major explosion at Westside factory! Massive fire and many people injured. We need fire and medical now!
2026-08-09 04:57:00,@user4812,Westside,Huge flames seen at the Westside warehouse! Looks like a 3-alarm fire. #fire #emergency
2026-08-09 04:57:45,@user6499,Central Park,"Someone collapsed on the sidewalk in Central Park, they aren't breathing! Need a medic ASAP."
2026-08-09 04:58:25,@user2787,Downtown,Is something burning in Downtown? Thick black smoke in the sky.
2026-08-09 04:58:30,@user2034,Industrial District,Traffic is terrible around Industrial District today. Ugh.
2026-08-09 04:58:49,@user3103,Route 66,"Heart attack suspected at the gym in Route 66. CPR in progress, where is the ambulance?!"
2026-08-09 04:58:53,@user4742,Southside,Just got the best coffee in Southside. What a beautiful day!
2026-08-09 04:59:52,@user2706,North Hills,Building collapse in North Hills due to the fire. Paramedics and Firefighters needed immediately.
2026-08-09 05:00:44,@user8612,Industrial District,Major explosion at Industrial District factory! Massive fire and many people injured. We need fire and medical now!
2026-08-09 05:01:19,@user5047,Westside,Is something burning in Westside? Thick black smoke in the sky.
2026-08-09 05:01:31,@user3943,North Hills,Roof collapsed at the construction site in North Hills. Multiple workers trapped and injured.
2026-08-09 05:02:19,@user5485,Route 66,Is something burning in Route 66? Thick black smoke in the sky.
2026-08-09 05:02:55,@user9240,Route 66,"Someone collapsed on the sidewalk in Route 66, they aren't breathing! Need a medic ASAP."
2026-08-09 05:03:15,@user2533,Central Park,Building collapse in Central Park due to the fire. Paramedics and Firefighters needed immediately.
2026-08-09 05:04:01,@user9273,North Hills,Brush fire spreading fast near North Hills due to the high winds. @FireDept
2026-08-09 05:04:48,@user4357,Suburbs,Building collapse in Suburbs due to the fire. Paramedics and Firefighters needed immediately.
2026-08-09 05:05:22,@user6979,Suburbs,Smell smoke coming from the apartment complex on Suburbs. Fire alarms are going off!
2026-08-09 05:06:12,@user1419,Downtown,Smell smoke coming from the apartment complex on Downtown. Fire alarms are going off!
2026-08-09 05:06:36,@user3185,Route 66,Huge flames seen at the Route 66 warehouse! Looks like a 3-alarm fire. #fire #emergency
2026-08-09 05:07:35,@user5728,Main Street,Smell smoke coming from the apartment complex on Main Street. Fire alarms are going off!
2026-08-09 05:08:18,@user4262,Industrial District,Brush fire spreading fast near Industrial District due to the high winds. @FireDept
2026-08-09 05:08:25,@user7886,Central Park,Huge flames seen at the Central Park warehouse! Looks like a 3-alarm fire. #fire #emergency
2026-08-09 05:08:55,@user8287,Suburbs,Cyclist hit by a truck at the intersection of Suburbs. Looks really bad. @Medical
2026-08-09 05:09:41,@user3129,Central Park,Massive food poisoning outbreak at the festival in Central Park. Dozens of people need hospitalization.
2026-08-09 05:09:50,@user7110,Southside,Anyone know why the power is out in Southside?
2026-08-09 05:09:56,@user1093,Industrial District,"Heart attack suspected at the gym in Industrial District. CPR in progress, where is the ambulance?!"
2026-08-09 05:10:04,@user3184,Industrial District,"Lost dog found near Industrial District, please share!"
2026-08-09 05:10:24,@user7204,Southside,"Car on fire on Southside, traffic is completely stopped. Send firetrucks!"
2026-08-09 05:10:34,@user2495,North Hills,"Explosion heard near North Hills, now there's a massive fire! People are running."
2026-08-09 05:10:42,@user4932,Westside,Massive food poisoning outbreak at the festival in Westside. Dozens of people need hospitalization.
2026-08-09 05:11:06,@user8420,Industrial District,"Heart attack suspected at the gym in Industrial District. CPR in progress, where is the ambulance?!"
2026-08-09 05:11:07,@user5229,Downtown,Massive food poisoning outbreak at the festival in Downtown. Dozens of people need hospitalization.
2026-08-09 05:11:48,@user7899,Industrial District,Roof collapsed at the construction site in Industrial District. Multiple workers trapped and injured.
2026-08-09 05:11:55,@user3431,Downtown,Huge flames seen at the Downtown warehouse! Looks like a 3-alarm fire. #fire #emergency
2026-08-09 05:12:45,@user1850,Suburbs,Is something burning in Suburbs? Thick black smoke in the sky.
2026-08-09 05:12:58,@user1022,Main Street,Building collapse in Main Street due to the fire. Paramedics and Firefighters needed immediately.
2026-08-09 05:13:41,@user3438,Central Park,Major explosion at Central Park factory! Massive fire and many people injured. We need fire and medical now!
2026-08-09 05:14:05,@user7257,Westside,Is something burning in Westside? Thick black smoke in the sky.
2026-08-09 05:14:45,@user5506,Main Street,Huge flames seen at the Main Street warehouse! Looks like a 3-alarm fire. #fire #emergency
2026-08-09 05:14:55,@user8691,Old Town,Small electrical fire started at the bakery in Old Town. Needs putting out.
2026-08-09 05:15:05,@user5885,Westside,Major explosion at Westside factory! Massive fire and many people injured. We need fire and medical now!
2026-08-09 05:15:06,@user8035,Central Park,Just got the best coffee in Central Park. What a beautiful day!
2026-08-09 05:15:20,@user8780,Industrial District,Huge flames seen at the Industrial District warehouse! Looks like a 3-alarm fire. #fire #emergency
2026-08-09 05:15:27,@user2419,Main Street,Traffic is terrible around Main Street today. Ugh.
2026-08-09 05:15:30,@user1504,North Hills,Roof collapsed at the construction site in North Hills. Multiple workers trapped and injured.
2026-08-09 05:16:11,@user9446,Westside,Cyclist hit by a truck at the intersection of Westside. Looks really bad. @Medical
2026-08-09 05:16:34,@user2447,North Hills,"Heart attack suspected at the gym in North Hills. CPR in progress, where is the ambulance?!"
2026-08-09 05:16:37,@user6266,Main Street,Terrible multi-car crash at Main Street. At least 3 people look badly injured. Send ambulances! #accident
2026-08-09 05:17:03,@user2821,Route 66,"Someone collapsed on the sidewalk in Route 66, they aren't breathing! Need a medic ASAP."
2026-08-09 05:18:01,@user1520,Route 66,Building collapse in Route 66 due to the fire. Paramedics and Firefighters needed immediately.
2026-08-09 05:18:08,@user6536,Suburbs,Massive food poisoning outbreak at the festival in Suburbs. Dozens of people need hospitalization.
2026-08-09 05:18:34,@user1805,Southside,Huge flames seen at the Southside warehouse! Looks like a 3-alarm fire. #fire #emergency
2026-08-09 05:19:07,@user4281,Old Town,"Car on fire on Old Town, traffic is completely stopped. Send firetrucks!"
2026-08-09 05:20:05,@user7211,Downtown,Is something burning in Downtown? Thick black smoke in the sky.
2026-08-09 05:20:13,@user4171,Old Town,Smell smoke coming from the apartment complex on Old Town. Fire alarms are going off!
2026-08-09 05:20:20,@user2343,Old Town,"Car on fire on Old Town, traffic is completely stopped. Send firetrucks!"
2026-08-09 05:20:47,@user2069,Downtown,Major explosion at Downtown factory! Massive fire and many people injured. We need fire and medical now!
2026-08-09 05:20:57,@user4747,Route 66,Brush fire spreading fast near Route 66 due to the high winds. @FireDept
2026-08-09 05:21:24,@user7451,Industrial District,Anyone know why the power is out in Industrial District?
2026-08-09 05:21:42,@user2122,Westside,Roof collapsed at the construction site in Westside. Multiple workers trapped and injured.
2026-08-09 05:22:39,@user2273,Westside,"Heart attack suspected at the gym in Westside. CPR in progress, where is the ambulance?!"
2026-08-09 05:22:45,@user8879,Central Park,Is something burning in Central Park? Thick black smoke in the sky.
2026-08-09 05:22:49,@user6955,Old Town,Terrible multi-car crash at Old Town. At least 3 people look badly injured. Send ambulances! #accident
2026-08-09 05:23:37,@user2948,Main Street,Major explosion at Main Street factory! Massive fire and many people injured. We need fire and medical now!
2026-08-09 05:23:59,@user8470,Old Town,Major explosion at Old Town factory! Massive fire and many people injured. We need fire and medical now!
2026-08-09 05:24:14,@user1063,Westside,Brush fire spreading fast near Westside due to the high winds. @FireDept
2026-08-09 05:25:12,@user4524,Westside,Small electrical fire started at the bakery in Westside. Needs putting out.
2026-08-09 05:25:39,@user2660,Industrial District,Brush fire spreading fast near Industrial District due to the high winds. @FireDept
2026-08-09 05:26:37,@user2548,Westside,Building collapse in Westside due to the fire. Paramedics and Firefighters needed immediately.
2026-08-09 05:27:22,@user7126,Old Town,Terrible multi-car crash at Old Town. At least 3 people look badly injured. Send ambulances! #accident
2026-08-09 05:27:31,@user8298,Old Town,Traffic is terrible around Old Town today. Ugh.
2026-08-09 05:28:09,@user5282,Suburbs,Anyone know why the power is out in Suburbs?
2026-08-09 05:28:38,@user5202,Industrial District,Building collapse in Industrial District due to the fire. Paramedics and Firefighters needed immediately.
2026-08-09 05:29:26,@user9956,Southside,Brush fire spreading fast near Southside due to the high winds. @FireDept
2026-08-09 05:29:49,@user1447,North Hills,Cyclist hit by a truck at the intersection of North Hills. Looks really bad. @Medical
2026-08-09 05:29:51,@user2611,Route 66,Massive food poisoning outbreak at the festival in Route 66. Dozens of people need hospitalization.
2026-08-09 05:29:52,@user7287,Old Town,Major explosion at Old Town factory! Massive fire and many people injured. We need fire and medical now!
2026-08-09 05:30:14,@user8012,North Hills,Traffic is terrible around North Hills today. Ugh.
2026-08-09 05:31:05,@user8684,Downtown,"Heart attack suspected at the gym in Downtown. CPR in progress, where is the ambulance?!"
2026-08-09 05:31:57,@user6779,Southside,Cyclist hit by a truck at the intersection of Southside. Looks really bad. @Medical
2026-08-09 05:32:02,@user2688,Route 66,"Heart attack suspected at the gym in Route 66. CPR in progress, where is the ambulance?!"
2026-08-09 05:32:18,@user3491,Downtown,Just got the best coffee in Downtown. What a beautiful day!
2026-08-09 05:32:47,@user4465,Main Street,Smell smoke coming from the apartment complex on Main Street. Fire alarms are going off!
2026-08-09 05:32:51,@user3045,Main Street,Cyclist hit by a truck at the intersection of Main Street. Looks really bad. @Medical
2026-08-09 05:33:16,@user3977,Main Street,"Someone collapsed on the sidewalk in Main Street, they aren't breathing! Need a medic ASAP."
2026-08-09 05:34:14,@user7022,Main Street,"Car on fire on Main Street, traffic is completely stopped. Send firetrucks!"
2026-08-09 05:34:29,@user8789,Main Street,Major explosion at Main Street factory! Massive fire and many people injured. We need fire and medical now!
2026-08-09 05:34:43,@user4019,Industrial District,Is something burning in Industrial District? Thick black smoke in the sky.
2026-08-09 05:35:20,@user6476,Westside,Major explosion at Westside factory! Massive fire and many people injured. We need fire and medical now!
2026-08-09 05:36:04,@user2673,Downtown,"Heart attack suspected at the gym in Downtown. CPR in progress, where is the ambulance?!"
2026-08-09 05:36:10,@user4364,Southside,Massive food poisoning outbreak at the festival in Southside. Dozens of people need hospitalization.
2026-08-09 05:36:50,@user3893,North Hills,Is something burning in North Hills? Thick black smoke in the sky.
2026-08-09 05:37:11,@user9447,Route 66,Huge flames seen at the Route 66 warehouse! Looks like a 3-alarm fire. #fire #emergency
2026-08-09 05:38:06,@user9161,Central Park,Smell smoke coming from the apartment complex on Central Park. Fire alarms are going off!
2026-08-09 05:38:36,@user2588,Westside,Building collapse in Westside due to the fire. Paramedics and Firefighters needed immediately.
2026-08-09 05:39:09,@user4937,North Hills,"Someone collapsed on the sidewalk in North Hills, they aren't breathing! Need a medic ASAP."
2026-08-09 05:39:24,@user9666,Westside,"Lost dog found near Westside, please share!"
2026-08-09 05:39:51,@user9724,Westside,Brush fire spreading fast near Westside due to the high winds. @FireDept
2026-08-09 05:40:45,@user3607,Suburbs,Is something burning in Suburbs? Thick black smoke in the sky.
2026-08-09 05:40:48,@user9227,Old Town,Is something burning in Old Town? Thick black smoke in the sky.
2026-08-09 05:40:59,@user1515,Old Town,Is something burning in Old Town? Thick black smoke in the sky.
2026-08-09 05:41:10,@user4236,Southside,Major explosion at Southside factory! Massive fire and many people injured. We need fire and medical now!
2026-08-09 05:41:21,@user3056,Old Town,Small electrical fire started at the bakery in Old Town. Needs putting out.
2026-08-09 05:41:55,@user6008,North Hills,Traffic is terrible around North Hills today. Ugh.
2026-08-09 05:42:44,@user7505,Suburbs,Smell smoke coming from the apartment complex on Suburbs. Fire alarms are going off!
2026-08-09 05:42:49,@user7737,Old Town,"Someone collapsed on the sidewalk in Old Town, they aren't breathing! Need a medic ASAP."
2026-08-09 05:43:08,@user3798,Route 66,Major explosion at Route 66 factory! Massive fire and many people injured. We need fire and medical now!
2026-08-09 05:43:17,@user6331,Westside,Building collapse in Westside due to the fire. Paramedics and Firefighters needed immediately.
2026-08-09 05:43:45,@user2398,Southside,"Lost dog found near Southside, please share!"
2026-08-09 05:44:20,@user2946,Industrial District,Massive food poisoning outbreak at the festival in Industrial District. Dozens of people need hospitalization.
2026-08-09 05:44:22,@user9901,Downtown,Pedestrian struck by a speeding car in Downtown. Needs immediate medical attention!
2026-08-09 05:44:58,@user6547,Central Park,Small electrical fire started at the bakery in Central Park. Needs putting out.
2026-08-09 05:45:40,@user9342,Central Park,Just got the best coffee in Central Park. What a beautiful day!
2026-08-09 05:46:21,@user4363,Westside,"Someone collapsed on the sidewalk in Westside, they aren't breathing! Need a medic ASAP."
2026-08-09 05:46:27,@user4625,North Hills,"Someone collapsed on the sidewalk in North Hills, they aren't breathing! Need a medic ASAP."
2026-08-09 05:46:34,@user4432,Main Street,Brush fire spreading fast near Main Street due to the high winds. @FireDept
2026-08-09 05:46:38,@user4306,Downtown,Massive food poisoning outbreak at the festival in Downtown. Dozens of people need hospitalization.
2026-08-09 05:47:11,@user5518,Southside,Pedestrian struck by a speeding car in Southside. Needs immediate medical attention!
2026-08-09 05:48:02,@user7885,North Hills,Is something burning in North Hills? Thick black smoke in the sky.
2026-08-09 05:48:03,@user5937,Industrial District,Is something burning in Industrial District? Thick black smoke in the sky.
2026-08-09 05:48:35,@user3410,Industrial District,Just got the best coffee in Industrial District. What a beautiful day!
2026-08-09 05:49:11,@user1878,Southside,Major explosion at Southside factory! Massive fire and many people injured. We need fire and medical now!
2026-08-09 05:50:11,@user2799,Old Town,"Heart attack suspected at the gym in Old Town. CPR in progress, where is the ambulance?!"
2026-08-09 05:50:48,@user3897,North Hills,Cyclist hit by a truck at the intersection of North Hills. Looks really bad. @Medical
2026-08-09 05:51:03,@user8249,Old Town,Anyone know why the power is out in Old Town?
2026-08-09 05:51:29,@user5999,Main Street,Terrible multi-car crash at Main Street. At least 3 people look badly injured. Send ambulances! #accident
2026-08-09 05:51:30,@user6039,Southside,Traffic is terrible around Southside today. Ugh.
2026-08-09 05:52:20,@user5483,North Hills,"Someone collapsed on the sidewalk in North Hills, they aren't breathing! Need a medic ASAP."
2026-08-09 05:53:10,@user2988,Route 66,Brush fire spreading fast near Route 66 due to the high winds. @FireDept
2026-08-09 05:54:00,@user4795,Industrial District,Cyclist hit by a truck at the intersection of Industrial District. Looks really bad. @Medical
2026-08-09 05:54:33,@user1418,Main Street,"Explosion heard near Main Street, now there's a massive fire! People are running."
2026-08-09 05:54:34,@user2360,Main Street,Traffic is terrible around Main Street today. Ugh.
2026-08-09 05:55:29,@user2120,Westside,Roof collapsed at the construction site in Westside. Multiple workers trapped and injured.
2026-08-09 05:56:05,@user5691,Old Town,Traffic is terrible around Old Town today. Ugh.
2026-08-09 05:56:06,@user3536,Old Town,Major explosion at Old Town factory! Massive fire and many people injured. We need fire and medical now!
2026-08-09 05:56:20,@user5425,Southside,Massive food poisoning outbreak at the festival in Southside. Dozens of people need hospitalization.
2026-08-09 05:57:11,@user7875,Route 66,Brush fire spreading fast near Route 66 due to the high winds. @FireDept
2026-08-09 05:57:24,@user2580,North Hills,Is something burning in North Hills? Thick black smoke in the sky.
2026-08-09 05:57:42,@user2257,Old Town,Cyclist hit by a truck at the intersection of Old Town. Looks really bad. @Medical
2026-08-09 05:57:59,@user4219,Central Park,"Heart attack suspected at the gym in Central Park. CPR in progress, where is the ambulance?!"
2026-08-09 05:58:50,@user8880,Route 66,Massive food poisoning outbreak at the festival in Route 66. Dozens of people need hospitalization.
2026-08-09 05:59:12,@user7654,Central Park,Small electrical fire started at the bakery in Central Park. Needs putting out.
2026-08-09 05:59:40,@user4964,Old Town,"Someone collapsed on the sidewalk in Old Town, they aren't breathing! Need a medic ASAP."
2026-08-09 05:59:41,@user4317,North Hills,Smell smoke coming from the apartment complex on North Hills. Fire alarms are going off!
2026-08-09 05:59:54,@user7493,Downtown,Traffic is terrible around Downtown today. Ugh.
2026-08-09 06:00:09,@user4660,North Hills,"Someone collapsed on the sidewalk in North Hills, they aren't breathing! Need a medic ASAP."
2026-08-09 06:00:46,@user5365,Route 66,Brush fire spreading fast near Route 66 due to the high winds. @FireDept
2026-08-09 06:01:31,@user8104,Main Street,Massive food poisoning outbreak at the festival in Main Street. Dozens of people need hospitalization.
2026-08-09 06:01:34,@user5077,Old Town,Small electrical fire started at the bakery in Old Town. Needs putting out.
2026-08-09 06:02:11,@user6938,Industrial District,Just got the best coffee in Industrial District. What a beautiful day!
2026-08-09 06:02:24,@user2506,Main Street,Is something burning in Main Street? Thick black smoke in the sky.
2026-08-09 06:03:07,@user5011,Downtown,Pedestrian struck by a speeding car in Downtown. Needs immediate medical attention!
2026-08-09 06:04:05,@user5126,Old Town,Pedestrian struck by a speeding car in Old Town. Needs immediate medical attention!
2026-08-09 06:04:34,@user7185,Suburbs,Anyone know why the power is out in Suburbs?
2026-08-09 06:05:15,@user5310,Main Street,Brush fire spreading fast near Main Street due to the high winds. @FireDept
2026-08-09 06:05:48,@user3285,Westside,Roof collapsed at the construction site in Westside. Multiple workers trapped and injured.
2026-08-09 06:06:38,@user8909,Route 66,Building collapse in Route 66 due to the fire. Paramedics and Firefighters needed immediately.
2026-08-09 06:06:54,@user1806,Suburbs,Major explosion at Suburbs factory! Massive fire and many people injured. We need fire and medical now!
2026-08-09 06:07:21,@user7563,Central Park,"Someone collapsed on the sidewalk in Central Park, they aren't breathing! Need a medic ASAP."
2026-08-09 06:07:52,@user8055,Southside,Roof collapsed at the construction site in Southside. Multiple workers trapped and injured.
2026-08-09 06:08:08,@user4310,Suburbs,"Someone collapsed on the sidewalk in Suburbs, they aren't breathing! Need a medic ASAP."
2026-08-09 06:08:35,@user3153,Main Street,Small electrical fire started at the bakery in Main Street. Needs putting out.
2026-08-09 06:09:17,@user8415,Suburbs,Pedestrian struck by a speeding car in Suburbs. Needs immediate medical attention!
2026-08-09 06:09:23,@user8174,Old Town,Cyclist hit by a truck at the intersection of Old Town. Looks really bad. @Medical
2026-08-09 06:09:44,@user5510,Westside,Smell smoke coming from the apartment complex on Westside. Fire alarms are going off!
2026-08-09 06:10:43,@user1342,Old Town,Massive food poisoning outbreak at the festival in Old Town. Dozens of people need hospitalization.
2026-08-09 06:11:16,@user1536,Old Town,Roof collapsed at the construction site in Old Town. Multiple workers trapped and injured.
2026-08-09 06:11:52,@user1101,Southside,Pedestrian struck by a speeding car in Southside. Needs immediate medical attention!
2026-08-09 06:12:06,@user8382,Downtown,Cyclist hit by a truck at the intersection of Downtown. Looks really bad. @Medical
2026-08-09 06:12:52,@user2537,Westside,Massive food poisoning outbreak at the festival in Westside. Dozens of people need hospitalization.
2026-08-09 06:13:04,@user2283,Westside,Small electrical fire started at the bakery in Westside. Needs putting out.
2026-08-09 06:13:23,@user7801,Industrial District,"Car on fire on Industrial District, traffic is completely stopped. Send firetrucks!"
2026-08-09 06:14:08,@user1152,Westside,Is something burning in Westside? Thick black smoke in the sky.
2026-08-09 06:14:29,@user5983,Industrial District,"Someone collapsed on the sidewalk in Industrial District, they aren't breathing! Need a medic ASAP."
2026-08-09 06:15:28,@user5281,Old Town,Smell smoke coming from the apartment complex on Old Town. Fire alarms are going off!
2026-08-09 06:16:22,@user5404,Westside,Pedestrian struck by a speeding car in Westside. Needs immediate medical attention!
2026-08-09 06:17:11,@user9661,Suburbs,Brush fire spreading fast near Suburbs due to the high winds. @FireDept
2026-08-09 06:17:17,@user2450,Route 66,"Explosion heard near Route 66, now there's a massive fire! People are running."
2026-08-09 06:17:45,@user9585,Downtown,Is something burning in Downtown? Thick black smoke in the sky.
2026-08-09 06:18:31,@user4192,Downtown,"Explosion heard near Downtown, now there's a massive fire! People are running."
2026-08-09 06:18:59,@user9925,Industrial District,Massive food poisoning outbreak at the festival in Industrial District. Dozens of people need hospitalization.
2026-08-09 06:19:02,@user7084,Southside,Roof collapsed at the construction site in Southside. Multiple workers trapped and injured.
2026-08-09 06:19:08,@user8894,Westside,Brush fire spreading fast near Westside due to the high winds. @FireDept
2026-08-09 06:19:30,@user7862,North Hills,Huge flames seen at the North Hills warehouse! Looks like a 3-alarm fire. #fire #emergency
2026-08-09 06:20:04,@user4878,Industrial District,Just got the best coffee in Industrial District. What a beautiful day!
2026-08-09 06:20:05,@user8630,Industrial District,Small electrical fire started at the bakery in Industrial District. Needs putting out.
2026-08-09 06:21:04,@user4819,Industrial District,Massive food poisoning outbreak at the festival in Industrial District. Dozens of people need hospitalization.
2026-08-09 06:21:58,@user5344,Southside,Brush fire spreading fast near Southside due to the high winds. @FireDept
2026-08-09 06:22:51,@user9028,Suburbs,Massive food poisoning outbreak at the festival in Suburbs. Dozens of people need hospitalization.
2026-08-09 06:23:41,@user8840,Main Street,Cyclist hit by a truck at the intersection of Main Street. Looks really bad. @Medical
2026-08-09 06:23:43,@user3852,Southside,"Heart attack suspected at the gym in Southside. CPR in progress, where is the ambulance?!"
2026-08-09 06:23:54,@user2518,Suburbs,Small electrical fire started at the bakery in Suburbs. Needs putting out.
2026-08-09 06:24:19,@user6895,Main Street,"Someone collapsed on the sidewalk in Main Street, they aren't breathing! Need a medic ASAP."
2026-08-09 06:24:52,@user2260,Southside,Major explosion at Southside factory! Massive fire and many people injured. We need fire and medical now!
2026-08-09 06:25:26,@user4277,Suburbs,Building collapse in Suburbs due to the fire. Paramedics and Firefighters needed immediately.
2026-08-09 06:25:32,@user7822,Downtown,Roof collapsed at the construction site in Downtown. Multiple workers trapped and injured.
2026-08-09 06:26:14,@user6127,Central Park,Massive food poisoning outbreak at the festival in Central Park. Dozens of people need hospitalization.
2026-08-09 06:26:50,@user3179,Downtown,Traffic is terrible around Downtown today. Ugh.
2026-08-09 06:27:45,@user7671,Downtown,Small electrical fire started at the bakery in Downtown. Needs putting out.
2026-08-09 06:28:30,@user7762,Central Park,Traffic is terrible around Central Park today. Ugh.
2026-08-09 06:29:05,@user1972,North Hills,Anyone know why the power is out in North Hills?
2026-08-09 06:29:46,@user3509,Suburbs,Major explosion at Suburbs factory! Massive fire and many people injured. We need fire and medical now!
2026-08-09 06:30:22,@user3006,Southside,"Someone collapsed on the sidewalk in Southside, they aren't breathing! Need a medic ASAP."
2026-08-09 06:31:02,@user7836,Downtown,Building collapse in Downtown due to the fire. Paramedics and Firefighters needed immediately.
2026-08-09 06:31:32,@user2951,Southside,"Explosion heard near Southside, now there's a massive fire! People are running."
2026-08-09 06:32:22,@user7434,Downtown,Massive food poisoning outbreak at the festival in Downtown. Dozens of people need hospitalization.
2026-08-09 06:33:19,@user8667,Old Town,Pedestrian struck by a speeding car in Old Town. Needs immediate medical attention!
2026-08-09 06:33:22,@user3030,Central Park,Pedestrian struck by a speeding car in Central Park. Needs immediate medical attention!
2026-08-09 06:34:01,@user1444,Industrial District,Is something burning in Industrial District? Thick black smoke in the sky.
2026-08-09 06:34:38,@user3759,Central Park,Cyclist hit by a truck at the intersection of Central Park. Looks really bad. @Medical
2026-08-09 06:35:04,@user3221,Industrial District,"Car on fire on Industrial District, traffic is completely stopped. Send firetrucks!"
2026-08-09 06:35:32,@user3366,Suburbs,"Heart attack suspected at the gym in Suburbs. CPR in progress, where is the ambulance?!"
2026-08-09 06:36:00,@user9232,Suburbs,Massive food poisoning outbreak at the festival in Suburbs. Dozens of people need hospitalization.
2026-08-09 06:36:38,@user7483,Main Street,Massive food poisoning outbreak at the festival in Main Street. Dozens of people need hospitalization.
2026-08-09 06:37:12,@user8836,North Hills,Smell smoke coming from the apartment complex on North Hills. Fire alarms are going off!
2026-08-09 06:37:34,@user3924,Central Park,Huge flames seen at the Central Park warehouse! Looks like a 3-alarm fire. #fire #emergency
2026-08-09 06:37:54,@user2392,Westside,Just got the best coffee in Westside. What a beautiful day!
2026-08-09 06:38:11,@user5823,Central Park,Cyclist hit by a truck at the intersection of Central Park. Looks really bad. @Medical
2026-08-09 06:39:02,@user5964,Westside,Roof collapsed at the construction site in Westside. Multiple workers trapped and injured.
2026-08-09 06:39:44,@user3045,Downtown,Smell smoke coming from the apartment complex on Downtown. Fire alarms are going off!
2026-08-09 06:40:37,@user9631,North Hills,Cyclist hit by a truck at the intersection of North Hills. Looks really bad. @Medical
2026-08-09 06:40:44,@user2132,Main Street,Major explosion at Main Street factory! Massive fire and many people injured. We need fire and medical now!
2026-08-09 06:41:23,@user3824,Central Park,Small electrical fire started at the bakery in Central Park. Needs putting out.
2026-08-09 06:42:15,@user1580,Route 66,Cyclist hit by a truck at the intersection of Route 66. Looks really bad. @Medical
2026-08-09 06:42:21,@user9151,Route 66,Pedestrian struck by a speeding car in Route 66. Needs immediate medical attention!
2026-08-09 06:42:41,@user9187,Southside,Traffic is terrible around Southside today. Ugh.
2026-08-09 06:42:56,@user2392,Westside,"Car on fire on Westside, traffic is completely stopped. Send firetrucks!"
2026-08-09 06:42:59,@user5988,North Hills,"Explosion heard near North Hills, now there's a massive fire! People are running."
2026-08-09 06:43:45,@user5264,Central Park,Pedestrian struck by a speeding car in Central Park. Needs immediate medical attention!
2026-08-09 06:44:44,@user2139,Central Park,"Heart attack suspected at the gym in Central Park. CPR in progress, where is the ambulance?!"
2026-08-09 06:45:04,@user8629,Route 66,Major explosion at Route 66 factory! Massive fire and many people injured. We need fire and medical now!
2026-08-09 06:45:47,@user4469,Old Town,Roof collapsed at the construction site in Old Town. Multiple workers trapped and injured.
2026-08-09 06:46:31,@user9578,Main Street,Traffic is terrible around Main Street today. Ugh.
2026-08-09 06:46:32,@user6119,Route 66,Cyclist hit by a truck at the intersection of Route 66. Looks really bad. @Medical
2026-08-09 06:47:32,@user5950,Suburbs,Is something burning in Suburbs? Thick black smoke in the sky.
2026-08-09 06:47:36,@user4839,Main Street,Terrible multi-car crash at Main Street. At least 3 people look badly injured. Send ambulances! #accident
2026-08-09 06:48:03,@user1996,Industrial District,Smell smoke coming from the apartment complex on Industrial District. Fire alarms are going off!
2026-08-09 06:48:34,@user9227,Southside,"Lost dog found near Southside, please share!"
2026-08-09 06:49:11,@user7633,Industrial District,Pedestrian struck by a speeding car in Industrial District. Needs immediate medical attention!
2026-08-09 06:49:43,@user3476,Industrial District,Pedestrian struck by a speeding car in Industrial District. Needs immediate medical attention!
2026-08-09 06:49:44,@user4865,Old Town,Pedestrian struck by a speeding car in Old Town. Needs immediate medical attention!
2026-08-09 06:50:33,@user5328,Old Town,Terrible multi-car crash at Old Town. At least 3 people look badly injured. Send ambulances! #accident
2026-08-09 06:51:29,@user8757,Downtown,Anyone know why the power is out in Downtown?
2026-08-09 06:51:52,@user6871,Southside,Anyone know why the power is out in Southside?
2026-08-09 06:52:46,@user2513,Route 66,Traffic is terrible around Route 66 today. Ugh.
2026-08-09 06:53:03,@user1606,Central Park,Anyone know why the power is out in Central Park?
2026-08-09 06:54:01,@user9120,Main Street,"Heart attack suspected at the gym in Main Street. CPR in progress, where is the ambulance?!"
2026-08-09 06:54:35,@user8356,Westside,Brush fire spreading fast near Westside due to the high winds. @FireDept
2026-08-09 06:55:32,@user1587,North Hills,Just got the best coffee in North Hills. What a beautiful day!
2026-08-09 06:56:25,@user6032,Southside,Is something burning in Southside? Thick black smoke in the sky.
2026-08-09 06:56:52,@user7609,Southside,"Lost dog found near Southside, please share!"
2026-08-09 06:56:58,@user7211,Central Park,Brush fire spreading fast near Central Park due to the high winds. @FireDept
2026-08-09 06:57:46,@user8996,North Hills,Traffic is terrible around North Hills today. Ugh.
2026-08-09 06:58:04,@user9559,Route 66,Pedestrian struck by a speeding car in Route 66. Needs immediate medical attention!
2026-08-09 06:58:42,@user7444,Westside,Terrible multi-car crash at Westside. At least 3 people look badly injured. Send ambulances! #accident
2026-08-09 06:59:05,@user1903,Industrial District,Brush fire spreading fast near Industrial District due to the high winds. @FireDept
2026-08-09 06:59:35,@user7038,Main Street,Cyclist hit by a truck at the intersection of Main Street. Looks really bad. @Medical
2026-08-09 07:00:02,@user4781,Route 66,Traffic is terrible around Route 66 today. Ugh.
2026-08-09 07:00:19,@user9919,Central Park,"Heart attack suspected at the gym in Central Park. CPR in progress, where is the ambulance?!"
2026-08-09 07:00:54,@user2785,Downtown,Cyclist hit by a truck at the intersection of Downtown. Looks really bad. @Medical
2026-08-09 07:01:48,@user2867,Route 66,Huge flames seen at the Route 66 warehouse! Looks like a 3-alarm fire. #fire #emergency
2026-08-09 07:02:34,@user1501,Route 66,Cyclist hit by a truck at the intersection of Route 66. Looks really bad. @Medical
2026-08-09 07:03:26,@user2768,Downtown,Small electrical fire started at the bakery in Downtown. Needs putting out.
2026-08-09 07:03:34,@user4167,Central Park,"Lost dog found near Central Park, please share!"
2026-08-09 07:04:07,@user5956,Route 66,Major explosion at Route 66 factory! Massive fire and many people injured. We need fire and medical now!
2026-08-09 07:04:54,@user2624,North Hills,Massive food poisoning outbreak at the festival in North Hills. Dozens of people need hospitalization.
2026-08-09 07:05:17,@user7611,Downtown,Massive food poisoning outbreak at the festival in Downtown. Dozens of people need hospitalization.
2026-08-09 07:06:09,@user5057,Industrial District,Traffic is terrible around Industrial District today. Ugh.
2026-08-09 07:07:05,@user3378,Main Street,Major explosion at Main Street factory! Massive fire and many people injured. We need fire and medical now!
2026-08-09 07:08:01,@user1538,North Hills,Just got the best coffee in North Hills. What a beautiful day!
2026-08-09 07:08:46,@user9804,Suburbs,Brush fire spreading fast near Suburbs due to the high winds. @FireDept
2026-08-09 07:09:41,@user6409,North Hills,"Lost dog found near North Hills, please share!"
2026-08-09 07:10:27,@user1475,Old Town,"Explosion heard near Old Town, now there's a massive fire! People are running."
2026-08-09 07:11:16,@user2354,Southside,Roof collapsed at the construction site in Southside. Multiple workers trapped and injured.
2026-08-09 07:11:19,@user5860,Central Park,"Lost dog found near Central Park, please share!"
2026-08-09 07:11:42,@user1094,Central Park,Brush fire spreading fast near Central Park due to the high winds. @FireDept
2026-08-09 07:12:12,@user1506,Southside,Pedestrian struck by a speeding car in Southside. Needs immediate medical attention!
2026-08-09 07:12:31,@user3484,Old Town,Major explosion at Old Town factory! Massive fire and many people injured. We need fire and medical now!
2026-08-09 07:13:27,@user9513,Westside,Brush fire spreading fast near Westside due to the high winds. @FireDept
2026-08-09 07:13:51,@user9154,Southside,Roof collapsed at the construction site in Southside. Multiple workers trapped and injured.
2026-08-09 07:14:42,@user2583,Central Park,Massive food poisoning outbreak at the festival in Central Park. Dozens of people need hospitalization.
2026-08-09 07:14:50,@user7256,Downtown,Major explosion at Downtown factory! Massive fire and many people injured. We need fire and medical now!
2026-08-09 07:15:03,@user6505,Downtown,Is something burning in Downtown? Thick black smoke in the sky.
2026-08-09 07:15:59,@user8057,Suburbs,Just got the best coffee in Suburbs. What a beautiful day!
2026-08-09 07:16:24,@user9711,North Hills,"Explosion heard near North Hills, now there's a massive fire! People are running."
2026-08-09 07:17:09,@user6184,North Hills,"Heart attack suspected at the gym in North Hills. CPR in progress, where is the ambulance?!"
2026-08-09 07:17:42,@user9769,Southside,Building collapse in Southside due to the fire. Paramedics and Firefighters needed immediately.
2026-08-09 07:18:32,@user8912,Westside,Cyclist hit by a truck at the intersection of Westside. Looks really bad. @Medical
2026-08-09 07:19:16,@user7884,Downtown,"Explosion heard near Downtown, now there's a massive fire! People are running."
2026-08-09 07:19:39,@user6857,Southside,Cyclist hit by a truck at the intersection of Southside. Looks really bad. @Medical
2026-08-09 07:19:57,@user6337,Main Street,Anyone know why the power is out in Main Street?
2026-08-09 07:20:34,@user5160,Central Park,"Heart attack suspected at the gym in Central Park. CPR in progress, where is the ambulance?!"
2026-08-09 07:20:40,@user3312,Old Town,Traffic is terrible around Old Town today. Ugh.
2026-08-09 07:21:06,@user2418,Main Street,"Heart attack suspected at the gym in Main Street. CPR in progress, where is the ambulance?!"
2026-08-09 07:21:37,@user7067,Industrial District,Roof collapsed at the construction site in Industrial District. Multiple workers trapped and injured.
2026-08-09 07:22:30,@user7367,Main Street,"Heart attack suspected at the gym in Main Street. CPR in progress, where is the ambulance?!"
2026-08-09 07:23:15,@user7114,North Hills,Brush fire spreading fast near North Hills due to the high winds. @FireDept
2026-08-09 07:23:29,@user6153,Westside,Anyone know why the power is out in Westside?
2026-08-09 07:24:18,@user2576,Main Street,Huge flames seen at the Main Street warehouse! Looks like a 3-alarm fire. #fire #emergency
2026-08-09 07:24:25,@user1714,Westside,"Lost dog found near Westside, please share!"
2026-08-09 07:25:20,@user7344,Westside,"Car on fire on Westside, traffic is completely stopped. Send firetrucks!"
2026-08-09 07:25:54,@user8592,Downtown,"Heart attack suspected at the gym in Downtown. CPR in progress, where is the ambulance?!"
2026-08-09 07:26:17,@user3713,North Hills,"Lost dog found near North Hills, please share!"
2026-08-09 07:27:11,@user1887,Southside,Cyclist hit by a truck at the intersection of Southside. Looks really bad. @Medical
2026-08-09 07:27:51,@user7485,Westside,"Car on fire on Westside, traffic is completely stopped. Send firetrucks!"
2026-08-09 07:28:01,@user1698,Main Street,Small electrical fire started at the bakery in Main Street. Needs putting out.
2026-08-09 07:28:17,@user1060,Westside,"Explosion heard near Westside, now there's a massive fire! People are running."
2026-08-09 07:28:30,@user8562,Main Street,"Car on fire on Main Street, traffic is completely stopped. Send firetrucks!"
2026-08-09 07:28:52,@user7151,Southside,Building collapse in Southside due to the fire. Paramedics and Firefighters needed immediately.
2026-08-09 07:29:43,@user8803,Westside,Just got the best coffee in Westside. What a beautiful day!
2026-08-09 07:29:46,@user2217,Downtown,"Explosion heard near Downtown, now there's a massive fire! People are running."
2026-08-09 07:30:31,@user6829,Southside,Is something burning in Southside? Thick black smoke in the sky.
2026-08-09 07:30:54,@user3418,Central Park,"Someone collapsed on the sidewalk in Central Park, they aren't breathing! Need a medic ASAP."
2026-08-09 07:31:49,@user6730,Southside,Building collapse in Southside due to the fire. Paramedics and Firefighters needed immediately.
2026-08-09 07:32:39,@user1321,North Hills,Small electrical fire started at the bakery in North Hills. Needs putting out.
2026-08-09 07:33:17,@user4992,Westside,Just got the best coffee in Westside. What a beautiful day!
2026-08-09 07:33:20,@user4803,Industrial District,"Explosion heard near Industrial District, now there's a massive fire! People are running."
2026-08-09 07:34:03,@user8427,Westside,Roof collapsed at the construction site in Westside. Multiple workers trapped and injured.
2026-08-09 07:34:17,@user5892,Southside,Huge flames seen at the Southside warehouse! Looks like a 3-alarm fire. #fire #emergency
2026-08-09 07:34:35,@user1121,Old Town,"Someone collapsed on the sidewalk in Old Town, they aren't breathing! Need a medic ASAP."
2026-08-09 07:35:35,@user4279,Industrial District,Cyclist hit by a truck at the intersection of Industrial District. Looks really bad. @Medical
2026-08-09 07:35:53,@user1413,Westside,"Heart attack suspected at the gym in Westside. CPR in progress, where is the ambulance?!"
2026-08-09 07:36:03,@user3554,Main Street,Is something burning in Main Street? Thick black smoke in the sky.
2026-08-09 07:36:31,@user2885,Industrial District,Is something burning in Industrial District? Thick black smoke in the sky.
2026-08-09 07:37:20,@user4091,Main Street,Pedestrian struck by a speeding car in Main Street. Needs immediate medical attention!
2026-08-09 07:37:49,@user7855,Industrial District,Terrible multi-car crash at Industrial District. At least 3 people look badly injured. Send ambulances! #accident
2026-08-09 07:38:39,@user3286,Route 66,Just got the best coffee in Route 66. What a beautiful day!
2026-08-09 07:38:46,@user3352,Old Town,"Someone collapsed on the sidewalk in Old Town, they aren't breathing! Need a medic ASAP."
2026-08-09 07:38:59,@user4767,Suburbs,Terrible multi-car crash at Suburbs. At least 3 people look badly injured. Send ambulances! #accident
2026-08-09 07:39:49,@user7535,Old Town,Cyclist hit by a truck at the intersection of Old Town. Looks really bad. @Medical
2026-08-09 07:40:24,@user9360,North Hills,Pedestrian struck by a speeding car in North Hills. Needs immediate medical attention!
2026-08-09 07:40:56,@user5799,Central Park,Smell smoke coming from the apartment complex on Central Park. Fire alarms are going off!
2026-08-09 07:41:06,@user2170,North Hills,"Car on fire on North Hills, traffic is completely stopped. Send firetrucks!"
2026-08-09 07:42:06,@user7965,Downtown,"Someone collapsed on the sidewalk in Downtown, they aren't breathing! Need a medic ASAP."
2026-08-09 07:43:01,@user3111,Downtown,Just got the best coffee in Downtown. What a beautiful day!
2026-08-09 07:44:00,@user8819,North Hills,Brush fire spreading fast near North Hills due to the high winds. @FireDept
2026-08-09 07:44:29,@user2917,Suburbs,Pedestrian struck by a speeding car in Suburbs. Needs immediate medical attention!
2026-08-09 07:44:38,@user9239,Westside,"Car on fire on Westside, traffic is completely stopped. Send firetrucks!"
2026-08-09 07:45:09,@user2113,Suburbs,"Lost dog found near Suburbs, please share!"
2026-08-09 07:46:05,@user2337,Industrial District,Major explosion at Industrial District factory! Massive fire and many people injured. We need fire and medical now!
2026-08-09 07:46:12,@user1179,Westside,Huge flames seen at the Westside warehouse! Looks like a 3-alarm fire. #fire #emergency
2026-08-09 07:46:38,@user7292,Central Park,Roof collapsed at the construction site in Central Park. Multiple workers trapped and injured.
2026-08-09 07:46:58,@user7506,Route 66,Massive food poisoning outbreak at the festival in Route 66. Dozens of people need hospitalization.
2026-08-09 07:47:26,@user7333,Downtown,Roof collapsed at the construction site in Downtown. Multiple workers trapped and injured.
2026-08-09 07:48:10,@user1452,Industrial District,Roof collapsed at the construction site in Industrial District. Multiple workers trapped and injured.
2026-08-09 07:48:43,@user2314,Route 66,"Car on fire on Route 66, traffic is completely stopped. Send firetrucks!"
2026-08-09 07:48:46,@user6237,Industrial District,Terrible multi-car crash at Industrial District. At least 3 people look badly injured. Send ambulances! #accident
2026-08-09 07:49:11,@user1787,North Hills,"Car on fire on North Hills, traffic is completely stopped. Send firetrucks!"
2026-08-09 07:49:28,@user1955,Route 66,"Lost dog found near Route 66, please share!"
2026-08-09 07:50:22,@user8897,Old Town,"Lost dog found near Old Town, please share!"
2026-08-09 07:50:34,@user5536,Downtown,"Heart attack suspected at the gym in Downtown. CPR in progress, where is the ambulance?!"
2026-08-09 07:50:40,@user8189,Southside,Massive food poisoning outbreak at the festival in Southside. Dozens of people need hospitalization.
2026-08-09 07:51:10,@user7087,Industrial District,Building collapse in Industrial District due to the fire. Paramedics and Firefighters needed immediately.
2026-08-09 07:52:06,@user9313,Old Town,"Explosion heard near Old Town, now there's a massive fire! People are running."
2026-08-09 07:52:07,@user4534,North Hills,"Someone collapsed on the sidewalk in North Hills, they aren't breathing! Need a medic ASAP."
2026-08-09 07:52:29,@user5116,Old Town,Just got the best coffee in Old Town. What a beautiful day!
2026-08-09 07:53:29,@user2598,North Hills,"Heart attack suspected at the gym in North Hills. CPR in progress, where is the ambulance?!"
2026-08-09 07:54:21,@user6784,Westside,"Someone collapsed on the sidewalk in Westside, they aren't breathing! Need a medic ASAP."
2026-08-09 07:54:25,@user4730,Southside,"Lost dog found near Southside, please share!"
2026-08-09 07:55:14,@user5972,Route 66,"Car on fire on Route 66, traffic is completely stopped. Send firetrucks!"
2026-08-09 07:55:18,@user6240,Industrial District,"Heart attack suspected at the gym in Industrial District. CPR in progress, where is the ambulance?!"
2026-08-09 07:55:31,@user2397,North Hills,Major explosion at North Hills factory! Massive fire and many people injured. We need fire and medical now!
2026-08-09 07:55:46,@user3272,Industrial District,"Explosion heard near Industrial District, now there's a massive fire! People are running."
2026-08-09 07:56:10,@user9950,Suburbs,"Someone collapsed on the sidewalk in Suburbs, they aren't breathing! Need a medic ASAP."
2026-08-09 07:56:31,@user4227,Suburbs,Terrible multi-car crash at Suburbs. At least 3 people look badly injured. Send ambulances! #accident
2026-08-09 07:57:07,@user2933,Central Park,Traffic is terrible around Central Park today. Ugh.
2026-08-09 07:57:47,@user2460,Central Park,Anyone know why the power is out in Central Park?
2026-08-09 07:58:22,@user5411,Downtown,Terrible multi-car crash at Downtown. At least 3 people look badly injured. Send ambulances! #accident
2026-08-09 07:58:31,@user7101,Suburbs,Is something burning in Suburbs? Thick black smoke in the sky.
2026-08-09 07:58:49,@user9684,North Hills,Major explosion at North Hills factory! Massive fire and many people injured. We need fire and medical now!
2026-08-09 07:59:17,@user5849,Main Street,Huge flames seen at the Main Street warehouse! Looks like a 3-alarm fire. #fire #emergency
2026-08-09 07:59:32,@user4520,Southside,"Someone collapsed on the sidewalk in Southside, they aren't breathing! Need a medic ASAP."
2026-08-09 08:00:22,@user5994,Southside,Roof collapsed at the construction site in Southside. Multiple workers trapped and injured.
2026-08-09 08:00:58,@user4683,Southside,Terrible multi-car crash at Southside. At least 3 people look badly injured. Send ambulances! #accident
2026-08-09 08:01:40,@user5672,Route 66,Smell smoke coming from the apartment complex on Route 66. Fire alarms are going off!
2026-08-09 08:02:26,@user6465,Southside,Anyone know why the power is out in Southside?
2026-08-09 08:03:09,@user7984,North Hills,"Car on fire on North Hills, traffic is completely stopped. Send firetrucks!"
2026-08-09 08:03:59,@user4188,Industrial District,"Lost dog found near Industrial District, please share!"
2026-08-09 08:04:56,@user2990,Westside,"Car on fire on Westside, traffic is completely stopped. Send firetrucks!"
2026-08-09 08:04:59,@user6467,Downtown,Just got the best coffee in Downtown. What a beautiful day!
2026-08-09 08:05:20,@user5808,Old Town,Cyclist hit by a truck at the intersection of Old Town. Looks really bad. @Medical
2026-08-09 08:05:46,@user4198,Suburbs,Terrible multi-car crash at Suburbs. At least 3 people look badly injured. Send ambulances! #accident
2026-08-09 08:06:20,@user2317,Central Park,"Explosion heard near Central Park, now there's a massive fire! People are running."
2026-08-09 08:06:52,@user3771,Westside,Is something burning in Westside? Thick black smoke in the sky.
2026-08-09 08:07:46,@user1586,Southside,Is something burning in Southside? Thick black smoke in the sky.
2026-08-09 08:08:25,@user4528,Route 66,Anyone know why the power is out in Route 66?
2026-08-09 08:09:19,@user8534,Suburbs,Terrible multi-car crash at Suburbs. At least 3 people look badly injured. Send ambulances! #accident
2026-08-09 08:09:30,@user2426,North Hills,"Heart attack suspected at the gym in North Hills. CPR in progress, where is the ambulance?!"
2026-08-09 08:10:06,@user1934,Route 66,Small electrical fire started at the bakery in Route 66. Needs putting out.
2026-08-09 08:10:09,@user3891,North Hills,"Someone collapsed on the sidewalk in North Hills, they aren't breathing! Need a medic ASAP."
2026-08-09 08:10:19,@user9137,Westside,"Explosion heard near Westside, now there's a massive fire! People are running."
2026-08-09 08:11:02,@user7136,Old Town,Building collapse in Old Town due to the fire. Paramedics and Firefighters needed immediately.
2026-08-09 08:11:27,@user9421,Old Town,Huge flames seen at the Old Town warehouse! Looks like a 3-alarm fire. #fire #emergency
2026-08-09 08:12:26,@user3050,Downtown,"Heart attack suspected at the gym in Downtown. CPR in progress, where is the ambulance?!"
2026-08-09 08:13:20,@user1526,Industrial District,Huge flames seen at the Industrial District warehouse! Looks like a 3-alarm fire. #fire #emergency
2026-08-09 08:13:24,@user8376,Old Town,Huge flames seen at the Old Town warehouse! Looks like a 3-alarm fire. #fire #emergency
2026-08-09 08:13:34,@user6580,North Hills,Major explosion at North Hills factory! Massive fire and many people injured. We need fire and medical now!
2026-08-09 08:13:35,@user3997,Main Street,Small electrical fire started at the bakery in Main Street. Needs putting out.
2026-08-09 08:13:46,@user7133,Old Town,Brush fire spreading fast near Old Town due to the high winds. @FireDept
2026-08-09 08:14:35,@user4550,Southside,Brush fire spreading fast near Southside due to the high winds. @FireDept
2026-08-09 08:14:51,@user5774,Southside,Just got the best coffee in Southside. What a beautiful day!
2026-08-09 08:15:36,@user3388,Old Town,Building collapse in Old Town due to the fire. Paramedics and Firefighters needed immediately.
2026-08-09 08:15:41,@user1925,Southside,"Someone collapsed on the sidewalk in Southside, they aren't breathing! Need a medic ASAP."
2026-08-09 08:16:13,@user6952,Downtown,Terrible multi-car crash at Downtown. At least 3 people look badly injured. Send ambulances! #accident
2026-08-09 08:17:11,@user5072,Industrial District,"Someone collapsed on the sidewalk in Industrial District, they aren't breathing! Need a medic ASAP."
2026-08-09 08:17:48,@user6903,Industrial District,Terrible multi-car crash at Industrial District. At least 3 people look badly injured. Send ambulances! #accident
2026-08-09 08:18:12,@user5075,Route 66,Cyclist hit by a truck at the intersection of Route 66. Looks really bad. @Medical
2026-08-09 08:18:50,@user6560,Westside,Traffic is terrible around Westside today. Ugh.
2026-08-09 08:19:23,@user9093,Westside,Massive food poisoning outbreak at the festival in Westside. Dozens of people need hospitalization.
2026-08-09 08:20:02,@user5385,Downtown,Smell smoke coming from the apartment complex on Downtown. Fire alarms are going off!
2026-08-09 08:20:49,@user3599,Main Street,Major explosion at Main Street factory! Massive fire and many people injured. We need fire and medical now!
2026-08-09 08:21:35,@user2640,Old Town,"Heart attack suspected at the gym in Old Town. CPR in progress, where is the ambulance?!"
2026-08-09 08:22:00,@user2386,Route 66,Smell smoke coming from the apartment complex on Route 66. Fire alarms are going off!
2026-08-09 08:22:15,@user6843,Route 66,Just got the best coffee in Route 66. What a beautiful day!
2026-08-09 08:22:28,@user4328,Main Street,Is something burning in Main Street? Thick black smoke in the sky.
2026-08-09 08:22:30,@user2143,Downtown,Small electrical fire started at the bakery in Downtown. Needs putting out.
2026-08-09 08:22:38,@user7573,Old Town,Just got the best coffee in Old Town. What a beautiful day!
2026-08-09 08:23:26,@user4952,Route 66,Pedestrian struck by a speeding car in Route 66. Needs immediate medical attention!
2026-08-09 08:24:09,@user9372,Old Town,"Heart attack suspected at the gym in Old Town. CPR in progress, where is the ambulance?!"
2026-08-09 08:25:09,@user6254,Central Park,Pedestrian struck by a speeding car in Central Park. Needs immediate medical attention!
2026-08-09 08:25:25,@user1704,Main Street,Building collapse in Main Street due to the fire. Paramedics and Firefighters needed immediately.
2026-08-09 08:25:48,@user8663,Old Town,Major explosion at Old Town factory! Massive fire and many people injured. We need fire and medical now!
2026-08-09 08:26:09,@user7214,Route 66,Cyclist hit by a truck at the intersection of Route 66. Looks really bad. @Medical
2026-08-09 08:26:33,@user7620,North Hills,Is something burning in North Hills? Thick black smoke in the sky.
2026-08-09 08:27:23,@user6241,Southside,Is something burning in Southside? Thick black smoke in the sky.
2026-08-09 08:28:07,@user9303,Westside,Roof collapsed at the construction site in Westside. Multiple workers trapped and injured.
2026-08-09 08:28:37,@user4801,Industrial District,Brush fire spreading fast near Industrial District due to the high winds. @FireDept
2026-08-09 08:29:02,@user4392,Downtown,Huge flames seen at the Downtown warehouse! Looks like a 3-alarm fire. #fire #emergency
2026-08-09 08:29:30,@user8206,Central Park,"Someone collapsed on the sidewalk in Central Park, they aren't breathing! Need a medic ASAP."
2026-08-09 08:29:53,@user2110,Old Town,Traffic is terrible around Old Town today. Ugh.
2026-08-09 08:30:50,@user6334,Central Park,"Car on fire on Central Park, traffic is completely stopped. Send firetrucks!"
2026-08-09 08:31:42,@user3418,Industrial District,Huge flames seen at the Industrial District warehouse! Looks like a 3-alarm fire. #fire #emergency
2026-08-09 08:32:32,@user7016,Main Street,Major explosion at Main Street factory! Massive fire and many people injured. We need fire and medical now!
2026-08-09 08:32:35,@user4592,Suburbs,Traffic is terrible around Suburbs today. Ugh.
2026-08-09 08:33:34,@user8972,Central Park,Anyone know why the power is out in Central Park?
2026-08-09 08:33:59,@user1328,Main Street,"Car on fire on Main Street, traffic is completely stopped. Send firetrucks!"
2026-08-09 08:34:26,@user4835,Industrial District,"Car on fire on Industrial District, traffic is completely stopped. Send firetrucks!"
2026-08-09 08:34:53,@user8428,Suburbs,Smell smoke coming from the apartment complex on Suburbs. Fire alarms are going off!
2026-08-09 08:35:38,@user7374,North Hills,Is something burning in North Hills? Thick black smoke in the sky.
2026-08-09 08:36:36,@user8653,Main Street,"Heart attack suspected at the gym in Main Street. CPR in progress, where is the ambulance?!"
2026-08-09 08:37:16,@user6186,Main Street,Small electrical fire started at the bakery in Main Street. Needs putting out.
2026-08-09 08:37:18,@user4068,Westside,Building collapse in Westside due to the fire. Paramedics and Firefighters needed immediately.
2026-08-09 08:37:50,@user9844,Route 66,Building collapse in Route 66 due to the fire. Paramedics and Firefighters needed immediately.
2026-08-09 08:38:33,@user4629,North Hills,Anyone know why the power is out in North Hills?
2026-08-09 08:39:20,@user3983,Downtown,Small electrical fire started at the bakery in Downtown. Needs putting out.
2026-08-09 08:40:19,@user2106,Industrial District,"Heart attack suspected at the gym in Industrial District. CPR in progress, where is the ambulance?!"
2026-08-09 08:40:46,@user6175,Southside,Small electrical fire started at the bakery in Southside. Needs putting out.
2026-08-09 08:41:24,@user4456,Southside,Is something burning in Southside? Thick black smoke in the sky.
2026-08-09 08:41:40,@user3579,Central Park,"Car on fire on Central Park, traffic is completely stopped. Send firetrucks!"
2026-08-09 08:42:34,@user2821,Route 66,Anyone know why the power is out in Route 66?
2026-08-09 08:43:20,@user4589,Downtown,Is something burning in Downtown? Thick black smoke in the sky.
2026-08-09 08:44:08,@user4159,Central Park,Major explosion at Central Park factory! Massive fire and many people injured. We need fire and medical now!
2026-08-09 08:44:49,@user2376,Central Park,Is something burning in Central Park? Thick black smoke in the sky.
2026-08-09 08:45:40,@user3980,Downtown,"Car on fire on Downtown, traffic is completely stopped. Send firetrucks!"
2026-08-09 08:46:05,@user7971,Downtown,Pedestrian struck by a speeding car in Downtown. Needs immediate medical attention!
2026-08-09 08:46:11,@user7143,Westside,Huge flames seen at the Westside warehouse! Looks like a 3-alarm fire. #fire #emergency
2026-08-09 08:46:43,@user4599,Old Town,Building collapse in Old Town due to the fire. Paramedics and Firefighters needed immediately.
2026-08-09 08:47:39,@user7604,Central Park,Traffic is terrible around Central Park today. Ugh.
2026-08-09 08:48:15,@user6957,Central Park,Cyclist hit by a truck at the intersection of Central Park. Looks really bad. @Medical
2026-08-09 08:48:46,@user7012,Suburbs,Cyclist hit by a truck at the intersection of Suburbs. Looks really bad. @Medical
2026-08-09 08:49:01,@user7948,Central Park,Cyclist hit by a truck at the intersection of Central Park. Looks really bad. @Medical
2026-08-09 08:49:27,@user4670,Westside,Traffic is terrible around Westside today. Ugh.
2026-08-09 08:50:02,@user7655,Central Park,Pedestrian struck by a speeding car in Central Park. Needs immediate medical attention!
2026-08-09 08:50:37,@user8133,Route 66,Anyone know why the power is out in Route 66?
2026-08-09 08:50:49,@user5588,Suburbs,Major explosion at Suburbs factory! Massive fire and many people injured. We need fire and medical now!
2026-08-09 08:50:58,@user9255,North Hills,Huge flames seen at the North Hills warehouse! Looks like a 3-alarm fire. #fire #emergency
2026-08-09 08:51:41,@user1448,Downtown,Is something burning in Downtown? Thick black smoke in the sky.
2026-08-09 08:52:24,@user3631,Industrial District,Brush fire spreading fast near Industrial District due to the high winds. @FireDept
2026-08-09 08:53:08,@user3719,Downtown,Huge flames seen at the Downtown warehouse! Looks like a 3-alarm fire. #fire #emergency
2026-08-09 08:53:58,@user5492,Southside,"Someone collapsed on the sidewalk in Southside, they aren't breathing! Need a medic ASAP."
2026-08-09 08:54:23,@user9308,Southside,Roof collapsed at the construction site in Southside. Multiple workers trapped and injured.
2026-08-09 08:55:06,@user3528,Westside,Is something burning in Westside? Thick black smoke in the sky.
2026-08-09 08:55:43,@user4117,Route 66,Terrible multi-car crash at Route 66. At least 3 people look badly injured. Send ambulances! #accident
2026-08-09 08:56:27,@user4259,Route 66,Roof collapsed at the construction site in Route 66. Multiple workers trapped and injured.
2026-08-09 08:56:33,@user6717,Westside,Brush fire spreading fast near Westside due to the high winds. @FireDept
2026-08-09 08:56:43,@user1531,Suburbs,"Lost dog found near Suburbs, please share!"
2026-08-09 08:56:56,@user5691,Westside,"Someone collapsed on the sidewalk in Westside, they aren't breathing! Need a medic ASAP."
2026-08-09 08:57:32,@user9604,Route 66,Smell smoke coming from the apartment complex on Route 66. Fire alarms are going off!
2026-08-09 08:58:30,@user1184,Main Street,Huge flames seen at the Main Street warehouse! Looks like a 3-alarm fire. #fire #emergency
2026-08-09 08:58:42,@user8101,Main Street,"Lost dog found near Main Street, please share!"
2026-08-09 08:58:48,@user8341,Suburbs,Huge flames seen at the Suburbs warehouse! Looks like a 3-alarm fire. #fire #emergency
2026-08-09 08:59:01,@user7573,Downtown,"Heart attack suspected at the gym in Downtown. CPR in progress, where is the ambulance?!"
2026-08-09 08:59:47,@user3195,North Hills,Roof collapsed at the construction site in North Hills. Multiple workers trapped and injured.
2026-08-09 09:00:18,@user1183,Downtown,"Explosion heard near Downtown, now there's a massive fire! People are running."
2026-08-09 09:01:05,@user6559,Westside,Roof collapsed at the construction site in Westside. Multiple workers trapped and injured.
2026-08-09 09:01:35,@user3361,Suburbs,Building collapse in Suburbs due to the fire. Paramedics and Firefighters needed immediately.
